Jahrgang,Geschlecht,Alter,qx
1950,Frau,0,0.026064
1950,Frau,1,0.002889
1950,Frau,2,0.00155
1950,Frau,3,0.001127
1950,Frau,4,0.001051
1950,Frau,5,0.000541
1950,Frau,6,0.000516
1950,Frau,7,0.000417
1950,Frau,8,0.000221
1950,Frau,9,0.000343
1950,Frau,10,0.000268
1950,Frau,11,0.00021
1950,Frau,12,0.000337
1950,Frau,13,0.00024
1950,Frau,14,0.000217
1950,Frau,15,0.000392
1950,Frau,16,0.000498
1950,Frau,17,0.000386
1950,Frau,18,0.000426
1950,Frau,19,0.000361
1950,Frau,20,0.000558
1950,Frau,21,0.000573
1950,Frau,22,0.000394
1950,Frau,23,0.000711
1950,Frau,24,0.000302
1950,Frau,25,0.000447
1950,Frau,26,0.000432
1950,Frau,27,0.000351
1950,Frau,28,0.000557
1950,Frau,29,0.000638
1950,Frau,30,0.000594
1950,Frau,31,0.00051
1950,Frau,32,0.000609
1950,Frau,33,0.000547
1950,Frau,34,0.000749
1950,Frau,35,0.000829
1950,Frau,36,0.000524
1950,Frau,37,0.000824
1950,Frau,38,0.001001
1950,Frau,39,0.001017
1950,Frau,40,0.001133
1950,Frau,41,0.00097
1950,Frau,42,0.001187
1950,Frau,43,0.001167
1950,Frau,44,0.001742
1950,Frau,45,0.001428
1950,Frau,46,0.001654
1950,Frau,47,0.002081
1950,Frau,48,0.001967
1950,Frau,49,0.001873
1950,Frau,50,0.001778
1950,Frau,51,0.002151
1950,Frau,52,0.002077
1950,Frau,53,0.002186
1950,Frau,54,0.002971
1950,Frau,55,0.002842
1950,Frau,56,0.003418
1950,Frau,57,0.003583
1950,Frau,58,0.003662
1950,Frau,59,0.003531
1950,Frau,60,0.003829
1950,Frau,61,0.004192
1950,Frau,62,0.004432
1950,Frau,63,0.004521
1950,Frau,64,0.005317
1950,Frau,65,0.00598
1950,Frau,66,0.006368
1950,Frau,67,0.006454
1950,Frau,68,0.007464
1950,Frau,69,0.008767
1950,Frau,70,0.009107
1950,Frau,71,0.010385
1950,Frau,72,0.01054
1950,Frau,73,0.010685
1950,Frau,74,0.011695
1950,Frau,75,0.012855
1950,Frau,76,0.014196
1950,Frau,77,0.015771
1950,Frau,78,0.017651
1950,Frau,79,0.019911
1950,Frau,80,0.022622
1950,Frau,81,0.025838
1950,Frau,82,0.029657
1950,Frau,83,0.034198
1950,Frau,84,0.039549
1950,Frau,85,0.045872
1950,Frau,86,0.053332
1950,Frau,87,0.062025
1950,Frau,88,0.072026
1950,Frau,89,0.083356
1950,Frau,90,0.095996
1950,Frau,91,0.109922
1950,Frau,92,0.125104
1950,Frau,93,0.141521
1950,Frau,94,0.159167
1950,Frau,95,0.178078
1950,Frau,96,0.198298
1950,Frau,97,0.219848
1950,Frau,98,0.2428
1950,Frau,99,0.267374
1950,Frau,100,0.293536
1950,Frau,101,0.321229
1950,Frau,102,0.350635
1950,Frau,103,0.382062
1950,Frau,104,0.415749
1950,Frau,105,0.450596
1950,Frau,106,0.486074
1950,Frau,107,0.525514
1950,Frau,108,0.566644
1950,Frau,109,0.609188
1950,Frau,110,0.652902
1950,Frau,111,0.69741
1950,Frau,112,0.742177
1950,Frau,113,0.786485
1950,Frau,114,0.829429
1950,Frau,115,0.869932
1950,Frau,116,0.906808
1950,Frau,117,0.938877
1950,Frau,118,0.965149
1950,Frau,119,0.985098
1950,Frau,120,1.0
1950,Mann,0,0.034688
1950,Mann,1,0.003632
1950,Mann,2,0.001753
1950,Mann,3,0.001071
1950,Mann,4,0.001115
1950,Mann,5,0.000934
1950,Mann,6,0.000491
1950,Mann,7,0.000957
1950,Mann,8,0.000606
1950,Mann,9,0.000514
1950,Mann,10,0.00042
1950,Mann,11,0.000408
1950,Mann,12,0.000571
1950,Mann,13,0.000473
1950,Mann,14,0.000535
1950,Mann,15,0.000579
1950,Mann,16,0.00092
1950,Mann,17,0.000766
1950,Mann,18,0.0011
1950,Mann,19,0.001644
1950,Mann,20,0.001965
1950,Mann,21,0.002021
1950,Mann,22,0.001723
1950,Mann,23,0.001398
1950,Mann,24,0.001272
1950,Mann,25,0.001628
1950,Mann,26,0.001468
1950,Mann,27,0.001138
1950,Mann,28,0.001261
1950,Mann,29,0.001111
1950,Mann,30,0.001245
1950,Mann,31,0.001251
1950,Mann,32,0.001501
1950,Mann,33,0.001174
1950,Mann,34,0.001207
1950,Mann,35,0.001162
1950,Mann,36,0.001489
1950,Mann,37,0.001697
1950,Mann,38,0.001454
1950,Mann,39,0.001755
1950,Mann,40,0.002149
1950,Mann,41,0.002145
1950,Mann,42,0.002342
1950,Mann,43,0.002035
1950,Mann,44,0.002844
1950,Mann,45,0.002372
1950,Mann,46,0.002695
1950,Mann,47,0.002909
1950,Mann,48,0.003007
1950,Mann,49,0.002863
1950,Mann,50,0.003437
1950,Mann,51,0.003718
1950,Mann,52,0.00433
1950,Mann,53,0.004208
1950,Mann,54,0.004757
1950,Mann,55,0.004606
1950,Mann,56,0.005217
1950,Mann,57,0.005852
1950,Mann,58,0.006282
1950,Mann,59,0.006897
1950,Mann,60,0.007187
1950,Mann,61,0.007385
1950,Mann,62,0.007752
1950,Mann,63,0.008687
1950,Mann,64,0.01015
1950,Mann,65,0.010321
1950,Mann,66,0.01102
1950,Mann,67,0.012129
1950,Mann,68,0.012608
1950,Mann,69,0.013462
1950,Mann,70,0.016484
1950,Mann,71,0.017192
1950,Mann,72,0.018247
1950,Mann,73,0.018798
1950,Mann,74,0.020418
1950,Mann,75,0.022259
1950,Mann,76,0.024348
1950,Mann,77,0.026745
1950,Mann,78,0.029534
1950,Mann,79,0.032785
1950,Mann,80,0.036554
1950,Mann,81,0.040994
1950,Mann,82,0.046241
1950,Mann,83,0.052433
1950,Mann,84,0.059653
1950,Mann,85,0.067927
1950,Mann,86,0.077304
1950,Mann,87,0.087953
1950,Mann,88,0.100101
1950,Mann,89,0.114015
1950,Mann,90,0.129826
1950,Mann,91,0.147587
1950,Mann,92,0.167129
1950,Mann,93,0.188257
1950,Mann,94,0.210802
1950,Mann,95,0.234463
1950,Mann,96,0.259072
1950,Mann,97,0.285152
1950,Mann,98,0.313501
1950,Mann,99,0.345062
1950,Mann,100,0.379976
1950,Mann,101,0.417915
1950,Mann,102,0.457609
1950,Mann,103,0.499272
1950,Mann,104,0.549229
1950,Mann,105,0.612089
1950,Mann,106,0.649698
1950,Mann,107,0.688393
1950,Mann,108,0.727782
1950,Mann,109,0.767322
1950,Mann,110,0.806301
1950,Mann,111,0.84385
1950,Mann,112,0.878975
1950,Mann,113,0.910641
1950,Mann,114,0.937892
1950,Mann,115,0.960008
1950,Mann,116,0.976673
1950,Mann,117,0.988092
1950,Mann,118,0.995003
1950,Mann,119,0.998538
1950,Mann,120,1.0
1951,Frau,0,0.026333
1951,Frau,1,0.002401
1951,Frau,2,0.001451
1951,Frau,3,0.00099
1951,Frau,4,0.000507
1951,Frau,5,0.00051
1951,Frau,6,0.000535
1951,Frau,7,0.00056
1951,Frau,8,0.000408
1951,Frau,9,0.000278
1951,Frau,10,0.000316
1951,Frau,11,0.000375
1951,Frau,12,0.000183
1951,Frau,13,0.000205
1951,Frau,14,0.000273
1951,Frau,15,0.00025
1951,Frau,16,0.000248
1951,Frau,17,0.000448
1951,Frau,18,0.000447
1951,Frau,19,0.000544
1951,Frau,20,0.000516
1951,Frau,21,0.000566
1951,Frau,22,0.000384
1951,Frau,23,0.000633
1951,Frau,24,0.000426
1951,Frau,25,0.000452
1951,Frau,26,0.00041
1951,Frau,27,0.000496
1951,Frau,28,0.000495
1951,Frau,29,0.000513
1951,Frau,30,0.000382
1951,Frau,31,0.000507
1951,Frau,32,0.000463
1951,Frau,33,0.000609
1951,Frau,34,0.000986
1951,Frau,35,0.000669
1951,Frau,36,0.000832
1951,Frau,37,0.000787
1951,Frau,38,0.000908
1951,Frau,39,0.000801
1951,Frau,40,0.000943
1951,Frau,41,0.000982
1951,Frau,42,0.000899
1951,Frau,43,0.001492
1951,Frau,44,0.001168
1951,Frau,45,0.001274
1951,Frau,46,0.001402
1951,Frau,47,0.001262
1951,Frau,48,0.002137
1951,Frau,49,0.00179
1951,Frau,50,0.001797
1951,Frau,51,0.001904
1951,Frau,52,0.001826
1951,Frau,53,0.002421
1951,Frau,54,0.002599
1951,Frau,55,0.003099
1951,Frau,56,0.002644
1951,Frau,57,0.003038
1951,Frau,58,0.003481
1951,Frau,59,0.003744
1951,Frau,60,0.003918
1951,Frau,61,0.004682
1951,Frau,62,0.004534
1951,Frau,63,0.00443
1951,Frau,64,0.005344
1951,Frau,65,0.005784
1951,Frau,66,0.00598
1951,Frau,67,0.006844
1951,Frau,68,0.007008
1951,Frau,69,0.008293
1951,Frau,70,0.009064
1951,Frau,71,0.008905
1951,Frau,72,0.009587
1951,Frau,73,0.010458
1951,Frau,74,0.011452
1951,Frau,75,0.012594
1951,Frau,76,0.013916
1951,Frau,77,0.015469
1951,Frau,78,0.017325
1951,Frau,79,0.019557
1951,Frau,80,0.022237
1951,Frau,81,0.025413
1951,Frau,82,0.029186
1951,Frau,83,0.033673
1951,Frau,84,0.038964
1951,Frau,85,0.045218
1951,Frau,86,0.0526
1951,Frau,87,0.061206
1951,Frau,88,0.071114
1951,Frau,89,0.082346
1951,Frau,90,0.094886
1951,Frau,91,0.108713
1951,Frau,92,0.1238
1951,Frau,93,0.140128
1951,Frau,94,0.157694
1951,Frau,95,0.176536
1951,Frau,96,0.196698
1951,Frau,97,0.218205
1951,Frau,98,0.24113
1951,Frau,99,0.265692
1951,Frau,100,0.291859
1951,Frau,101,0.319579
1951,Frau,102,0.34903
1951,Frau,103,0.380522
1951,Frau,104,0.414293
1951,Frau,105,0.44925
1951,Frau,106,0.484867
1951,Frau,107,0.524454
1951,Frau,108,0.56575
1951,Frau,109,0.608477
1951,Frau,110,0.652385
1951,Frau,111,0.697092
1951,Frau,112,0.742053
1951,Frau,113,0.786538
1951,Frau,114,0.82963
1951,Frau,115,0.870238
1951,Frau,116,0.907164
1951,Frau,117,0.939221
1951,Frau,118,0.965421
1951,Frau,119,0.98525
1951,Frau,120,1.0
1951,Mann,0,0.033984
1951,Mann,1,0.003003
1951,Mann,2,0.001859
1951,Mann,3,0.000891
1951,Mann,4,0.001348
1951,Mann,5,0.000824
1951,Mann,6,0.0008
1951,Mann,7,0.000606
1951,Mann,8,0.000388
1951,Mann,9,0.000482
1951,Mann,10,0.000418
1951,Mann,11,0.000469
1951,Mann,12,0.00037
1951,Mann,13,0.000388
1951,Mann,14,0.000409
1951,Mann,15,0.000557
1951,Mann,16,0.0007
1951,Mann,17,0.000777
1951,Mann,18,0.001322
1951,Mann,19,0.001763
1951,Mann,20,0.002339
1951,Mann,21,0.001837
1951,Mann,22,0.001579
1951,Mann,23,0.001736
1951,Mann,24,0.001398
1951,Mann,25,0.001359
1951,Mann,26,0.001533
1951,Mann,27,0.001445
1951,Mann,28,0.001482
1951,Mann,29,0.00147
1951,Mann,30,0.001261
1951,Mann,31,0.001457
1951,Mann,32,0.001259
1951,Mann,33,0.001125
1951,Mann,34,0.001219
1951,Mann,35,0.001314
1951,Mann,36,0.001552
1951,Mann,37,0.001602
1951,Mann,38,0.001692
1951,Mann,39,0.001662
1951,Mann,40,0.001879
1951,Mann,41,0.001661
1951,Mann,42,0.00196
1951,Mann,43,0.002404
1951,Mann,44,0.002211
1951,Mann,45,0.002467
1951,Mann,46,0.00248
1951,Mann,47,0.002923
1951,Mann,48,0.003036
1951,Mann,49,0.003791
1951,Mann,50,0.003039
1951,Mann,51,0.003756
1951,Mann,52,0.004004
1951,Mann,53,0.004652
1951,Mann,54,0.004237
1951,Mann,55,0.005067
1951,Mann,56,0.004711
1951,Mann,57,0.005093
1951,Mann,58,0.005616
1951,Mann,59,0.006567
1951,Mann,60,0.007221
1951,Mann,61,0.007612
1951,Mann,62,0.00761
1951,Mann,63,0.00864
1951,Mann,64,0.010295
1951,Mann,65,0.010226
1951,Mann,66,0.010849
1951,Mann,67,0.01186
1951,Mann,68,0.012512
1951,Mann,69,0.01342
1951,Mann,70,0.015149
1951,Mann,71,0.015901
1951,Mann,72,0.016962
1951,Mann,73,0.018358
1951,Mann,74,0.019953
1951,Mann,75,0.021768
1951,Mann,76,0.023828
1951,Mann,77,0.026196
1951,Mann,78,0.028953
1951,Mann,79,0.032169
1951,Mann,80,0.035895
1951,Mann,81,0.040284
1951,Mann,82,0.045475
1951,Mann,83,0.051603
1951,Mann,84,0.058753
1951,Mann,85,0.066952
1951,Mann,86,0.07625
1951,Mann,87,0.086817
1951,Mann,88,0.098879
1951,Mann,89,0.112703
1951,Mann,90,0.128425
1951,Mann,91,0.146097
1951,Mann,92,0.165559
1951,Mann,93,0.186621
1951,Mann,94,0.209121
1951,Mann,95,0.232762
1951,Mann,96,0.257381
1951,Mann,97,0.283499
1951,Mann,98,0.31191
1951,Mann,99,0.343551
1951,Mann,100,0.378567
1951,Mann,101,0.416635
1951,Mann,102,0.456496
1951,Mann,103,0.49836
1951,Mann,104,0.548501
1951,Mann,105,0.611493
1951,Mann,106,0.649433
1951,Mann,107,0.688457
1951,Mann,108,0.728161
1951,Mann,109,0.767983
1951,Mann,110,0.807196
1951,Mann,111,0.844911
1951,Mann,112,0.880121
1951,Mann,113,0.911779
1951,Mann,114,0.938931
1951,Mann,115,0.960872
1951,Mann,116,0.977315
1951,Mann,117,0.988506
1951,Mann,118,0.99522
1951,Mann,119,0.998616
1951,Mann,120,1.0
1952,Frau,0,0.024565
1952,Frau,1,0.002203
1952,Frau,2,0.001606
1952,Frau,3,0.000839
1952,Frau,4,0.000766
1952,Frau,5,0.000397
1952,Frau,6,0.000471
1952,Frau,7,0.000397
1952,Frau,8,0.000371
1952,Frau,9,0.000216
1952,Frau,10,0.000255
1952,Frau,11,0.000183
1952,Frau,12,0.000159
1952,Frau,13,0.000318
1952,Frau,14,0.000226
1952,Frau,15,0.00036
1952,Frau,16,0.000379
1952,Frau,17,0.000511
1952,Frau,18,0.000713
1952,Frau,19,0.000572
1952,Frau,20,0.000366
1952,Frau,21,0.000401
1952,Frau,22,0.00046
1952,Frau,23,0.000358
1952,Frau,24,0.000319
1952,Frau,25,0.000553
1952,Frau,26,0.000298
1952,Frau,27,0.00053
1952,Frau,28,0.000506
1952,Frau,29,0.00071
1952,Frau,30,0.000415
1952,Frau,31,0.000352
1952,Frau,32,0.000516
1952,Frau,33,0.000678
1952,Frau,34,0.00086
1952,Frau,35,0.000591
1952,Frau,36,0.000851
1952,Frau,37,0.000886
1952,Frau,38,0.00076
1952,Frau,39,0.000952
1952,Frau,40,0.000852
1952,Frau,41,0.001165
1952,Frau,42,0.001323
1952,Frau,43,0.001285
1952,Frau,44,0.001447
1952,Frau,45,0.001373
1952,Frau,46,0.001198
1952,Frau,47,0.001459
1952,Frau,48,0.001843
1952,Frau,49,0.001908
1952,Frau,50,0.001968
1952,Frau,51,0.002636
1952,Frau,52,0.002101
1952,Frau,53,0.00219
1952,Frau,54,0.002504
1952,Frau,55,0.003332
1952,Frau,56,0.002541
1952,Frau,57,0.003228
1952,Frau,58,0.003813
1952,Frau,59,0.003501
1952,Frau,60,0.00442
1952,Frau,61,0.004445
1952,Frau,62,0.004389
1952,Frau,63,0.004317
1952,Frau,64,0.005229
1952,Frau,65,0.006102
1952,Frau,66,0.006392
1952,Frau,67,0.006185
1952,Frau,68,0.007069
1952,Frau,69,0.007838
1952,Frau,70,0.009033
1952,Frau,71,0.008626
1952,Frau,72,0.00938
1952,Frau,73,0.010237
1952,Frau,74,0.011214
1952,Frau,75,0.012339
1952,Frau,76,0.013642
1952,Frau,77,0.015175
1952,Frau,78,0.017007
1952,Frau,79,0.019211
1952,Frau,80,0.021859
1952,Frau,81,0.024998
1952,Frau,82,0.028724
1952,Frau,83,0.033158
1952,Frau,84,0.038389
1952,Frau,85,0.044574
1952,Frau,86,0.051878
1952,Frau,87,0.0604
1952,Frau,88,0.070214
1952,Frau,89,0.081349
1952,Frau,90,0.093789
1952,Frau,91,0.107517
1952,Frau,92,0.12251
1952,Frau,93,0.138748
1952,Frau,94,0.156235
1952,Frau,95,0.175007
1952,Frau,96,0.195112
1952,Frau,97,0.216575
1952,Frau,98,0.239472
1952,Frau,99,0.264021
1952,Frau,100,0.290193
1952,Frau,101,0.317936
1952,Frau,102,0.347432
1952,Frau,103,0.378987
1952,Frau,104,0.41284
1952,Frau,105,0.447906
1952,Frau,106,0.483659
1952,Frau,107,0.523391
1952,Frau,108,0.564851
1952,Frau,109,0.607759
1952,Frau,110,0.65186
1952,Frau,111,0.696764
1952,Frau,112,0.741916
1952,Frau,113,0.786578
1952,Frau,114,0.829817
1952,Frau,115,0.870529
1952,Frau,116,0.907506
1952,Frau,117,0.939554
1952,Frau,118,0.965685
1952,Frau,119,0.985397
1952,Frau,120,1.0
1952,Mann,0,0.032186
1952,Mann,1,0.002364
1952,Mann,2,0.001935
1952,Mann,3,0.001179
1952,Mann,4,0.000921
1952,Mann,5,0.000926
1952,Mann,6,0.000618
1952,Mann,7,0.00069
1952,Mann,8,0.00038
1952,Mann,9,0.000624
1952,Mann,10,0.000538
1952,Mann,11,0.000505
1952,Mann,12,0.000371
1952,Mann,13,0.000414
1952,Mann,14,0.00052
1952,Mann,15,0.000709
1952,Mann,16,0.000597
1952,Mann,17,0.000935
1952,Mann,18,0.001685
1952,Mann,19,0.001739
1952,Mann,20,0.00174
1952,Mann,21,0.001812
1952,Mann,22,0.001733
1952,Mann,23,0.001478
1952,Mann,24,0.001439
1952,Mann,25,0.001635
1952,Mann,26,0.001431
1952,Mann,27,0.001227
1952,Mann,28,0.001344
1952,Mann,29,0.001129
1952,Mann,30,0.001113
1952,Mann,31,0.00106
1952,Mann,32,0.001134
1952,Mann,33,0.001081
1952,Mann,34,0.001213
1952,Mann,35,0.001264
1952,Mann,36,0.00159
1952,Mann,37,0.001477
1952,Mann,38,0.00119
1952,Mann,39,0.001514
1952,Mann,40,0.002367
1952,Mann,41,0.002037
1952,Mann,42,0.001981
1952,Mann,43,0.00187
1952,Mann,44,0.002564
1952,Mann,45,0.002146
1952,Mann,46,0.002233
1952,Mann,47,0.002934
1952,Mann,48,0.002886
1952,Mann,49,0.003316
1952,Mann,50,0.003326
1952,Mann,51,0.00328
1952,Mann,52,0.004061
1952,Mann,53,0.003942
1952,Mann,54,0.004372
1952,Mann,55,0.004868
1952,Mann,56,0.0054
1952,Mann,57,0.004745
1952,Mann,58,0.005372
1952,Mann,59,0.005967
1952,Mann,60,0.006995
1952,Mann,61,0.007497
1952,Mann,62,0.008283
1952,Mann,63,0.00787
1952,Mann,64,0.009544
1952,Mann,65,0.009422
1952,Mann,66,0.010858
1952,Mann,67,0.011795
1952,Mann,68,0.014401
1952,Mann,69,0.0141
1952,Mann,70,0.013833
1952,Mann,71,0.01535
1952,Mann,72,0.016556
1952,Mann,73,0.017929
1952,Mann,74,0.0195
1952,Mann,75,0.021288
1952,Mann,76,0.023321
1952,Mann,77,0.025658
1952,Mann,78,0.028384
1952,Mann,79,0.031566
1952,Mann,80,0.035248
1952,Mann,81,0.039587
1952,Mann,82,0.044722
1952,Mann,83,0.050786
1952,Mann,84,0.057866
1952,Mann,85,0.065989
1952,Mann,86,0.075208
1952,Mann,87,0.085693
1952,Mann,88,0.09767
1952,Mann,89,0.111404
1952,Mann,90,0.127034
1952,Mann,91,0.144617
1952,Mann,92,0.163998
1952,Mann,93,0.184993
1952,Mann,94,0.207445
1952,Mann,95,0.231065
1952,Mann,96,0.255693
1952,Mann,97,0.281846
1952,Mann,98,0.310315
1952,Mann,99,0.342033
1952,Mann,100,0.377148
1952,Mann,101,0.415343
1952,Mann,102,0.455369
1952,Mann,103,0.49743
1952,Mann,104,0.547752
1952,Mann,105,0.610875
1952,Mann,106,0.649144
1952,Mann,107,0.688494
1952,Mann,108,0.728509
1952,Mann,109,0.768613
1952,Mann,110,0.808058
1952,Mann,111,0.845938
1952,Mann,112,0.881231
1952,Mann,113,0.912881
1952,Mann,114,0.939936
1952,Mann,115,0.961705
1952,Mann,116,0.977932
1952,Mann,117,0.988901
1952,Mann,118,0.995426
1952,Mann,119,0.99869
1952,Mann,120,1.0
1953,Frau,0,0.025581
1953,Frau,1,0.00233
1953,Frau,2,0.00119
1953,Frau,3,0.000819
1953,Frau,4,0.000772
1953,Frau,5,0.000224
1953,Frau,6,0.000474
1953,Frau,7,0.000224
1953,Frau,8,0.000267
1953,Frau,9,0.000167
1953,Frau,10,0.000352
1953,Frau,11,0.000187
1953,Frau,12,0.00028
1953,Frau,13,0.000395
1953,Frau,14,0.000231
1953,Frau,15,0.000253
1953,Frau,16,0.000366
1953,Frau,17,0.0005
1953,Frau,18,0.000562
1953,Frau,19,0.000505
1953,Frau,20,0.000538
1953,Frau,21,0.000576
1953,Frau,22,0.000665
1953,Frau,23,0.00039
1953,Frau,24,0.000434
1953,Frau,25,0.000412
1953,Frau,26,0.000583
1953,Frau,27,0.000687
1953,Frau,28,0.000425
1953,Frau,29,0.000528
1953,Frau,30,0.000336
1953,Frau,31,0.000522
1953,Frau,32,0.000499
1953,Frau,33,0.000621
1953,Frau,34,0.000577
1953,Frau,35,0.000696
1953,Frau,36,0.000854
1953,Frau,37,0.000546
1953,Frau,38,0.00074
1953,Frau,39,0.000837
1953,Frau,40,0.001152
1953,Frau,41,0.001151
1953,Frau,42,0.001032
1953,Frau,43,0.001253
1953,Frau,44,0.001297
1953,Frau,45,0.001
1953,Frau,46,0.001582
1953,Frau,47,0.001405
1953,Frau,48,0.001789
1953,Frau,49,0.001971
1953,Frau,50,0.001773
1953,Frau,51,0.001818
1953,Frau,52,0.002491
1953,Frau,53,0.002237
1953,Frau,54,0.002916
1953,Frau,55,0.002945
1953,Frau,56,0.003098
1953,Frau,57,0.002825
1953,Frau,58,0.003045
1953,Frau,59,0.003409
1953,Frau,60,0.003633
1953,Frau,61,0.004133
1953,Frau,62,0.004502
1953,Frau,63,0.004885
1953,Frau,64,0.004779
1953,Frau,65,0.005648
1953,Frau,66,0.006084
1953,Frau,67,0.007006
1953,Frau,68,0.007589
1953,Frau,69,0.007862
1953,Frau,70,0.007782
1953,Frau,71,0.008438
1953,Frau,72,0.009178
1953,Frau,73,0.01002
1953,Frau,74,0.010982
1953,Frau,75,0.01209
1953,Frau,76,0.013375
1953,Frau,77,0.014887
1953,Frau,78,0.016695
1953,Frau,79,0.018873
1953,Frau,80,0.02149
1953,Frau,81,0.024591
1953,Frau,82,0.028272
1953,Frau,83,0.032653
1953,Frau,84,0.037823
1953,Frau,85,0.043941
1953,Frau,86,0.051169
1953,Frau,87,0.059605
1953,Frau,88,0.069327
1953,Frau,89,0.080365
1953,Frau,90,0.092706
1953,Frau,91,0.106335
1953,Frau,92,0.121233
1953,Frau,93,0.137383
1953,Frau,94,0.154789
1953,Frau,95,0.173492
1953,Frau,96,0.193539
1953,Frau,97,0.214958
1953,Frau,98,0.237826
1953,Frau,99,0.262361
1953,Frau,100,0.288536
1953,Frau,101,0.316303
1953,Frau,102,0.345841
1953,Frau,103,0.377458
1953,Frau,104,0.411391
1953,Frau,105,0.446563
1953,Frau,106,0.482451
1953,Frau,107,0.522325
1953,Frau,108,0.563947
1953,Frau,109,0.607034
1953,Frau,110,0.651325
1953,Frau,111,0.696424
1953,Frau,112,0.741768
1953,Frau,113,0.786604
1953,Frau,114,0.82999
1953,Frau,115,0.870808
1953,Frau,116,0.907837
1953,Frau,117,0.939876
1953,Frau,118,0.965941
1953,Frau,119,0.98554
1953,Frau,120,1.0
1953,Mann,0,0.032302
1953,Mann,1,0.002682
1953,Mann,2,0.001827
1953,Mann,3,0.001307
1953,Mann,4,0.001097
1953,Mann,5,0.000766
1953,Mann,6,0.000527
1953,Mann,7,0.000694
1953,Mann,8,0.000517
1953,Mann,9,0.000626
1953,Mann,10,0.000412
1953,Mann,11,0.000502
1953,Mann,12,0.000479
1953,Mann,13,0.000364
1953,Mann,14,0.000407
1953,Mann,15,0.000562
1953,Mann,16,0.000941
1953,Mann,17,0.000851
1953,Mann,18,0.001435
1953,Mann,19,0.002103
1953,Mann,20,0.001614
1953,Mann,21,0.002274
1953,Mann,22,0.001792
1953,Mann,23,0.001702
1953,Mann,24,0.001564
1953,Mann,25,0.00133
1953,Mann,26,0.001142
1953,Mann,27,0.001548
1953,Mann,28,0.001259
1953,Mann,29,0.001195
1953,Mann,30,0.001139
1953,Mann,31,0.001128
1953,Mann,32,0.001074
1953,Mann,33,0.001124
1953,Mann,34,0.001417
1953,Mann,35,0.001663
1953,Mann,36,0.001844
1953,Mann,37,0.001512
1953,Mann,38,0.001759
1953,Mann,39,0.002053
1953,Mann,40,0.002045
1953,Mann,41,0.002299
1953,Mann,42,0.002384
1953,Mann,43,0.002044
1953,Mann,44,0.002293
1953,Mann,45,0.002147
1953,Mann,46,0.002374
1953,Mann,47,0.002885
1953,Mann,48,0.002789
1953,Mann,49,0.003234
1953,Mann,50,0.003305
1953,Mann,51,0.003703
1953,Mann,52,0.003494
1953,Mann,53,0.003998
1953,Mann,54,0.004098
1953,Mann,55,0.004269
1953,Mann,56,0.005023
1953,Mann,57,0.005456
1953,Mann,58,0.005679
1953,Mann,59,0.006269
1953,Mann,60,0.006802
1953,Mann,61,0.007072
1953,Mann,62,0.008153
1953,Mann,63,0.008749
1953,Mann,64,0.009255
1953,Mann,65,0.009454
1953,Mann,66,0.010321
1953,Mann,67,0.012147
1953,Mann,68,0.013228
1953,Mann,69,0.013178
1953,Mann,70,0.013951
1953,Mann,71,0.014975
1953,Mann,72,0.01616
1953,Mann,73,0.017511
1953,Mann,74,0.019057
1953,Mann,75,0.020819
1953,Mann,76,0.022824
1953,Mann,77,0.025131
1953,Mann,78,0.027827
1953,Mann,79,0.030976
1953,Mann,80,0.034613
1953,Mann,81,0.038903
1953,Mann,82,0.043982
1953,Mann,83,0.049982
1953,Mann,84,0.056992
1953,Mann,85,0.06504
1953,Mann,86,0.07418
1953,Mann,87,0.084583
1953,Mann,88,0.096473
1953,Mann,89,0.110117
1953,Mann,90,0.125655
1953,Mann,91,0.143147
1953,Mann,92,0.162446
1953,Mann,93,0.183373
1953,Mann,94,0.205776
1953,Mann,95,0.229373
1953,Mann,96,0.254006
1953,Mann,97,0.280193
1953,Mann,98,0.308718
1953,Mann,99,0.34051
1953,Mann,100,0.375721
1953,Mann,101,0.41404
1953,Mann,102,0.454226
1953,Mann,103,0.496481
1953,Mann,104,0.546983
1953,Mann,105,0.610236
1953,Mann,106,0.648831
1953,Mann,107,0.688505
1953,Mann,108,0.72883
1953,Mann,109,0.769212
1953,Mann,110,0.808887
1953,Mann,111,0.846931
1953,Mann,112,0.882307
1953,Mann,113,0.913949
1953,Mann,114,0.940908
1953,Mann,115,0.962509
1953,Mann,116,0.978525
1953,Mann,117,0.989278
1953,Mann,118,0.995621
1953,Mann,119,0.998759
1953,Mann,120,1.0
1954,Frau,0,0.024083
1954,Frau,1,0.002533
1954,Frau,2,0.000904
1954,Frau,3,0.000883
1954,Frau,4,0.000616
1954,Frau,5,0.000467
1954,Frau,6,0.000369
1954,Frau,7,0.000291
1954,Frau,8,0.000358
1954,Frau,9,0.000331
1954,Frau,10,0.000165
1954,Frau,11,0.000141
1954,Frau,12,0.000188
1954,Frau,13,0.000281
1954,Frau,14,0.000373
1954,Frau,15,0.000302
1954,Frau,16,0.000321
1954,Frau,17,0.000407
1954,Frau,18,0.000397
1954,Frau,19,0.000605
1954,Frau,20,0.000623
1954,Frau,21,0.000563
1954,Frau,22,0.000414
1954,Frau,23,0.000349
1954,Frau,24,0.000457
1954,Frau,25,0.000433
1954,Frau,26,0.000664
1954,Frau,27,0.00053
1954,Frau,28,0.000588
1954,Frau,29,0.000542
1954,Frau,30,0.000705
1954,Frau,31,0.0007
1954,Frau,32,0.000512
1954,Frau,33,0.000652
1954,Frau,34,0.000768
1954,Frau,35,0.000622
1954,Frau,36,0.000735
1954,Frau,37,0.000728
1954,Frau,38,0.000902
1954,Frau,39,0.000918
1954,Frau,40,0.000819
1954,Frau,41,0.001091
1954,Frau,42,0.001172
1954,Frau,43,0.001174
1954,Frau,44,0.001254
1954,Frau,45,0.001353
1954,Frau,46,0.001099
1954,Frau,47,0.001766
1954,Frau,48,0.001589
1954,Frau,49,0.001848
1954,Frau,50,0.001378
1954,Frau,51,0.001856
1954,Frau,52,0.001881
1954,Frau,53,0.002302
1954,Frau,54,0.002701
1954,Frau,55,0.00275
1954,Frau,56,0.002905
1954,Frau,57,0.003199
1954,Frau,58,0.003556
1954,Frau,59,0.003347
1954,Frau,60,0.00373
1954,Frau,61,0.003875
1954,Frau,62,0.003907
1954,Frau,63,0.004176
1954,Frau,64,0.00571
1954,Frau,65,0.005309
1954,Frau,66,0.005706
1954,Frau,67,0.006496
1954,Frau,68,0.006611
1954,Frau,69,0.007026
1954,Frau,70,0.00761
1954,Frau,71,0.008253
1954,Frau,72,0.00898
1954,Frau,73,0.009809
1954,Frau,74,0.010756
1954,Frau,75,0.011847
1954,Frau,76,0.013114
1954,Frau,77,0.014605
1954,Frau,78,0.016391
1954,Frau,79,0.018542
1954,Frau,80,0.021129
1954,Frau,81,0.024192
1954,Frau,82,0.027828
1954,Frau,83,0.032157
1954,Frau,84,0.037268
1954,Frau,85,0.043318
1954,Frau,86,0.05047
1954,Frau,87,0.058821
1954,Frau,88,0.068452
1954,Frau,89,0.079393
1954,Frau,90,0.091636
1954,Frau,91,0.105167
1954,Frau,92,0.11997
1954,Frau,93,0.136031
1954,Frau,94,0.153357
1954,Frau,95,0.17199
1954,Frau,96,0.191979
1954,Frau,97,0.213353
1954,Frau,98,0.236191
1954,Frau,99,0.260712
1954,Frau,100,0.286889
1954,Frau,101,0.314678
1954,Frau,102,0.344258
1954,Frau,103,0.375934
1954,Frau,104,0.409946
1954,Frau,105,0.445223
1954,Frau,106,0.481243
1954,Frau,107,0.521257
1954,Frau,108,0.563039
1954,Frau,109,0.606302
1954,Frau,110,0.650782
1954,Frau,111,0.696075
1954,Frau,112,0.741607
1954,Frau,113,0.786618
1954,Frau,114,0.83015
1954,Frau,115,0.871073
1954,Frau,116,0.908155
1954,Frau,117,0.940188
1954,Frau,118,0.966189
1954,Frau,119,0.985678
1954,Frau,120,1.0
1954,Mann,0,0.02996
1954,Mann,1,0.002775
1954,Mann,2,0.001722
1954,Mann,3,0.001493
1954,Mann,4,0.000977
1954,Mann,5,0.000644
1954,Mann,6,0.000644
1954,Mann,7,0.000544
1954,Mann,8,0.000515
1954,Mann,9,0.000605
1954,Mann,10,0.000394
1954,Mann,11,0.000348
1954,Mann,12,0.000508
1954,Mann,13,0.000507
1954,Mann,14,0.00062
1954,Mann,15,0.000526
1954,Mann,16,0.001177
1954,Mann,17,0.001266
1954,Mann,18,0.001776
1954,Mann,19,0.001661
1954,Mann,20,0.002209
1954,Mann,21,0.001755
1954,Mann,22,0.001942
1954,Mann,23,0.001846
1954,Mann,24,0.001316
1954,Mann,25,0.001239
1954,Mann,26,0.001469
1954,Mann,27,0.001458
1954,Mann,28,0.001283
1954,Mann,29,0.001202
1954,Mann,30,0.001292
1954,Mann,31,0.001192
1954,Mann,32,0.001075
1954,Mann,33,0.001363
1954,Mann,34,0.001644
1954,Mann,35,0.001368
1954,Mann,36,0.001639
1954,Mann,37,0.001679
1954,Mann,38,0.002093
1954,Mann,39,0.001459
1954,Mann,40,0.001949
1954,Mann,41,0.001764
1954,Mann,42,0.001736
1954,Mann,43,0.001901
1954,Mann,44,0.00218
1954,Mann,45,0.001916
1954,Mann,46,0.002274
1954,Mann,47,0.002534
1954,Mann,48,0.002377
1954,Mann,49,0.00281
1954,Mann,50,0.003012
1954,Mann,51,0.003259
1954,Mann,52,0.003212
1954,Mann,53,0.003495
1954,Mann,54,0.004148
1954,Mann,55,0.005112
1954,Mann,56,0.004686
1954,Mann,57,0.004972
1954,Mann,58,0.005791
1954,Mann,59,0.006218
1954,Mann,60,0.006312
1954,Mann,61,0.006843
1954,Mann,62,0.007647
1954,Mann,63,0.008428
1954,Mann,64,0.009294
1954,Mann,65,0.009183
1954,Mann,66,0.011281
1954,Mann,67,0.012275
1954,Mann,68,0.012521
1954,Mann,69,0.012751
1954,Mann,70,0.013604
1954,Mann,71,0.014609
1954,Mann,72,0.015774
1954,Mann,73,0.017103
1954,Mann,74,0.018625
1954,Mann,75,0.020361
1954,Mann,76,0.022339
1954,Mann,77,0.024616
1954,Mann,78,0.027282
1954,Mann,79,0.030397
1954,Mann,80,0.033991
1954,Mann,81,0.038232
1954,Mann,82,0.043254
1954,Mann,83,0.049192
1954,Mann,84,0.056131
1954,Mann,85,0.064105
1954,Mann,86,0.073166
1954,Mann,87,0.083485
1954,Mann,88,0.095289
1954,Mann,89,0.108842
1954,Mann,90,0.124287
1954,Mann,91,0.141688
1954,Mann,92,0.160903
1954,Mann,93,0.18176
1954,Mann,94,0.204113
1954,Mann,95,0.227684
1954,Mann,96,0.252321
1954,Mann,97,0.278539
1954,Mann,98,0.307117
1954,Mann,99,0.338981
1954,Mann,100,0.374286
1954,Mann,101,0.412725
1954,Mann,102,0.453069
1954,Mann,103,0.495516
1954,Mann,104,0.546193
1954,Mann,105,0.609575
1954,Mann,106,0.648494
1954,Mann,107,0.68849
1954,Mann,108,0.729122
1954,Mann,109,0.76978
1954,Mann,110,0.809684
1954,Mann,111,0.847891
1954,Mann,112,0.883349
1954,Mann,113,0.914984
1954,Mann,114,0.941848
1954,Mann,115,0.963284
1954,Mann,116,0.979094
1954,Mann,117,0.989639
1954,Mann,118,0.995806
1954,Mann,119,0.998824
1954,Mann,120,1.0
1955,Frau,0,0.022711
1955,Frau,1,0.001755
1955,Frau,2,0.001014
1955,Frau,3,0.000754
1955,Frau,4,0.000416
1955,Frau,5,0.000511
1955,Frau,6,0.000528
1955,Frau,7,0.000498
1955,Frau,8,0.00033
1955,Frau,9,0.000211
1955,Frau,10,0.000258
1955,Frau,11,0.000257
1955,Frau,12,0.00028
1955,Frau,13,0.000232
1955,Frau,14,0.000277
1955,Frau,15,0.000548
1955,Frau,16,0.000384
1955,Frau,17,0.000554
1955,Frau,18,0.00037
1955,Frau,19,0.000672
1955,Frau,20,0.000392
1955,Frau,21,0.000635
1955,Frau,22,0.000415
1955,Frau,23,0.000392
1955,Frau,24,0.000671
1955,Frau,25,0.000451
1955,Frau,26,0.000592
1955,Frau,27,0.000377
1955,Frau,28,0.000644
1955,Frau,29,0.000474
1955,Frau,30,0.00041
1955,Frau,31,0.000488
1955,Frau,32,0.000665
1955,Frau,33,0.00064
1955,Frau,34,0.000734
1955,Frau,35,0.000786
1955,Frau,36,0.000915
1955,Frau,37,0.000678
1955,Frau,38,0.00081
1955,Frau,39,0.00077
1955,Frau,40,0.000941
1955,Frau,41,0.00127
1955,Frau,42,0.001081
1955,Frau,43,0.001354
1955,Frau,44,0.001336
1955,Frau,45,0.001201
1955,Frau,46,0.001433
1955,Frau,47,0.001587
1955,Frau,48,0.001317
1955,Frau,49,0.001977
1955,Frau,50,0.001768
1955,Frau,51,0.002181
1955,Frau,52,0.00205
1955,Frau,53,0.002224
1955,Frau,54,0.002617
1955,Frau,55,0.002688
1955,Frau,56,0.002737
1955,Frau,57,0.003437
1955,Frau,58,0.003192
1955,Frau,59,0.003522
1955,Frau,60,0.004003
1955,Frau,61,0.003385
1955,Frau,62,0.004332
1955,Frau,63,0.004688
1955,Frau,64,0.005166
1955,Frau,65,0.005544
1955,Frau,66,0.006195
1955,Frau,67,0.006279
1955,Frau,68,0.006353
1955,Frau,69,0.006869
1955,Frau,70,0.007442
1955,Frau,71,0.008074
1955,Frau,72,0.008788
1955,Frau,73,0.009603
1955,Frau,74,0.010535
1955,Frau,75,0.01161
1955,Frau,76,0.012859
1955,Frau,77,0.01433
1955,Frau,78,0.016094
1955,Frau,79,0.018218
1955,Frau,80,0.020775
1955,Frau,81,0.023802
1955,Frau,82,0.027393
1955,Frau,83,0.031671
1955,Frau,84,0.036723
1955,Frau,85,0.042706
1955,Frau,86,0.049782
1955,Frau,87,0.058049
1955,Frau,88,0.067589
1955,Frau,89,0.078434
1955,Frau,90,0.090578
1955,Frau,91,0.104012
1955,Frau,92,0.11872
1955,Frau,93,0.134693
1955,Frau,94,0.151939
1955,Frau,95,0.170501
1955,Frau,96,0.190432
1955,Frau,97,0.211761
1955,Frau,98,0.234569
1955,Frau,99,0.259074
1955,Frau,100,0.285253
1955,Frau,101,0.313062
1955,Frau,102,0.342682
1955,Frau,103,0.374416
1955,Frau,104,0.408505
1955,Frau,105,0.443884
1955,Frau,106,0.480035
1955,Frau,107,0.520187
1955,Frau,108,0.562127
1955,Frau,109,0.605564
1955,Frau,110,0.650231
1955,Frau,111,0.695715
1955,Frau,112,0.741436
1955,Frau,113,0.78662
1955,Frau,114,0.830297
1955,Frau,115,0.871326
1955,Frau,116,0.908461
1955,Frau,117,0.94049
1955,Frau,118,0.966429
1955,Frau,119,0.985813
1955,Frau,120,1.0
1955,Mann,0,0.028416
1955,Mann,1,0.002678
1955,Mann,2,0.001566
1955,Mann,3,0.000997
1955,Mann,4,0.001027
1955,Mann,5,0.000813
1955,Mann,6,0.000784
1955,Mann,7,0.000503
1955,Mann,8,0.000524
1955,Mann,9,0.000591
1955,Mann,10,0.000386
1955,Mann,11,0.000408
1955,Mann,12,0.00052
1955,Mann,13,0.000518
1955,Mann,14,0.000629
1955,Mann,15,0.000687
1955,Mann,16,0.000707
1955,Mann,17,0.001097
1955,Mann,18,0.001334
1955,Mann,19,0.001865
1955,Mann,20,0.001714
1955,Mann,21,0.001751
1955,Mann,22,0.001569
1955,Mann,23,0.001696
1955,Mann,24,0.001463
1955,Mann,25,0.001575
1955,Mann,26,0.001286
1955,Mann,27,0.001555
1955,Mann,28,0.001348
1955,Mann,29,0.001248
1955,Mann,30,0.001189
1955,Mann,31,0.001449
1955,Mann,32,0.001547
1955,Mann,33,0.001407
1955,Mann,34,0.001524
1955,Mann,35,0.0018
1955,Mann,36,0.00167
1955,Mann,37,0.00161
1955,Mann,38,0.001583
1955,Mann,39,0.00173
1955,Mann,40,0.001882
1955,Mann,41,0.002005
1955,Mann,42,0.001698
1955,Mann,43,0.002043
1955,Mann,44,0.002332
1955,Mann,45,0.002623
1955,Mann,46,0.002514
1955,Mann,47,0.002722
1955,Mann,48,0.002309
1955,Mann,49,0.002596
1955,Mann,50,0.002865
1955,Mann,51,0.003768
1955,Mann,52,0.003262
1955,Mann,53,0.003756
1955,Mann,54,0.004663
1955,Mann,55,0.004553
1955,Mann,56,0.004823
1955,Mann,57,0.005193
1955,Mann,58,0.005732
1955,Mann,59,0.005602
1955,Mann,60,0.006386
1955,Mann,61,0.006611
1955,Mann,62,0.007261
1955,Mann,63,0.007079
1955,Mann,64,0.008306
1955,Mann,65,0.011003
1955,Mann,66,0.011108
1955,Mann,67,0.011049
1955,Mann,68,0.011699
1955,Mann,69,0.012431
1955,Mann,70,0.013267
1955,Mann,71,0.014253
1955,Mann,72,0.015397
1955,Mann,73,0.016704
1955,Mann,74,0.018202
1955,Mann,75,0.019914
1955,Mann,76,0.021864
1955,Mann,77,0.024112
1955,Mann,78,0.026748
1955,Mann,79,0.02983
1955,Mann,80,0.033381
1955,Mann,81,0.037573
1955,Mann,82,0.04254
1955,Mann,83,0.048414
1955,Mann,84,0.055284
1955,Mann,85,0.063182
1955,Mann,86,0.072164
1955,Mann,87,0.082401
1955,Mann,88,0.094117
1955,Mann,89,0.107579
1955,Mann,90,0.122931
1955,Mann,91,0.14024
1955,Mann,92,0.15937
1955,Mann,93,0.180156
1955,Mann,94,0.202457
1955,Mann,95,0.226001
1955,Mann,96,0.25064
1955,Mann,97,0.276886
1955,Mann,98,0.305515
1955,Mann,99,0.337448
1955,Mann,100,0.372843
1955,Mann,101,0.411399
1955,Mann,102,0.451898
1955,Mann,103,0.494533
1955,Mann,104,0.545385
1955,Mann,105,0.608894
1955,Mann,106,0.648134
1955,Mann,107,0.68845
1955,Mann,108,0.729386
1955,Mann,109,0.77032
1955,Mann,110,0.810451
1955,Mann,111,0.848819
1955,Mann,112,0.884358
1955,Mann,113,0.915987
1955,Mann,114,0.942758
1955,Mann,115,0.964032
1955,Mann,116,0.979641
1955,Mann,117,0.989983
1955,Mann,118,0.995981
1955,Mann,119,0.998885
1955,Mann,120,1.0
1956,Frau,0,0.022623
1956,Frau,1,0.002041
1956,Frau,2,0.001018
1956,Frau,3,0.000906
1956,Frau,4,0.000714
1956,Frau,5,0.000706
1956,Frau,6,0.000627
1956,Frau,7,0.000393
1956,Frau,8,0.000207
1956,Frau,9,0.00023
1956,Frau,10,0.000298
1956,Frau,11,0.000251
1956,Frau,12,0.000205
1956,Frau,13,0.000204
1956,Frau,14,0.000247
1956,Frau,15,0.00038
1956,Frau,16,0.00033
1956,Frau,17,0.000348
1956,Frau,18,0.0005
1956,Frau,19,0.000459
1956,Frau,20,0.000395
1956,Frau,21,0.000351
1956,Frau,22,0.000634
1956,Frau,23,0.000499
1956,Frau,24,0.000538
1956,Frau,25,0.00051
1956,Frau,26,0.000524
1956,Frau,27,0.000581
1956,Frau,28,0.000474
1956,Frau,29,0.000531
1956,Frau,30,0.000446
1956,Frau,31,0.000542
1956,Frau,32,0.000577
1956,Frau,33,0.000335
1956,Frau,34,0.000584
1956,Frau,35,0.000552
1956,Frau,36,0.000814
1956,Frau,37,0.000697
1956,Frau,38,0.000695
1956,Frau,39,0.000619
1956,Frau,40,0.000884
1956,Frau,41,0.000678
1956,Frau,42,0.001
1956,Frau,43,0.001302
1956,Frau,44,0.001001
1956,Frau,45,0.001451
1956,Frau,46,0.001355
1956,Frau,47,0.001863
1956,Frau,48,0.00162
1956,Frau,49,0.002209
1956,Frau,50,0.001931
1956,Frau,51,0.001763
1956,Frau,52,0.002216
1956,Frau,53,0.002312
1956,Frau,54,0.002338
1956,Frau,55,0.002916
1956,Frau,56,0.002428
1956,Frau,57,0.002588
1956,Frau,58,0.003192
1956,Frau,59,0.003266
1956,Frau,60,0.00348
1956,Frau,61,0.003802
1956,Frau,62,0.004115
1956,Frau,63,0.004296
1956,Frau,64,0.005403
1956,Frau,65,0.005599
1956,Frau,66,0.005849
1956,Frau,67,0.00576
1956,Frau,68,0.006211
1956,Frau,69,0.006717
1956,Frau,70,0.007278
1956,Frau,71,0.007898
1956,Frau,72,0.0086
1956,Frau,73,0.009401
1956,Frau,74,0.010319
1956,Frau,75,0.011378
1956,Frau,76,0.012609
1956,Frau,77,0.014062
1956,Frau,78,0.015803
1956,Frau,79,0.017902
1956,Frau,80,0.020429
1956,Frau,81,0.02342
1956,Frau,82,0.026966
1956,Frau,83,0.031193
1956,Frau,84,0.036188
1956,Frau,85,0.042105
1956,Frau,86,0.049105
1956,Frau,87,0.057289
1956,Frau,88,0.066738
1956,Frau,89,0.077487
1956,Frau,90,0.089534
1956,Frau,91,0.10287
1956,Frau,92,0.117484
1956,Frau,93,0.133369
1956,Frau,94,0.150534
1956,Frau,95,0.169026
1956,Frau,96,0.188898
1956,Frau,97,0.210182
1956,Frau,98,0.232959
1956,Frau,99,0.257447
1956,Frau,100,0.283627
1956,Frau,101,0.311455
1956,Frau,102,0.341113
1956,Frau,103,0.372905
1956,Frau,104,0.407068
1956,Frau,105,0.442548
1956,Frau,106,0.478827
1956,Frau,107,0.519115
1956,Frau,108,0.56121
1956,Frau,109,0.604821
1956,Frau,110,0.649672
1956,Frau,111,0.695346
1956,Frau,112,0.741253
1956,Frau,113,0.786609
1956,Frau,114,0.830432
1956,Frau,115,0.871567
1956,Frau,116,0.908756
1956,Frau,117,0.940782
1956,Frau,118,0.966662
1956,Frau,119,0.985943
1956,Frau,120,1.0
1956,Mann,0,0.028378
1956,Mann,1,0.002622
1956,Mann,2,0.001412
1956,Mann,3,0.00122
1956,Mann,4,0.001062
1956,Mann,5,0.000671
1956,Mann,6,0.000798
1956,Mann,7,0.00055
1956,Mann,8,0.000373
1956,Mann,9,0.00035
1956,Mann,10,0.000502
1956,Mann,11,0.0005
1956,Mann,12,0.000498
1956,Mann,13,0.000604
1956,Mann,14,0.00056
1956,Mann,15,0.000668
1956,Mann,16,0.000794
1956,Mann,17,0.00077
1956,Mann,18,0.001846
1956,Mann,19,0.001478
1956,Mann,20,0.002042
1956,Mann,21,0.001701
1956,Mann,22,0.00181
1956,Mann,23,0.001773
1956,Mann,24,0.001906
1956,Mann,25,0.001362
1956,Mann,26,0.001397
1956,Mann,27,0.001357
1956,Mann,28,0.001074
1956,Mann,29,0.000978
1956,Mann,30,0.001082
1956,Mann,31,0.001375
1956,Mann,32,0.00139
1956,Mann,33,0.001462
1956,Mann,34,0.001672
1956,Mann,35,0.001517
1956,Mann,36,0.001542
1956,Mann,37,0.001798
1956,Mann,38,0.001721
1956,Mann,39,0.001869
1956,Mann,40,0.001448
1956,Mann,41,0.001653
1956,Mann,42,0.00166
1956,Mann,43,0.001974
1956,Mann,44,0.001673
1956,Mann,45,0.002307
1956,Mann,46,0.002234
1956,Mann,47,0.002558
1956,Mann,48,0.002633
1956,Mann,49,0.002311
1956,Mann,50,0.003134
1956,Mann,51,0.003316
1956,Mann,52,0.003148
1956,Mann,53,0.003989
1956,Mann,54,0.003716
1956,Mann,55,0.004523
1956,Mann,56,0.004543
1956,Mann,57,0.004544
1956,Mann,58,0.00593
1956,Mann,59,0.005813
1956,Mann,60,0.005964
1956,Mann,61,0.006989
1956,Mann,62,0.006648
1956,Mann,63,0.007737
1956,Mann,64,0.009535
1956,Mann,65,0.00994
1956,Mann,66,0.010452
1956,Mann,67,0.010734
1956,Mann,68,0.011402
1956,Mann,69,0.012119
1956,Mann,70,0.012938
1956,Mann,71,0.013906
1956,Mann,72,0.01503
1956,Mann,73,0.016315
1956,Mann,74,0.01779
1956,Mann,75,0.019477
1956,Mann,76,0.0214
1956,Mann,77,0.02362
1956,Mann,78,0.026226
1956,Mann,79,0.029275
1956,Mann,80,0.032783
1956,Mann,81,0.036926
1956,Mann,82,0.041838
1956,Mann,83,0.047649
1956,Mann,84,0.054449
1956,Mann,85,0.062272
1956,Mann,86,0.071175
1956,Mann,87,0.081329
1956,Mann,88,0.092958
1956,Mann,89,0.106329
1956,Mann,90,0.121586
1956,Mann,91,0.138802
1956,Mann,92,0.157847
1956,Mann,93,0.178561
1956,Mann,94,0.200807
1956,Mann,95,0.224322
1956,Mann,96,0.248961
1956,Mann,97,0.275233
1956,Mann,98,0.30391
1956,Mann,99,0.33591
1956,Mann,100,0.371392
1956,Mann,101,0.410063
1956,Mann,102,0.450714
1956,Mann,103,0.493534
1956,Mann,104,0.544558
1956,Mann,105,0.608193
1956,Mann,106,0.647752
1956,Mann,107,0.688385
1956,Mann,108,0.729624
1956,Mann,109,0.770831
1956,Mann,110,0.811187
1956,Mann,111,0.849716
1956,Mann,112,0.885336
1956,Mann,113,0.916958
1956,Mann,114,0.943639
1956,Mann,115,0.964755
1956,Mann,116,0.980167
1956,Mann,117,0.990312
1956,Mann,118,0.996147
1956,Mann,119,0.998942
1956,Mann,120,1.0
1957,Frau,0,0.019131
1957,Frau,1,0.001769
1957,Frau,2,0.00142
1957,Frau,3,0.000808
1957,Frau,4,0.000709
1957,Frau,5,0.000905
1957,Frau,6,0.00036
1957,Frau,7,0.000359
1957,Frau,8,0.000179
1957,Frau,9,0.000223
1957,Frau,10,0.0002
1957,Frau,11,0.0002
1957,Frau,12,0.000287
1957,Frau,13,0.000329
1957,Frau,14,0.000416
1957,Frau,15,0.000563
1957,Frau,16,0.000279
1957,Frau,17,0.000622
1957,Frau,18,0.000646
1957,Frau,19,0.000476
1957,Frau,20,0.000194
1957,Frau,21,0.000495
1957,Frau,22,0.000684
1957,Frau,23,0.000679
1957,Frau,24,0.000587
1957,Frau,25,0.000724
1957,Frau,26,0.00045
1957,Frau,27,0.000446
1957,Frau,28,0.000683
1957,Frau,29,0.000537
1957,Frau,30,0.000453
1957,Frau,31,0.000546
1957,Frau,32,0.000693
1957,Frau,33,0.00055
1957,Frau,34,0.000634
1957,Frau,35,0.000685
1957,Frau,36,0.000515
1957,Frau,37,0.000881
1957,Frau,38,0.001173
1957,Frau,39,0.000752
1957,Frau,40,0.000847
1957,Frau,41,0.000923
1957,Frau,42,0.001089
1957,Frau,43,0.00116
1957,Frau,44,0.001045
1957,Frau,45,0.001097
1957,Frau,46,0.001535
1957,Frau,47,0.001225
1957,Frau,48,0.001739
1957,Frau,49,0.001795
1957,Frau,50,0.001521
1957,Frau,51,0.001574
1957,Frau,52,0.002121
1957,Frau,53,0.00235
1957,Frau,54,0.002393
1957,Frau,55,0.002618
1957,Frau,56,0.002585
1957,Frau,57,0.002741
1957,Frau,58,0.003124
1957,Frau,59,0.003293
1957,Frau,60,0.003168
1957,Frau,61,0.004299
1957,Frau,62,0.00421
1957,Frau,63,0.004544
1957,Frau,64,0.005334
1957,Frau,65,0.005289
1957,Frau,66,0.005235
1957,Frau,67,0.005631
1957,Frau,68,0.006072
1957,Frau,69,0.006567
1957,Frau,70,0.007118
1957,Frau,71,0.007727
1957,Frau,72,0.008417
1957,Frau,73,0.009205
1957,Frau,74,0.010108
1957,Frau,75,0.011152
1957,Frau,76,0.012366
1957,Frau,77,0.013799
1957,Frau,78,0.015518
1957,Frau,79,0.017592
1957,Frau,80,0.020091
1957,Frau,81,0.023045
1957,Frau,82,0.026548
1957,Frau,83,0.030725
1957,Frau,84,0.035662
1957,Frau,85,0.041513
1957,Frau,86,0.048439
1957,Frau,87,0.05654
1957,Frau,88,0.065899
1957,Frau,89,0.076553
1957,Frau,90,0.088502
1957,Frau,91,0.101741
1957,Frau,92,0.116261
1957,Frau,93,0.132058
1957,Frau,94,0.149143
1957,Frau,95,0.167565
1957,Frau,96,0.187377
1957,Frau,97,0.208615
1957,Frau,98,0.231361
1957,Frau,99,0.255832
1957,Frau,100,0.282011
1957,Frau,101,0.309858
1957,Frau,102,0.339553
1957,Frau,103,0.371399
1957,Frau,104,0.405636
1957,Frau,105,0.441215
1957,Frau,106,0.47762
1957,Frau,107,0.518042
1957,Frau,108,0.560291
1957,Frau,109,0.604071
1957,Frau,110,0.649105
1957,Frau,111,0.694967
1957,Frau,112,0.741059
1957,Frau,113,0.786587
1957,Frau,114,0.830555
1957,Frau,115,0.871795
1957,Frau,116,0.90904
1957,Frau,117,0.941064
1957,Frau,118,0.966888
1957,Frau,119,0.986069
1957,Frau,120,1.0
1957,Mann,0,0.024673
1957,Mann,1,0.001924
1957,Mann,2,0.00131
1957,Mann,3,0.001122
1957,Mann,4,0.000895
1957,Mann,5,0.000628
1957,Mann,6,0.000667
1957,Mann,7,0.000493
1957,Mann,8,0.000514
1957,Mann,9,0.000555
1957,Mann,10,0.000404
1957,Mann,11,0.000509
1957,Mann,12,0.000677
1957,Mann,13,0.000423
1957,Mann,14,0.000634
1957,Mann,15,0.00078
1957,Mann,16,0.000864
1957,Mann,17,0.000888
1957,Mann,18,0.001342
1957,Mann,19,0.001569
1957,Mann,20,0.001515
1957,Mann,21,0.001998
1957,Mann,22,0.00173
1957,Mann,23,0.002076
1957,Mann,24,0.001542
1957,Mann,25,0.001659
1957,Mann,26,0.001474
1957,Mann,27,0.001533
1957,Mann,28,0.001111
1957,Mann,29,0.000917
1957,Mann,30,0.001495
1957,Mann,31,0.00151
1957,Mann,32,0.001501
1957,Mann,33,0.001524
1957,Mann,34,0.001778
1957,Mann,35,0.001746
1957,Mann,36,0.001295
1957,Mann,37,0.001797
1957,Mann,38,0.001764
1957,Mann,39,0.00179
1957,Mann,40,0.001784
1957,Mann,41,0.002021
1957,Mann,42,0.001921
1957,Mann,43,0.001997
1957,Mann,44,0.001873
1957,Mann,45,0.002338
1957,Mann,46,0.001947
1957,Mann,47,0.002611
1957,Mann,48,0.002471
1957,Mann,49,0.002476
1957,Mann,50,0.003102
1957,Mann,51,0.003056
1957,Mann,52,0.003344
1957,Mann,53,0.004071
1957,Mann,54,0.003669
1957,Mann,55,0.004198
1957,Mann,56,0.004767
1957,Mann,57,0.004879
1957,Mann,58,0.004947
1957,Mann,59,0.005174
1957,Mann,60,0.005941
1957,Mann,61,0.006678
1957,Mann,62,0.007105
1957,Mann,63,0.008727
1957,Mann,64,0.009374
1957,Mann,65,0.009503
1957,Mann,66,0.009825
1957,Mann,67,0.01046
1957,Mann,68,0.011113
1957,Mann,69,0.011815
1957,Mann,70,0.012617
1957,Mann,71,0.013567
1957,Mann,72,0.014672
1957,Mann,73,0.015936
1957,Mann,74,0.017388
1957,Mann,75,0.01905
1957,Mann,76,0.020947
1957,Mann,77,0.023138
1957,Mann,78,0.025715
1957,Mann,79,0.028731
1957,Mann,80,0.032197
1957,Mann,81,0.036292
1957,Mann,82,0.041148
1957,Mann,83,0.046897
1957,Mann,84,0.053628
1957,Mann,85,0.061376
1957,Mann,86,0.0702
1957,Mann,87,0.08027
1957,Mann,88,0.091812
1957,Mann,89,0.10509
1957,Mann,90,0.120253
1957,Mann,91,0.137376
1957,Mann,92,0.156334
1957,Mann,93,0.176974
1957,Mann,94,0.199165
1957,Mann,95,0.222649
1957,Mann,96,0.247286
1957,Mann,97,0.273581
1957,Mann,98,0.302304
1957,Mann,99,0.334367
1957,Mann,100,0.369934
1957,Mann,101,0.408717
1957,Mann,102,0.449516
1957,Mann,103,0.49252
1957,Mann,104,0.543712
1957,Mann,105,0.607472
1957,Mann,106,0.647347
1957,Mann,107,0.688296
1957,Mann,108,0.729836
1957,Mann,109,0.771313
1957,Mann,110,0.811894
1957,Mann,111,0.850582
1957,Mann,112,0.886282
1957,Mann,113,0.917899
1957,Mann,114,0.944491
1957,Mann,115,0.965451
1957,Mann,116,0.980673
1957,Mann,117,0.990627
1957,Mann,118,0.996305
1957,Mann,119,0.998996
1957,Mann,120,1.0
1958,Frau,0,0.019283
1958,Frau,1,0.00175
1958,Frau,2,0.001009
1958,Frau,3,0.000909
1958,Frau,4,0.000832
1958,Frau,5,0.000492
1958,Frau,6,0.000357
1958,Frau,7,0.000446
1958,Frau,8,0.000512
1958,Frau,9,0.000266
1958,Frau,10,0.000398
1958,Frau,11,0.000286
1958,Frau,12,0.000154
1958,Frau,13,0.000307
1958,Frau,14,0.00035
1958,Frau,15,0.000413
1958,Frau,16,0.000348
1958,Frau,17,0.000502
1958,Frau,18,0.000438
1958,Frau,19,0.000459
1958,Frau,20,0.00061
1958,Frau,21,0.000476
1958,Frau,22,0.000344
1958,Frau,23,0.000592
1958,Frau,24,0.000438
1958,Frau,25,0.000352
1958,Frau,26,0.000511
1958,Frau,27,0.000526
1958,Frau,28,0.00026
1958,Frau,29,0.000315
1958,Frau,30,0.000564
1958,Frau,31,0.000577
1958,Frau,32,0.000531
1958,Frau,33,0.000818
1958,Frau,34,0.000718
1958,Frau,35,0.000914
1958,Frau,36,0.000765
1958,Frau,37,0.000818
1958,Frau,38,0.000691
1958,Frau,39,0.00091
1958,Frau,40,0.000766
1958,Frau,41,0.001094
1958,Frau,42,0.000911
1958,Frau,43,0.000998
1958,Frau,44,0.001103
1958,Frau,45,0.001246
1958,Frau,46,0.00121
1958,Frau,47,0.001192
1958,Frau,48,0.001337
1958,Frau,49,0.00139
1958,Frau,50,0.001765
1958,Frau,51,0.001871
1958,Frau,52,0.002035
1958,Frau,53,0.002307
1958,Frau,54,0.002328
1958,Frau,55,0.002692
1958,Frau,56,0.002642
1958,Frau,57,0.00265
1958,Frau,58,0.00303
1958,Frau,59,0.003328
1958,Frau,60,0.003339
1958,Frau,61,0.00367
1958,Frau,62,0.004384
1958,Frau,63,0.00485
1958,Frau,64,0.004626
1958,Frau,65,0.004757
1958,Frau,66,0.005117
1958,Frau,67,0.005504
1958,Frau,68,0.005936
1958,Frau,69,0.006422
1958,Frau,70,0.006962
1958,Frau,71,0.00756
1958,Frau,72,0.008238
1958,Frau,73,0.009013
1958,Frau,74,0.009902
1958,Frau,75,0.010931
1958,Frau,76,0.012128
1958,Frau,77,0.013543
1958,Frau,78,0.015241
1958,Frau,79,0.017289
1958,Frau,80,0.01976
1958,Frau,81,0.022679
1958,Frau,82,0.026139
1958,Frau,83,0.030265
1958,Frau,84,0.035145
1958,Frau,85,0.040931
1958,Frau,86,0.047783
1958,Frau,87,0.055802
1958,Frau,88,0.065071
1958,Frau,89,0.075631
1958,Frau,90,0.087483
1958,Frau,91,0.100625
1958,Frau,92,0.115052
1958,Frau,93,0.13076
1958,Frau,94,0.147766
1958,Frau,95,0.166117
1958,Frau,96,0.18587
1958,Frau,97,0.207062
1958,Frau,98,0.229775
1958,Frau,99,0.254228
1958,Frau,100,0.280405
1958,Frau,101,0.308269
1958,Frau,102,0.338
1958,Frau,103,0.3699
1958,Frau,104,0.404208
1958,Frau,105,0.439884
1958,Frau,106,0.476414
1958,Frau,107,0.516968
1958,Frau,108,0.559367
1958,Frau,109,0.603317
1958,Frau,110,0.648531
1958,Frau,111,0.69458
1958,Frau,112,0.740856
1958,Frau,113,0.786554
1958,Frau,114,0.830666
1958,Frau,115,0.872012
1958,Frau,116,0.909313
1958,Frau,117,0.941338
1958,Frau,118,0.967107
1958,Frau,119,0.986191
1958,Frau,120,1.0
1958,Mann,0,0.024922
1958,Mann,1,0.002358
1958,Mann,2,0.001465
1958,Mann,3,0.001
1958,Mann,4,0.000927
1958,Mann,5,0.000986
1958,Mann,6,0.000663
1958,Mann,7,0.000449
1958,Mann,8,0.000448
1958,Mann,9,0.000425
1958,Mann,10,0.000424
1958,Mann,11,0.000254
1958,Mann,12,0.000275
1958,Mann,13,0.000613
1958,Mann,14,0.000549
1958,Mann,15,0.000865
1958,Mann,16,0.000931
1958,Mann,17,0.000937
1958,Mann,18,0.001545
1958,Mann,19,0.001834
1958,Mann,20,0.001497
1958,Mann,21,0.001606
1958,Mann,22,0.001506
1958,Mann,23,0.001803
1958,Mann,24,0.001609
1958,Mann,25,0.001632
1958,Mann,26,0.00126
1958,Mann,27,0.001241
1958,Mann,28,0.001435
1958,Mann,29,0.001352
1958,Mann,30,0.001366
1958,Mann,31,0.001581
1958,Mann,32,0.001886
1958,Mann,33,0.002054
1958,Mann,34,0.001754
1958,Mann,35,0.001649
1958,Mann,36,0.001744
1958,Mann,37,0.001673
1958,Mann,38,0.001471
1958,Mann,39,0.001564
1958,Mann,40,0.001536
1958,Mann,41,0.001627
1958,Mann,42,0.002003
1958,Mann,43,0.001899
1958,Mann,44,0.001667
1958,Mann,45,0.002385
1958,Mann,46,0.002177
1958,Mann,47,0.002531
1958,Mann,48,0.002567
1958,Mann,49,0.002387
1958,Mann,50,0.002852
1958,Mann,51,0.003059
1958,Mann,52,0.003025
1958,Mann,53,0.00364
1958,Mann,54,0.004084
1958,Mann,55,0.004057
1958,Mann,56,0.004616
1958,Mann,57,0.004076
1958,Mann,58,0.004733
1958,Mann,59,0.005896
1958,Mann,60,0.005665
1958,Mann,61,0.006637
1958,Mann,62,0.007446
1958,Mann,63,0.007463
1958,Mann,64,0.008734
1958,Mann,65,0.008953
1958,Mann,66,0.009572
1958,Mann,67,0.010194
1958,Mann,68,0.010832
1958,Mann,69,0.011518
1958,Mann,70,0.012305
1958,Mann,71,0.013237
1958,Mann,72,0.014322
1958,Mann,73,0.015566
1958,Mann,74,0.016995
1958,Mann,75,0.018632
1958,Mann,76,0.020504
1958,Mann,77,0.022667
1958,Mann,78,0.025214
1958,Mann,79,0.028199
1958,Mann,80,0.031622
1958,Mann,81,0.035669
1958,Mann,82,0.04047
1958,Mann,83,0.046157
1958,Mann,84,0.052819
1958,Mann,85,0.060492
1958,Mann,86,0.069237
1958,Mann,87,0.079224
1958,Mann,88,0.090678
1958,Mann,89,0.103864
1958,Mann,90,0.118932
1958,Mann,91,0.13596
1958,Mann,92,0.154831
1958,Mann,93,0.175395
1958,Mann,94,0.19753
1958,Mann,95,0.220981
1958,Mann,96,0.245614
1958,Mann,97,0.271931
1958,Mann,98,0.300698
1958,Mann,99,0.332821
1958,Mann,100,0.36847
1958,Mann,101,0.407361
1958,Mann,102,0.448307
1958,Mann,103,0.49149
1958,Mann,104,0.542849
1958,Mann,105,0.606732
1958,Mann,106,0.646922
1958,Mann,107,0.688183
1958,Mann,108,0.730022
1958,Mann,109,0.771769
1958,Mann,110,0.812572
1958,Mann,111,0.851419
1958,Mann,112,0.887199
1958,Mann,113,0.918811
1958,Mann,114,0.945315
1958,Mann,115,0.966124
1958,Mann,116,0.981159
1958,Mann,117,0.990927
1958,Mann,118,0.996454
1958,Mann,119,0.999047
1958,Mann,120,1.0
1959,Frau,0,0.018287
1959,Frau,1,0.001493
1959,Frau,2,0.0011
1959,Frau,3,0.000623
1959,Frau,4,0.000664
1959,Frau,5,0.000309
1959,Frau,6,0.000485
1959,Frau,7,0.000198
1959,Frau,8,0.00035
1959,Frau,9,0.000196
1959,Frau,10,0.000391
1959,Frau,11,0.000216
1959,Frau,12,0.00026
1959,Frau,13,0.00026
1959,Frau,14,0.000345
1959,Frau,15,0.000302
1959,Frau,16,0.000455
1959,Frau,17,0.000435
1959,Frau,18,0.000347
1959,Frau,19,0.000325
1959,Frau,20,0.000689
1959,Frau,21,0.000532
1959,Frau,22,0.000522
1959,Frau,23,0.000556
1959,Frau,24,0.000592
1959,Frau,25,0.000404
1959,Frau,26,0.000679
1959,Frau,27,0.00067
1959,Frau,28,0.000368
1959,Frau,29,0.000613
1959,Frau,30,0.000736
1959,Frau,31,0.000704
1959,Frau,32,0.00081
1959,Frau,33,0.000482
1959,Frau,34,0.000742
1959,Frau,35,0.000808
1959,Frau,36,0.000772
1959,Frau,37,0.000439
1959,Frau,38,0.000739
1959,Frau,39,0.000916
1959,Frau,40,0.000564
1959,Frau,41,0.000774
1959,Frau,42,0.000771
1959,Frau,43,0.001291
1959,Frau,44,0.001062
1959,Frau,45,0.001095
1959,Frau,46,0.001562
1959,Frau,47,0.001215
1959,Frau,48,0.001698
1959,Frau,49,0.001399
1959,Frau,50,0.001673
1959,Frau,51,0.001571
1959,Frau,52,0.001968
1959,Frau,53,0.001934
1959,Frau,54,0.002315
1959,Frau,55,0.002751
1959,Frau,56,0.002532
1959,Frau,57,0.00289
1959,Frau,58,0.003208
1959,Frau,59,0.00311
1959,Frau,60,0.003207
1959,Frau,61,0.003824
1959,Frau,62,0.003751
1959,Frau,63,0.004092
1959,Frau,64,0.004302
1959,Frau,65,0.00465
1959,Frau,66,0.005001
1959,Frau,67,0.005381
1959,Frau,68,0.005803
1959,Frau,69,0.00628
1959,Frau,70,0.00681
1959,Frau,71,0.007397
1959,Frau,72,0.008063
1959,Frau,73,0.008825
1959,Frau,74,0.009701
1959,Frau,75,0.010715
1959,Frau,76,0.011896
1959,Frau,77,0.013292
1959,Frau,78,0.014969
1959,Frau,79,0.016993
1959,Frau,80,0.019436
1959,Frau,81,0.02232
1959,Frau,82,0.025737
1959,Frau,83,0.029814
1959,Frau,84,0.034637
1959,Frau,85,0.040359
1959,Frau,86,0.047138
1959,Frau,87,0.055075
1959,Frau,88,0.064255
1959,Frau,89,0.074721
1959,Frau,90,0.086476
1959,Frau,91,0.099522
1959,Frau,92,0.113856
1959,Frau,93,0.129476
1959,Frau,94,0.146401
1959,Frau,95,0.164682
1959,Frau,96,0.184375
1959,Frau,97,0.20552
1959,Frau,98,0.228201
1959,Frau,99,0.252635
1959,Frau,100,0.278811
1959,Frau,101,0.306691
1959,Frau,102,0.336456
1959,Frau,103,0.368408
1959,Frau,104,0.402785
1959,Frau,105,0.438557
1959,Frau,106,0.475209
1959,Frau,107,0.515892
1959,Frau,108,0.558441
1959,Frau,109,0.602557
1959,Frau,110,0.64795
1959,Frau,111,0.694183
1959,Frau,112,0.740642
1959,Frau,113,0.786509
1959,Frau,114,0.830766
1959,Frau,115,0.872217
1959,Frau,116,0.909576
1959,Frau,117,0.941602
1959,Frau,118,0.96732
1959,Frau,119,0.98631
1959,Frau,120,1.0
1959,Mann,0,0.02546
1959,Mann,1,0.001858
1959,Mann,2,0.00129
1959,Mann,3,0.001536
1959,Mann,4,0.00085
1959,Mann,5,0.000678
1959,Mann,6,0.000761
1959,Mann,7,0.000696
1959,Mann,8,0.000546
1959,Mann,9,0.000586
1959,Mann,10,0.000438
1959,Mann,11,0.000417
1959,Mann,12,0.000375
1959,Mann,13,0.00027
1959,Mann,14,0.000623
1959,Mann,15,0.000708
1959,Mann,16,0.000754
1959,Mann,17,0.000822
1959,Mann,18,0.00129
1959,Mann,19,0.001786
1959,Mann,20,0.002215
1959,Mann,21,0.001635
1959,Mann,22,0.001849
1959,Mann,23,0.001805
1959,Mann,24,0.001543
1959,Mann,25,0.001623
1959,Mann,26,0.00144
1959,Mann,27,0.001746
1959,Mann,28,0.001676
1959,Mann,29,0.001454
1959,Mann,30,0.001793
1959,Mann,31,0.001492
1959,Mann,32,0.001486
1959,Mann,33,0.001815
1959,Mann,34,0.001468
1959,Mann,35,0.00156
1959,Mann,36,0.001507
1959,Mann,37,0.001425
1959,Mann,38,0.001294
1959,Mann,39,0.001334
1959,Mann,40,0.00168
1959,Mann,41,0.001513
1959,Mann,42,0.001599
1959,Mann,43,0.001614
1959,Mann,44,0.001903
1959,Mann,45,0.002228
1959,Mann,46,0.001919
1959,Mann,47,0.002328
1959,Mann,48,0.00263
1959,Mann,49,0.002415
1959,Mann,50,0.002615
1959,Mann,51,0.0027
1959,Mann,52,0.003259
1959,Mann,53,0.00355
1959,Mann,54,0.00352
1959,Mann,55,0.003883
1959,Mann,56,0.004307
1959,Mann,57,0.004852
1959,Mann,58,0.004307
1959,Mann,59,0.005106
1959,Mann,60,0.005647
1959,Mann,61,0.006463
1959,Mann,62,0.007909
1959,Mann,63,0.007415
1959,Mann,64,0.00811
1959,Mann,65,0.008722
1959,Mann,66,0.009327
1959,Mann,67,0.009934
1959,Mann,68,0.010558
1959,Mann,69,0.01123
1959,Mann,70,0.012001
1959,Mann,71,0.012916
1959,Mann,72,0.013982
1959,Mann,73,0.015204
1959,Mann,74,0.016612
1959,Mann,75,0.018225
1959,Mann,76,0.020071
1959,Mann,77,0.022206
1959,Mann,78,0.024725
1959,Mann,79,0.027677
1959,Mann,80,0.031059
1959,Mann,81,0.035058
1959,Mann,82,0.039805
1959,Mann,83,0.04543
1959,Mann,84,0.052022
1959,Mann,85,0.059621
1959,Mann,86,0.068287
1959,Mann,87,0.078191
1959,Mann,88,0.089557
1959,Mann,89,0.10265
1959,Mann,90,0.117622
1959,Mann,91,0.134555
1959,Mann,92,0.153337
1959,Mann,93,0.173826
1959,Mann,94,0.195902
1959,Mann,95,0.21932
1959,Mann,96,0.243946
1959,Mann,97,0.270283
1959,Mann,98,0.29909
1959,Mann,99,0.331272
1959,Mann,100,0.366999
1959,Mann,101,0.405996
1959,Mann,102,0.447085
1959,Mann,103,0.490445
1959,Mann,104,0.541969
1959,Mann,105,0.605973
1959,Mann,106,0.646475
1959,Mann,107,0.688047
1959,Mann,108,0.730183
1959,Mann,109,0.772197
1959,Mann,110,0.813221
1959,Mann,111,0.852227
1959,Mann,112,0.888087
1959,Mann,113,0.919694
1959,Mann,114,0.946114
1959,Mann,115,0.966774
1959,Mann,116,0.981626
1959,Mann,117,0.991215
1959,Mann,118,0.996596
1959,Mann,119,0.999094
1959,Mann,120,1.0
1960,Frau,0,0.018377
1960,Frau,1,0.001571
1960,Frau,2,0.000803
1960,Frau,3,0.000714
1960,Frau,4,0.000583
1960,Frau,5,0.000583
1960,Frau,6,0.000496
1960,Frau,7,0.000344
1960,Frau,8,0.000236
1960,Frau,9,0.000343
1960,Frau,10,0.000256
1960,Frau,11,0.000214
1960,Frau,12,0.000278
1960,Frau,13,0.000107
1960,Frau,14,0.000171
1960,Frau,15,0.000214
1960,Frau,16,0.000387
1960,Frau,17,0.00043
1960,Frau,18,0.00058
1960,Frau,19,0.00047
1960,Frau,20,0.000529
1960,Frau,21,0.000585
1960,Frau,22,0.000473
1960,Frau,23,0.000429
1960,Frau,24,0.000566
1960,Frau,25,0.000419
1960,Frau,26,0.000572
1960,Frau,27,0.000466
1960,Frau,28,0.000534
1960,Frau,29,0.000414
1960,Frau,30,0.000624
1960,Frau,31,0.000709
1960,Frau,32,0.000716
1960,Frau,33,0.000606
1960,Frau,34,0.000636
1960,Frau,35,0.000547
1960,Frau,36,0.000854
1960,Frau,37,0.000754
1960,Frau,38,0.000686
1960,Frau,39,0.00072
1960,Frau,40,0.000873
1960,Frau,41,0.000907
1960,Frau,42,0.000886
1960,Frau,43,0.001172
1960,Frau,44,0.000968
1960,Frau,45,0.001188
1960,Frau,46,0.001187
1960,Frau,47,0.001303
1960,Frau,48,0.001398
1960,Frau,49,0.001664
1960,Frau,50,0.001446
1960,Frau,51,0.00168
1960,Frau,52,0.001663
1960,Frau,53,0.002248
1960,Frau,54,0.002233
1960,Frau,55,0.002439
1960,Frau,56,0.002245
1960,Frau,57,0.002817
1960,Frau,58,0.002957
1960,Frau,59,0.002567
1960,Frau,60,0.003332
1960,Frau,61,0.003448
1960,Frau,62,0.003492
1960,Frau,63,0.003866
1960,Frau,64,0.004205
1960,Frau,65,0.004546
1960,Frau,66,0.004889
1960,Frau,67,0.00526
1960,Frau,68,0.005674
1960,Frau,69,0.006141
1960,Frau,70,0.006661
1960,Frau,71,0.007238
1960,Frau,72,0.007892
1960,Frau,73,0.008642
1960,Frau,74,0.009505
1960,Frau,75,0.010504
1960,Frau,76,0.011669
1960,Frau,77,0.013048
1960,Frau,78,0.014704
1960,Frau,79,0.016704
1960,Frau,80,0.019118
1960,Frau,81,0.021968
1960,Frau,82,0.025343
1960,Frau,83,0.029372
1960,Frau,84,0.034139
1960,Frau,85,0.039797
1960,Frau,86,0.046502
1960,Frau,87,0.054358
1960,Frau,88,0.063451
1960,Frau,89,0.073823
1960,Frau,90,0.085482
1960,Frau,91,0.098432
1960,Frau,92,0.112672
1960,Frau,93,0.128205
1960,Frau,94,0.14505
1960,Frau,95,0.16326
1960,Frau,96,0.182894
1960,Frau,97,0.203992
1960,Frau,98,0.226639
1960,Frau,99,0.251054
1960,Frau,100,0.277226
1960,Frau,101,0.305121
1960,Frau,102,0.334919
1960,Frau,103,0.366922
1960,Frau,104,0.401368
1960,Frau,105,0.437233
1960,Frau,106,0.474005
1960,Frau,107,0.514816
1960,Frau,108,0.557512
1960,Frau,109,0.601792
1960,Frau,110,0.647362
1960,Frau,111,0.693779
1960,Frau,112,0.740418
1960,Frau,113,0.786454
1960,Frau,114,0.830854
1960,Frau,115,0.872412
1960,Frau,116,0.909828
1960,Frau,117,0.941858
1960,Frau,118,0.967526
1960,Frau,119,0.986425
1960,Frau,120,1.0
1960,Mann,0,0.024145
1960,Mann,1,0.002025
1960,Mann,2,0.001302
1960,Mann,3,0.001046
1960,Mann,4,0.000898
1960,Mann,5,0.000876
1960,Mann,6,0.000583
1960,Mann,7,0.000685
1960,Mann,8,0.000456
1960,Mann,9,0.000434
1960,Mann,10,0.000455
1960,Mann,11,0.000393
1960,Mann,12,0.000557
1960,Mann,13,0.000453
1960,Mann,14,0.000413
1960,Mann,15,0.000746
1960,Mann,16,0.000729
1960,Mann,17,0.000835
1960,Mann,18,0.001212
1960,Mann,19,0.001546
1960,Mann,20,0.001916
1960,Mann,21,0.001655
1960,Mann,22,0.002049
1960,Mann,23,0.001525
1960,Mann,24,0.001669
1960,Mann,25,0.001408
1960,Mann,26,0.001269
1960,Mann,27,0.001477
1960,Mann,28,0.001506
1960,Mann,29,0.001414
1960,Mann,30,0.00173
1960,Mann,31,0.001863
1960,Mann,32,0.001446
1960,Mann,33,0.001708
1960,Mann,34,0.00164
1960,Mann,35,0.001454
1960,Mann,36,0.001488
1960,Mann,37,0.001095
1960,Mann,38,0.001232
1960,Mann,39,0.001266
1960,Mann,40,0.001386
1960,Mann,41,0.001511
1960,Mann,42,0.001357
1960,Mann,43,0.001723
1960,Mann,44,0.001788
1960,Mann,45,0.001954
1960,Mann,46,0.002102
1960,Mann,47,0.002259
1960,Mann,48,0.002397
1960,Mann,49,0.002359
1960,Mann,50,0.002849
1960,Mann,51,0.002699
1960,Mann,52,0.003028
1960,Mann,53,0.003272
1960,Mann,54,0.003243
1960,Mann,55,0.004009
1960,Mann,56,0.004266
1960,Mann,57,0.004379
1960,Mann,58,0.004769
1960,Mann,59,0.005023
1960,Mann,60,0.005875
1960,Mann,61,0.006472
1960,Mann,62,0.006507
1960,Mann,63,0.007302
1960,Mann,64,0.007899
1960,Mann,65,0.008497
1960,Mann,66,0.009088
1960,Mann,67,0.009682
1960,Mann,68,0.010292
1960,Mann,69,0.010949
1960,Mann,70,0.011704
1960,Mann,71,0.012602
1960,Mann,72,0.013649
1960,Mann,73,0.014852
1960,Mann,74,0.016238
1960,Mann,75,0.017827
1960,Mann,76,0.019648
1960,Mann,77,0.021755
1960,Mann,78,0.024246
1960,Mann,79,0.027167
1960,Mann,80,0.030507
1960,Mann,81,0.034459
1960,Mann,82,0.039152
1960,Mann,83,0.044715
1960,Mann,84,0.051238
1960,Mann,85,0.058762
1960,Mann,86,0.067349
1960,Mann,87,0.077171
1960,Mann,88,0.088449
1960,Mann,89,0.101449
1960,Mann,90,0.116325
1960,Mann,91,0.133162
1960,Mann,92,0.151854
1960,Mann,93,0.172266
1960,Mann,94,0.194283
1960,Mann,95,0.217664
1960,Mann,96,0.242282
1960,Mann,97,0.268636
1960,Mann,98,0.297482
1960,Mann,99,0.329719
1960,Mann,100,0.365523
1960,Mann,101,0.404623
1960,Mann,102,0.445852
1960,Mann,103,0.489386
1960,Mann,104,0.541072
1960,Mann,105,0.605195
1960,Mann,106,0.646007
1960,Mann,107,0.687888
1960,Mann,108,0.730319
1960,Mann,109,0.7726
1960,Mann,110,0.813844
1960,Mann,111,0.853006
1960,Mann,112,0.888947
1960,Mann,113,0.92055
1960,Mann,114,0.946886
1960,Mann,115,0.967401
1960,Mann,116,0.982076
1960,Mann,117,0.99149
1960,Mann,118,0.996731
1960,Mann,119,0.999139
1960,Mann,120,1.0
1961,Frau,0,0.017875
1961,Frau,1,0.001778
1961,Frau,2,0.000691
1961,Frau,3,0.000775
1961,Frau,4,0.000587
1961,Frau,5,0.000692
1961,Frau,6,0.000461
1961,Frau,7,0.000272
1961,Frau,8,0.000335
1961,Frau,9,0.000313
1961,Frau,10,0.000126
1961,Frau,11,0.000209
1961,Frau,12,0.000271
1961,Frau,13,0.000146
1961,Frau,14,0.000188
1961,Frau,15,0.000336
1961,Frau,16,0.000568
1961,Frau,17,0.000462
1961,Frau,18,0.000586
1961,Frau,19,0.000498
1961,Frau,20,0.000494
1961,Frau,21,0.000673
1961,Frau,22,0.000527
1961,Frau,23,0.000562
1961,Frau,24,0.000436
1961,Frau,25,0.000586
1961,Frau,26,0.000559
1961,Frau,27,0.000379
1961,Frau,28,0.000484
1961,Frau,29,0.000691
1961,Frau,30,0.000455
1961,Frau,31,0.00069
1961,Frau,32,0.000546
1961,Frau,33,0.000932
1961,Frau,34,0.000827
1961,Frau,35,0.000692
1961,Frau,36,0.000676
1961,Frau,37,0.00066
1961,Frau,38,0.000709
1961,Frau,39,0.000927
1961,Frau,40,0.000855
1961,Frau,41,0.000785
1961,Frau,42,0.0007
1961,Frau,43,0.000665
1961,Frau,44,0.000864
1961,Frau,45,0.000946
1961,Frau,46,0.000959
1961,Frau,47,0.001201
1961,Frau,48,0.00136
1961,Frau,49,0.001425
1961,Frau,50,0.001423
1961,Frau,51,0.001438
1961,Frau,52,0.001925
1961,Frau,53,0.002088
1961,Frau,54,0.002139
1961,Frau,55,0.002144
1961,Frau,56,0.002302
1961,Frau,57,0.002597
1961,Frau,58,0.00243
1961,Frau,59,0.003618
1961,Frau,60,0.003549
1961,Frau,61,0.003345
1961,Frau,62,0.003457
1961,Frau,63,0.003779
1961,Frau,64,0.00411
1961,Frau,65,0.004443
1961,Frau,66,0.004779
1961,Frau,67,0.005142
1961,Frau,68,0.005548
1961,Frau,69,0.006006
1961,Frau,70,0.006516
1961,Frau,71,0.007082
1961,Frau,72,0.007726
1961,Frau,73,0.008464
1961,Frau,74,0.009313
1961,Frau,75,0.010298
1961,Frau,76,0.011448
1961,Frau,77,0.012808
1961,Frau,78,0.014444
1961,Frau,79,0.016421
1961,Frau,80,0.018808
1961,Frau,81,0.021624
1961,Frau,82,0.024958
1961,Frau,83,0.028937
1961,Frau,84,0.03365
1961,Frau,85,0.039244
1961,Frau,86,0.045877
1961,Frau,87,0.053653
1961,Frau,88,0.062657
1961,Frau,89,0.072936
1961,Frau,90,0.0845
1961,Frau,91,0.097354
1961,Frau,92,0.111502
1961,Frau,93,0.126947
1961,Frau,94,0.143713
1961,Frau,95,0.161852
1961,Frau,96,0.181426
1961,Frau,97,0.202476
1961,Frau,98,0.22509
1961,Frau,99,0.249485
1961,Frau,100,0.275652
1961,Frau,101,0.303561
1961,Frau,102,0.333391
1961,Frau,103,0.365444
1961,Frau,104,0.399956
1961,Frau,105,0.435912
1961,Frau,106,0.472803
1961,Frau,107,0.51374
1961,Frau,108,0.556581
1961,Frau,109,0.601023
1961,Frau,110,0.646768
1961,Frau,111,0.693366
1961,Frau,112,0.740185
1961,Frau,113,0.786388
1961,Frau,114,0.830931
1961,Frau,115,0.872596
1961,Frau,116,0.910071
1961,Frau,117,0.942105
1961,Frau,118,0.967725
1961,Frau,119,0.986536
1961,Frau,120,1.0
1961,Mann,0,0.023696
1961,Mann,1,0.001655
1961,Mann,2,0.001233
1961,Mann,3,0.001071
1961,Mann,4,0.000587
1961,Mann,5,0.000748
1961,Mann,6,0.000627
1961,Mann,7,0.000485
1961,Mann,8,0.000748
1961,Mann,9,0.000364
1961,Mann,10,0.000627
1961,Mann,11,0.000323
1961,Mann,12,0.000484
1961,Mann,13,0.000424
1961,Mann,14,0.000507
1961,Mann,15,0.000569
1961,Mann,16,0.00059
1961,Mann,17,0.000935
1961,Mann,18,0.001581
1961,Mann,19,0.001879
1961,Mann,20,0.00157
1961,Mann,21,0.001983
1961,Mann,22,0.001636
1961,Mann,23,0.001504
1961,Mann,24,0.001371
1961,Mann,25,0.001508
1961,Mann,26,0.001387
1961,Mann,27,0.001564
1961,Mann,28,0.001996
1961,Mann,29,0.001306
1961,Mann,30,0.001764
1961,Mann,31,0.00182
1961,Mann,32,0.001445
1961,Mann,33,0.001875
1961,Mann,34,0.00154
1961,Mann,35,0.001114
1961,Mann,36,0.001133
1961,Mann,37,0.001187
1961,Mann,38,0.001336
1961,Mann,39,0.001123
1961,Mann,40,0.001585
1961,Mann,41,0.001467
1961,Mann,42,0.001464
1961,Mann,43,0.001856
1961,Mann,44,0.001872
1961,Mann,45,0.001559
1961,Mann,46,0.001873
1961,Mann,47,0.001943
1961,Mann,48,0.00245
1961,Mann,49,0.002268
1961,Mann,50,0.002617
1961,Mann,51,0.002695
1961,Mann,52,0.002978
1961,Mann,53,0.003155
1961,Mann,54,0.003241
1961,Mann,55,0.003627
1961,Mann,56,0.003975
1961,Mann,57,0.004197
1961,Mann,58,0.003934
1961,Mann,59,0.005445
1961,Mann,60,0.005722
1961,Mann,61,0.006057
1961,Mann,62,0.006544
1961,Mann,63,0.007111
1961,Mann,64,0.007694
1961,Mann,65,0.008278
1961,Mann,66,0.008856
1961,Mann,67,0.009436
1961,Mann,68,0.010032
1961,Mann,69,0.010675
1961,Mann,70,0.011416
1961,Mann,71,0.012297
1961,Mann,72,0.013325
1961,Mann,73,0.014508
1961,Mann,74,0.015872
1961,Mann,75,0.017439
1961,Mann,76,0.019234
1961,Mann,77,0.021315
1961,Mann,78,0.023777
1961,Mann,79,0.026667
1961,Mann,80,0.029966
1961,Mann,81,0.033871
1961,Mann,82,0.03851
1961,Mann,83,0.044012
1961,Mann,84,0.050466
1961,Mann,85,0.057916
1961,Mann,86,0.066425
1961,Mann,87,0.076163
1961,Mann,88,0.087353
1961,Mann,89,0.10026
1961,Mann,90,0.115039
1961,Mann,91,0.13178
1961,Mann,92,0.150382
1961,Mann,93,0.170715
1961,Mann,94,0.192671
1961,Mann,95,0.216014
1961,Mann,96,0.240623
1961,Mann,97,0.266992
1961,Mann,98,0.295874
1961,Mann,99,0.328164
1961,Mann,100,0.364042
1961,Mann,101,0.403241
1961,Mann,102,0.444608
1961,Mann,103,0.488313
1961,Mann,104,0.540158
1961,Mann,105,0.6044
1961,Mann,106,0.645519
1961,Mann,107,0.687707
1961,Mann,108,0.730432
1961,Mann,109,0.772977
1961,Mann,110,0.81444
1961,Mann,111,0.853758
1961,Mann,112,0.889779
1961,Mann,113,0.921379
1961,Mann,114,0.947634
1961,Mann,115,0.968007
1961,Mann,116,0.982509
1961,Mann,117,0.991754
1961,Mann,118,0.99686
1961,Mann,119,0.999181
1961,Mann,120,1.0
1962,Frau,0,0.018705
1962,Frau,1,0.001417
1962,Frau,2,0.000752
1962,Frau,3,0.000508
1962,Frau,4,0.000713
1962,Frau,5,0.000531
1962,Frau,6,0.000655
1962,Frau,7,0.000431
1962,Frau,8,0.000328
1962,Frau,9,0.000513
1962,Frau,10,0.000267
1962,Frau,11,0.000225
1962,Frau,12,0.000266
1962,Frau,13,0.000185
1962,Frau,14,0.000227
1962,Frau,15,0.000289
1962,Frau,16,0.00033
1962,Frau,17,0.000617
1962,Frau,18,0.000366
1962,Frau,19,0.000707
1962,Frau,20,0.000581
1962,Frau,21,0.0004
1962,Frau,22,0.000397
1962,Frau,23,0.000393
1962,Frau,24,0.000388
1962,Frau,25,0.000552
1962,Frau,26,0.000618
1962,Frau,27,0.000552
1962,Frau,28,0.000484
1962,Frau,29,0.000691
1962,Frau,30,0.000628
1962,Frau,31,0.00072
1962,Frau,32,0.000663
1962,Frau,33,0.000676
1962,Frau,34,0.000593
1962,Frau,35,0.000659
1962,Frau,36,0.000627
1962,Frau,37,0.000527
1962,Frau,38,0.000591
1962,Frau,39,0.000801
1962,Frau,40,0.000781
1962,Frau,41,0.000909
1962,Frau,42,0.000907
1962,Frau,43,0.000939
1962,Frau,44,0.001018
1962,Frau,45,0.000966
1962,Frau,46,0.00125
1962,Frau,47,0.001326
1962,Frau,48,0.001195
1962,Frau,49,0.001399
1962,Frau,50,0.00173
1962,Frau,51,0.001616
1962,Frau,52,0.001551
1962,Frau,53,0.001789
1962,Frau,54,0.002331
1962,Frau,55,0.002578
1962,Frau,56,0.002238
1962,Frau,57,0.002152
1962,Frau,58,0.003019
1962,Frau,59,0.002846
1962,Frau,60,0.002851
1962,Frau,61,0.003084
1962,Frau,62,0.003379
1962,Frau,63,0.003694
1962,Frau,64,0.004018
1962,Frau,65,0.004344
1962,Frau,66,0.004672
1962,Frau,67,0.005028
1962,Frau,68,0.005425
1962,Frau,69,0.005874
1962,Frau,70,0.006374
1962,Frau,71,0.00693
1962,Frau,72,0.007563
1962,Frau,73,0.008289
1962,Frau,74,0.009126
1962,Frau,75,0.010097
1962,Frau,76,0.011231
1962,Frau,77,0.012575
1962,Frau,78,0.014191
1962,Frau,79,0.016144
1962,Frau,80,0.018505
1962,Frau,81,0.021287
1962,Frau,82,0.024579
1962,Frau,83,0.028511
1962,Frau,84,0.033169
1962,Frau,85,0.0387
1962,Frau,86,0.045262
1962,Frau,87,0.052958
1962,Frau,88,0.061875
1962,Frau,89,0.072061
1962,Frau,90,0.08353
1962,Frau,91,0.096289
1962,Frau,92,0.110344
1962,Frau,93,0.125703
1962,Frau,94,0.142388
1962,Frau,95,0.160456
1962,Frau,96,0.17997
1962,Frau,97,0.200973
1962,Frau,98,0.223553
1962,Frau,99,0.247927
1962,Frau,100,0.274089
1962,Frau,101,0.302011
1962,Frau,102,0.331872
1962,Frau,103,0.363972
1962,Frau,104,0.398549
1962,Frau,105,0.434595
1962,Frau,106,0.471603
1962,Frau,107,0.512663
1962,Frau,108,0.555648
1962,Frau,109,0.60025
1962,Frau,110,0.646168
1962,Frau,111,0.692946
1962,Frau,112,0.739943
1962,Frau,113,0.786312
1962,Frau,114,0.830998
1962,Frau,115,0.872769
1962,Frau,116,0.910304
1962,Frau,117,0.942344
1962,Frau,118,0.967919
1962,Frau,119,0.986644
1962,Frau,120,1.0
1962,Mann,0,0.023626
1962,Mann,1,0.001628
1962,Mann,2,0.00142
1962,Mann,3,0.000838
1962,Mann,4,0.000937
1962,Mann,5,0.000822
1962,Mann,6,0.000765
1962,Mann,7,0.00063
1962,Mann,8,0.000591
1962,Mann,9,0.000551
1962,Mann,10,0.000412
1962,Mann,11,0.000353
1962,Mann,12,0.000216
1962,Mann,13,0.000314
1962,Mann,14,0.000453
1962,Mann,15,0.000551
1962,Mann,16,0.000549
1962,Mann,17,0.000801
1962,Mann,18,0.001166
1962,Mann,19,0.00153
1962,Mann,20,0.001992
1962,Mann,21,0.001914
1962,Mann,22,0.001288
1962,Mann,23,0.001563
1962,Mann,24,0.001075
1962,Mann,25,0.001541
1962,Mann,26,0.001802
1962,Mann,27,0.001902
1962,Mann,28,0.001706
1962,Mann,29,0.001523
1962,Mann,30,0.001827
1962,Mann,31,0.00167
1962,Mann,32,0.001727
1962,Mann,33,0.001624
1962,Mann,34,0.001273
1962,Mann,35,0.001115
1962,Mann,36,0.001039
1962,Mann,37,0.000862
1962,Mann,38,0.001359
1962,Mann,39,0.001457
1962,Mann,40,0.001165
1962,Mann,41,0.001336
1962,Mann,42,0.0017
1962,Mann,43,0.001621
1962,Mann,44,0.001601
1962,Mann,45,0.001668
1962,Mann,46,0.001967
1962,Mann,47,0.002068
1962,Mann,48,0.002342
1962,Mann,49,0.002353
1962,Mann,50,0.00264
1962,Mann,51,0.00271
1962,Mann,52,0.002814
1962,Mann,53,0.003002
1962,Mann,54,0.003507
1962,Mann,55,0.003651
1962,Mann,56,0.003674
1962,Mann,57,0.003949
1962,Mann,58,0.004689
1962,Mann,59,0.005096
1962,Mann,60,0.005342
1962,Mann,61,0.005857
1962,Mann,62,0.00637
1962,Mann,63,0.006925
1962,Mann,64,0.007495
1962,Mann,65,0.008066
1962,Mann,66,0.00863
1962,Mann,67,0.009197
1962,Mann,68,0.009779
1962,Mann,69,0.010409
1962,Mann,70,0.011134
1962,Mann,71,0.011999
1962,Mann,72,0.01301
1962,Mann,73,0.014173
1962,Mann,74,0.015516
1962,Mann,75,0.017059
1962,Mann,76,0.01883
1962,Mann,77,0.020884
1962,Mann,78,0.023319
1962,Mann,79,0.026178
1962,Mann,80,0.029436
1962,Mann,81,0.033294
1962,Mann,82,0.03788
1962,Mann,83,0.043321
1962,Mann,84,0.049707
1962,Mann,85,0.057083
1962,Mann,86,0.065513
1962,Mann,87,0.075167
1962,Mann,88,0.086269
1962,Mann,89,0.099083
1962,Mann,90,0.113765
1962,Mann,91,0.130409
1962,Mann,92,0.14892
1962,Mann,93,0.169174
1962,Mann,94,0.191067
1962,Mann,95,0.214372
1962,Mann,96,0.238969
1962,Mann,97,0.265351
1962,Mann,98,0.294266
1962,Mann,99,0.326607
1962,Mann,100,0.362555
1962,Mann,101,0.401852
1962,Mann,102,0.443353
1962,Mann,103,0.487227
1962,Mann,104,0.539229
1962,Mann,105,0.603587
1962,Mann,106,0.645012
1962,Mann,107,0.687505
1962,Mann,108,0.730521
1962,Mann,109,0.773329
1962,Mann,110,0.81501
1962,Mann,111,0.854484
1962,Mann,112,0.890585
1962,Mann,113,0.922183
1962,Mann,114,0.948359
1962,Mann,115,0.968593
1962,Mann,116,0.982925
1962,Mann,117,0.992006
1962,Mann,118,0.996981
1962,Mann,119,0.999221
1962,Mann,120,1.0
1963,Frau,0,0.017274
1963,Frau,1,0.001425
1963,Frau,2,0.000656
1963,Frau,3,0.000717
1963,Frau,4,0.000566
1963,Frau,5,0.000491
1963,Frau,6,0.000355
1963,Frau,7,0.000532
1963,Frau,8,0.000237
1963,Frau,9,0.000158
1963,Frau,10,0.000296
1963,Frau,11,0.000256
1963,Frau,12,0.000218
1963,Frau,13,0.000258
1963,Frau,14,0.000259
1963,Frau,15,0.000299
1963,Frau,16,0.000338
1963,Frau,17,0.000553
1963,Frau,18,0.00051
1963,Frau,19,0.000604
1963,Frau,20,0.000467
1963,Frau,21,0.000444
1963,Frau,22,0.000441
1963,Frau,23,0.000511
1963,Frau,24,0.000541
1963,Frau,25,0.000514
1963,Frau,26,0.000469
1963,Frau,27,0.00058
1963,Frau,28,0.000488
1963,Frau,29,0.000514
1963,Frau,30,0.00075
1963,Frau,31,0.000887
1963,Frau,32,0.000641
1963,Frau,33,0.000672
1963,Frau,34,0.000416
1963,Frau,35,0.000623
1963,Frau,36,0.000574
1963,Frau,37,0.00078
1963,Frau,38,0.000523
1963,Frau,39,0.000583
1963,Frau,40,0.000833
1963,Frau,41,0.000815
1963,Frau,42,0.000939
1963,Frau,43,0.000781
1963,Frau,44,0.00098
1963,Frau,45,0.001052
1963,Frau,46,0.000985
1963,Frau,47,0.001441
1963,Frau,48,0.001484
1963,Frau,49,0.00139
1963,Frau,50,0.001446
1963,Frau,51,0.001489
1963,Frau,52,0.001915
1963,Frau,53,0.001887
1963,Frau,54,0.001968
1963,Frau,55,0.002281
1963,Frau,56,0.001876
1963,Frau,57,0.002517
1963,Frau,58,0.002827
1963,Frau,59,0.002818
1963,Frau,60,0.002759
1963,Frau,61,0.003014
1963,Frau,62,0.003303
1963,Frau,63,0.003611
1963,Frau,64,0.003928
1963,Frau,65,0.004247
1963,Frau,66,0.004568
1963,Frau,67,0.004916
1963,Frau,68,0.005305
1963,Frau,69,0.005745
1963,Frau,70,0.006236
1963,Frau,71,0.006782
1963,Frau,72,0.007404
1963,Frau,73,0.008119
1963,Frau,74,0.008943
1963,Frau,75,0.009901
1963,Frau,76,0.01102
1963,Frau,77,0.012346
1963,Frau,78,0.013943
1963,Frau,79,0.015874
1963,Frau,80,0.018208
1963,Frau,81,0.020957
1963,Frau,82,0.024209
1963,Frau,83,0.028093
1963,Frau,84,0.032697
1963,Frau,85,0.038166
1963,Frau,86,0.044657
1963,Frau,87,0.052273
1963,Frau,88,0.061103
1963,Frau,89,0.071198
1963,Frau,90,0.082572
1963,Frau,91,0.095237
1963,Frau,92,0.109199
1963,Frau,93,0.124471
1963,Frau,94,0.141077
1963,Frau,95,0.159074
1963,Frau,96,0.178528
1963,Frau,97,0.199482
1963,Frau,98,0.222027
1963,Frau,99,0.24638
1963,Frau,100,0.272537
1963,Frau,101,0.30047
1963,Frau,102,0.330361
1963,Frau,103,0.362507
1963,Frau,104,0.397148
1963,Frau,105,0.433282
1963,Frau,106,0.470405
1963,Frau,107,0.511587
1963,Frau,108,0.554712
1963,Frau,109,0.599473
1963,Frau,110,0.645562
1963,Frau,111,0.692518
1963,Frau,112,0.739692
1963,Frau,113,0.786227
1963,Frau,114,0.831055
1963,Frau,115,0.872932
1963,Frau,116,0.910527
1963,Frau,117,0.942575
1963,Frau,118,0.968106
1963,Frau,119,0.986749
1963,Frau,120,1.0
1963,Mann,0,0.02349
1963,Mann,1,0.001666
1963,Mann,2,0.001225
1963,Mann,3,0.000839
1963,Mann,4,0.00077
1963,Mann,5,0.000737
1963,Mann,6,0.000512
1963,Mann,7,0.000627
1963,Mann,8,0.000323
1963,Mann,9,0.000379
1963,Mann,10,0.000435
1963,Mann,11,0.000378
1963,Mann,12,0.000228
1963,Mann,13,0.000229
1963,Mann,14,0.000592
1963,Mann,15,0.000648
1963,Mann,16,0.000684
1963,Mann,17,0.001021
1963,Mann,18,0.001188
1963,Mann,19,0.001922
1963,Mann,20,0.001379
1963,Mann,21,0.001658
1963,Mann,22,0.001442
1963,Mann,23,0.001634
1963,Mann,24,0.001949
1963,Mann,25,0.001595
1963,Mann,26,0.00149
1963,Mann,27,0.001834
1963,Mann,28,0.001558
1963,Mann,29,0.001481
1963,Mann,30,0.001708
1963,Mann,31,0.001307
1963,Mann,32,0.001377
1963,Mann,33,0.001609
1963,Mann,34,0.001343
1963,Mann,35,0.001015
1963,Mann,36,0.000966
1963,Mann,37,0.001076
1963,Mann,38,0.001135
1963,Mann,39,0.001316
1963,Mann,40,0.00125
1963,Mann,41,0.001109
1963,Mann,42,0.001182
1963,Mann,43,0.001271
1963,Mann,44,0.001552
1963,Mann,45,0.001659
1963,Mann,46,0.00168
1963,Mann,47,0.001722
1963,Mann,48,0.002059
1963,Mann,49,0.001859
1963,Mann,50,0.002593
1963,Mann,51,0.002515
1963,Mann,52,0.002812
1963,Mann,53,0.003101
1963,Mann,54,0.003324
1963,Mann,55,0.003582
1963,Mann,56,0.003769
1963,Mann,57,0.004365
1963,Mann,58,0.004977
1963,Mann,59,0.00506
1963,Mann,60,0.005245
1963,Mann,61,0.0057
1963,Mann,62,0.006202
1963,Mann,63,0.006744
1963,Mann,64,0.007301
1963,Mann,65,0.007859
1963,Mann,66,0.00841
1963,Mann,67,0.008964
1963,Mann,68,0.009533
1963,Mann,69,0.010149
1963,Mann,70,0.01086
1963,Mann,71,0.011708
1963,Mann,72,0.012702
1963,Mann,73,0.013846
1963,Mann,74,0.015168
1963,Mann,75,0.016689
1963,Mann,76,0.018436
1963,Mann,77,0.020463
1963,Mann,78,0.022871
1963,Mann,79,0.025699
1963,Mann,80,0.028917
1963,Mann,81,0.032729
1963,Mann,82,0.037261
1963,Mann,83,0.042641
1963,Mann,84,0.04896
1963,Mann,85,0.056261
1963,Mann,86,0.064613
1963,Mann,87,0.074185
1963,Mann,88,0.085199
1963,Mann,89,0.097918
1963,Mann,90,0.112503
1963,Mann,91,0.12905
1963,Mann,92,0.147468
1963,Mann,93,0.167642
1963,Mann,94,0.189472
1963,Mann,95,0.212736
1963,Mann,96,0.237319
1963,Mann,97,0.263712
1963,Mann,98,0.292659
1963,Mann,99,0.325048
1963,Mann,100,0.361064
1963,Mann,101,0.400456
1963,Mann,102,0.442088
1963,Mann,103,0.486128
1963,Mann,104,0.538284
1963,Mann,105,0.602757
1963,Mann,106,0.644485
1963,Mann,107,0.687281
1963,Mann,108,0.730586
1963,Mann,109,0.773656
1963,Mann,110,0.815554
1963,Mann,111,0.855183
1963,Mann,112,0.891364
1963,Mann,113,0.922962
1963,Mann,114,0.94906
1963,Mann,115,0.969158
1963,Mann,116,0.983326
1963,Mann,117,0.992247
1963,Mann,118,0.997097
1963,Mann,119,0.999258
1963,Mann,120,1.0
1964,Frau,0,0.016554
1964,Frau,1,0.001565
1964,Frau,2,0.000789
1964,Frau,3,0.000664
1964,Frau,4,0.000441
1964,Frau,5,0.000213
1964,Frau,6,0.000482
1964,Frau,7,0.000329
1964,Frau,8,0.000291
1964,Frau,9,0.000232
1964,Frau,10,0.000116
1964,Frau,11,0.000233
1964,Frau,12,9.8e-05
1964,Frau,13,0.000235
1964,Frau,14,0.000255
1964,Frau,15,0.000234
1964,Frau,16,0.000408
1964,Frau,17,0.000387
1964,Frau,18,0.000404
1964,Frau,19,0.000462
1964,Frau,20,0.000498
1964,Frau,21,0.000817
1964,Frau,22,0.000338
1964,Frau,23,0.000591
1964,Frau,24,0.00062
1964,Frau,25,0.000502
1964,Frau,26,0.000488
1964,Frau,27,0.000672
1964,Frau,28,0.000757
1964,Frau,29,0.000486
1964,Frau,30,0.000704
1964,Frau,31,0.000651
1964,Frau,32,0.000427
1964,Frau,33,0.000474
1964,Frau,34,0.000646
1964,Frau,35,0.000644
1964,Frau,36,0.00072
1964,Frau,37,0.000561
1964,Frau,38,0.000496
1964,Frau,39,0.000648
1964,Frau,40,0.000692
1964,Frau,41,0.000783
1964,Frau,42,0.000828
1964,Frau,43,0.00096
1964,Frau,44,0.000788
1964,Frau,45,0.000993
1964,Frau,46,0.001108
1964,Frau,47,0.001179
1964,Frau,48,0.00131
1964,Frau,49,0.001083
1964,Frau,50,0.00142
1964,Frau,51,0.001506
1964,Frau,52,0.001328
1964,Frau,53,0.001729
1964,Frau,54,0.001837
1964,Frau,55,0.002156
1964,Frau,56,0.002194
1964,Frau,57,0.002533
1964,Frau,58,0.002643
1964,Frau,59,0.002484
1964,Frau,60,0.002697
1964,Frau,61,0.002946
1964,Frau,62,0.003228
1964,Frau,63,0.00353
1964,Frau,64,0.00384
1964,Frau,65,0.004152
1964,Frau,66,0.004466
1964,Frau,67,0.004806
1964,Frau,68,0.005187
1964,Frau,69,0.005619
1964,Frau,70,0.006101
1964,Frau,71,0.006637
1964,Frau,72,0.007249
1964,Frau,73,0.007953
1964,Frau,74,0.008765
1964,Frau,75,0.009709
1964,Frau,76,0.010813
1964,Frau,77,0.012123
1964,Frau,78,0.013701
1964,Frau,79,0.015609
1964,Frau,80,0.017917
1964,Frau,81,0.020634
1964,Frau,82,0.023846
1964,Frau,83,0.027683
1964,Frau,84,0.032233
1964,Frau,85,0.037641
1964,Frau,86,0.044061
1964,Frau,87,0.051598
1964,Frau,88,0.060342
1964,Frau,89,0.070346
1964,Frau,90,0.081625
1964,Frau,91,0.094196
1964,Frau,92,0.108067
1964,Frau,93,0.123252
1964,Frau,94,0.139778
1964,Frau,95,0.157705
1964,Frau,96,0.177098
1964,Frau,97,0.198005
1964,Frau,98,0.220515
1964,Frau,99,0.244845
1964,Frau,100,0.270996
1964,Frau,101,0.29894
1964,Frau,102,0.328859
1964,Frau,103,0.36105
1964,Frau,104,0.395752
1964,Frau,105,0.431973
1964,Frau,106,0.469209
1964,Frau,107,0.510511
1964,Frau,108,0.553775
1964,Frau,109,0.598692
1964,Frau,110,0.644951
1964,Frau,111,0.692083
1964,Frau,112,0.739433
1964,Frau,113,0.786132
1964,Frau,114,0.831102
1964,Frau,115,0.873086
1964,Frau,116,0.910741
1964,Frau,117,0.942798
1964,Frau,118,0.968288
1964,Frau,119,0.98685
1964,Frau,120,1.0
1964,Mann,0,0.021239
1964,Mann,1,0.001392
1964,Mann,2,0.001313
1964,Mann,3,0.000728
1964,Mann,4,0.000699
1964,Mann,5,0.000909
1964,Mann,6,0.000725
1964,Mann,7,0.000576
1964,Mann,8,0.00052
1964,Mann,9,0.00039
1964,Mann,10,0.00039
1964,Mann,11,0.000373
1964,Mann,12,0.000337
1964,Mann,13,0.000394
1964,Mann,14,0.000487
1964,Mann,15,0.000485
1964,Mann,16,0.000631
1964,Mann,17,0.000925
1964,Mann,18,0.001292
1964,Mann,19,0.001351
1964,Mann,20,0.001387
1964,Mann,21,0.001457
1964,Mann,22,0.001816
1964,Mann,23,0.001619
1964,Mann,24,0.001453
1964,Mann,25,0.001516
1964,Mann,26,0.00172
1964,Mann,27,0.001716
1964,Mann,28,0.001247
1964,Mann,29,0.001408
1964,Mann,30,0.00126
1964,Mann,31,0.001448
1964,Mann,32,0.000829
1964,Mann,33,0.001211
1964,Mann,34,0.001011
1964,Mann,35,0.001008
1964,Mann,36,0.001131
1964,Mann,37,0.00114
1964,Mann,38,0.001058
1964,Mann,39,0.001416
1964,Mann,40,0.001171
1964,Mann,41,0.001362
1964,Mann,42,0.001297
1964,Mann,43,0.001448
1964,Mann,44,0.001715
1964,Mann,45,0.001617
1964,Mann,46,0.001743
1964,Mann,47,0.001708
1964,Mann,48,0.001988
1964,Mann,49,0.002081
1964,Mann,50,0.002347
1964,Mann,51,0.002503
1964,Mann,52,0.002921
1964,Mann,53,0.00283
1964,Mann,54,0.003347
1964,Mann,55,0.003598
1964,Mann,56,0.004054
1964,Mann,57,0.004255
1964,Mann,58,0.004081
1964,Mann,59,0.004708
1964,Mann,60,0.005104
1964,Mann,61,0.005548
1964,Mann,62,0.006039
1964,Mann,63,0.006569
1964,Mann,64,0.007113
1964,Mann,65,0.007658
1964,Mann,66,0.008196
1964,Mann,67,0.008737
1964,Mann,68,0.009294
1964,Mann,69,0.009896
1964,Mann,70,0.010593
1964,Mann,71,0.011426
1964,Mann,72,0.012401
1964,Mann,73,0.013527
1964,Mann,74,0.014828
1964,Mann,75,0.016327
1964,Mann,76,0.01805
1964,Mann,77,0.020051
1964,Mann,78,0.022432
1964,Mann,79,0.02523
1964,Mann,80,0.028408
1964,Mann,81,0.032174
1964,Mann,82,0.036654
1964,Mann,83,0.041973
1964,Mann,84,0.048224
1964,Mann,85,0.055452
1964,Mann,86,0.063726
1964,Mann,87,0.073214
1964,Mann,88,0.08414
1964,Mann,89,0.096766
1964,Mann,90,0.111254
1964,Mann,91,0.127701
1964,Mann,92,0.146028
1964,Mann,93,0.16612
1964,Mann,94,0.187885
1964,Mann,95,0.211107
1964,Mann,96,0.235675
1964,Mann,97,0.262077
1964,Mann,98,0.291053
1964,Mann,99,0.323488
1964,Mann,100,0.359569
1964,Mann,101,0.399052
1964,Mann,102,0.440814
1964,Mann,103,0.485016
1964,Mann,104,0.537324
1964,Mann,105,0.601911
1964,Mann,106,0.64394
1964,Mann,107,0.687036
1964,Mann,108,0.73063
1964,Mann,109,0.77396
1964,Mann,110,0.816073
1964,Mann,111,0.855857
1964,Mann,112,0.892119
1964,Mann,113,0.923716
1964,Mann,114,0.949739
1964,Mann,115,0.969705
1964,Mann,116,0.983712
1964,Mann,117,0.992478
1964,Mann,118,0.997208
1964,Mann,119,0.999294
1964,Mann,120,1.0
1965,Frau,0,0.015612
1965,Frau,1,0.001452
1965,Frau,2,0.000803
1965,Frau,3,0.000696
1965,Frau,4,0.000605
1965,Frau,5,0.000663
1965,Frau,6,0.000471
1965,Frau,7,0.000434
1965,Frau,8,0.000158
1965,Frau,9,0.000336
1965,Frau,10,0.000259
1965,Frau,11,0.0001
1965,Frau,12,0.0001
1965,Frau,13,0.000321
1965,Frau,14,0.0002
1965,Frau,15,0.000299
1965,Frau,16,0.000258
1965,Frau,17,0.000456
1965,Frau,18,0.000456
1965,Frau,19,0.000413
1965,Frau,20,0.000489
1965,Frau,21,0.000542
1965,Frau,22,0.000612
1965,Frau,23,0.000395
1965,Frau,24,0.000462
1965,Frau,25,0.000487
1965,Frau,26,0.000606
1965,Frau,27,0.000559
1965,Frau,28,0.000583
1965,Frau,29,0.000591
1965,Frau,30,0.000585
1965,Frau,31,0.000534
1965,Frau,32,0.000435
1965,Frau,33,0.000386
1965,Frau,34,0.000607
1965,Frau,35,0.000445
1965,Frau,36,0.000602
1965,Frau,37,0.00052
1965,Frau,38,0.000565
1965,Frau,39,0.00061
1965,Frau,40,0.000577
1965,Frau,41,0.00084
1965,Frau,42,0.000682
1965,Frau,43,0.000723
1965,Frau,44,0.000872
1965,Frau,45,0.001114
1965,Frau,46,0.001125
1965,Frau,47,0.001303
1965,Frau,48,0.001026
1965,Frau,49,0.001158
1965,Frau,50,0.001441
1965,Frau,51,0.00132
1965,Frau,52,0.001922
1965,Frau,53,0.00161
1965,Frau,54,0.002144
1965,Frau,55,0.001923
1965,Frau,56,0.002141
1965,Frau,57,0.002118
1965,Frau,58,0.002251
1965,Frau,59,0.002428
1965,Frau,60,0.002636
1965,Frau,61,0.00288
1965,Frau,62,0.003156
1965,Frau,63,0.003451
1965,Frau,64,0.003755
1965,Frau,65,0.004059
1965,Frau,66,0.004367
1965,Frau,67,0.004699
1965,Frau,68,0.005073
1965,Frau,69,0.005496
1965,Frau,70,0.005969
1965,Frau,71,0.006496
1965,Frau,72,0.007098
1965,Frau,73,0.007791
1965,Frau,74,0.008591
1965,Frau,75,0.009522
1965,Frau,76,0.010612
1965,Frau,77,0.011906
1965,Frau,78,0.013464
1965,Frau,79,0.01535
1965,Frau,80,0.017633
1965,Frau,81,0.020318
1965,Frau,82,0.02349
1965,Frau,83,0.027281
1965,Frau,84,0.031778
1965,Frau,85,0.037124
1965,Frau,86,0.043475
1965,Frau,87,0.050934
1965,Frau,88,0.059592
1965,Frau,89,0.069505
1965,Frau,90,0.080691
1965,Frau,91,0.093168
1965,Frau,92,0.106948
1965,Frau,93,0.122046
1965,Frau,94,0.138493
1965,Frau,95,0.156349
1965,Frau,96,0.175682
1965,Frau,97,0.196539
1965,Frau,98,0.219014
1965,Frau,99,0.243322
1965,Frau,100,0.269465
1965,Frau,101,0.297419
1965,Frau,102,0.327365
1965,Frau,103,0.3596
1965,Frau,104,0.394363
1965,Frau,105,0.430668
1965,Frau,106,0.468016
1965,Frau,107,0.509435
1965,Frau,108,0.552836
1965,Frau,109,0.597908
1965,Frau,110,0.644334
1965,Frau,111,0.691641
1965,Frau,112,0.739165
1965,Frau,113,0.786028
1965,Frau,114,0.831139
1965,Frau,115,0.87323
1965,Frau,116,0.910947
1965,Frau,117,0.943013
1965,Frau,118,0.968464
1965,Frau,119,0.986949
1965,Frau,120,1.0
1965,Mann,0,0.019891
1965,Mann,1,0.001391
1965,Mann,2,0.00094
1965,Mann,3,0.000914
1965,Mann,4,0.000812
1965,Mann,5,0.000686
1965,Mann,6,0.00063
1965,Mann,7,0.000576
1965,Mann,8,0.000336
1965,Mann,9,0.000336
1965,Mann,10,0.000319
1965,Mann,11,0.000434
1965,Mann,12,0.00036
1965,Mann,13,0.00036
1965,Mann,14,0.000472
1965,Mann,15,0.000319
1965,Mann,16,0.000748
1965,Mann,17,0.000952
1965,Mann,18,0.001588
1965,Mann,19,0.001268
1965,Mann,20,0.001004
1965,Mann,21,0.001686
1965,Mann,22,0.001419
1965,Mann,23,0.001497
1965,Mann,24,0.00165
1965,Mann,25,0.001697
1965,Mann,26,0.00163
1965,Mann,27,0.001501
1965,Mann,28,0.001642
1965,Mann,29,0.001149
1965,Mann,30,0.001392
1965,Mann,31,0.001135
1965,Mann,32,0.001163
1965,Mann,33,0.001019
1965,Mann,34,0.000873
1965,Mann,35,0.001138
1965,Mann,36,0.001258
1965,Mann,37,0.001219
1965,Mann,38,0.001075
1965,Mann,39,0.001208
1965,Mann,40,0.001159
1965,Mann,41,0.001291
1965,Mann,42,0.00119
1965,Mann,43,0.001208
1965,Mann,44,0.001616
1965,Mann,45,0.001534
1965,Mann,46,0.001746
1965,Mann,47,0.00209
1965,Mann,48,0.002095
1965,Mann,49,0.001957
1965,Mann,50,0.002751
1965,Mann,51,0.002406
1965,Mann,52,0.002879
1965,Mann,53,0.002656
1965,Mann,54,0.002884
1965,Mann,55,0.003508
1965,Mann,56,0.003656
1965,Mann,57,0.004218
1965,Mann,58,0.004239
1965,Mann,59,0.004581
1965,Mann,60,0.004967
1965,Mann,61,0.005401
1965,Mann,62,0.00588
1965,Mann,63,0.006398
1965,Mann,64,0.00693
1965,Mann,65,0.007462
1965,Mann,66,0.007988
1965,Mann,67,0.008516
1965,Mann,68,0.00906
1965,Mann,69,0.00965
1965,Mann,70,0.010333
1965,Mann,71,0.01115
1965,Mann,72,0.012109
1965,Mann,73,0.013215
1965,Mann,74,0.014497
1965,Mann,75,0.015974
1965,Mann,76,0.017673
1965,Mann,77,0.019649
1965,Mann,78,0.022003
1965,Mann,79,0.024772
1965,Mann,80,0.02791
1965,Mann,81,0.031631
1965,Mann,82,0.036058
1965,Mann,83,0.041317
1965,Mann,84,0.047501
1965,Mann,85,0.054656
1965,Mann,86,0.062851
1965,Mann,87,0.072257
1965,Mann,88,0.083094
1965,Mann,89,0.095626
1965,Mann,90,0.110016
1965,Mann,91,0.126365
1965,Mann,92,0.144598
1965,Mann,93,0.164607
1965,Mann,94,0.186306
1965,Mann,95,0.209485
1965,Mann,96,0.234036
1965,Mann,97,0.260445
1965,Mann,98,0.289449
1965,Mann,99,0.321926
1965,Mann,100,0.35807
1965,Mann,101,0.397642
1965,Mann,102,0.43953
1965,Mann,103,0.483892
1965,Mann,104,0.53635
1965,Mann,105,0.601048
1965,Mann,106,0.643376
1965,Mann,107,0.686771
1965,Mann,108,0.730651
1965,Mann,109,0.77424
1965,Mann,110,0.816568
1965,Mann,111,0.856507
1965,Mann,112,0.892849
1965,Mann,113,0.924447
1965,Mann,114,0.950397
1965,Mann,115,0.970233
1965,Mann,116,0.984083
1965,Mann,117,0.9927
1965,Mann,118,0.997312
1965,Mann,119,0.999327
1965,Mann,120,1.0
1966,Frau,0,0.014739
1966,Frau,1,0.001375
1966,Frau,2,0.000724
1966,Frau,3,0.000631
1966,Frau,4,0.000474
1966,Frau,5,0.000456
1966,Frau,6,0.000478
1966,Frau,7,0.00044
1966,Frau,8,0.00026
1966,Frau,9,0.000222
1966,Frau,10,0.000122
1966,Frau,11,0.000183
1966,Frau,12,0.000223
1966,Frau,13,0.000202
1966,Frau,14,0.000382
1966,Frau,15,0.000321
1966,Frau,16,0.000361
1966,Frau,17,0.000261
1966,Frau,18,0.000498
1966,Frau,19,0.000277
1966,Frau,20,0.00049
1966,Frau,21,0.000504
1966,Frau,22,0.000555
1966,Frau,23,0.000585
1966,Frau,24,0.000772
1966,Frau,25,0.00039
1966,Frau,26,0.00052
1966,Frau,27,0.000509
1966,Frau,28,0.00055
1966,Frau,29,0.000576
1966,Frau,30,0.000654
1966,Frau,31,0.000603
1966,Frau,32,0.000488
1966,Frau,33,0.000372
1966,Frau,34,0.000353
1966,Frau,35,0.000447
1966,Frau,36,0.000633
1966,Frau,37,0.000536
1966,Frau,38,0.000581
1966,Frau,39,0.000674
1966,Frau,40,0.000672
1966,Frau,41,0.000855
1966,Frau,42,0.000647
1966,Frau,43,0.000781
1966,Frau,44,0.000992
1966,Frau,45,0.000973
1966,Frau,46,0.001165
1966,Frau,47,0.000874
1966,Frau,48,0.001259
1966,Frau,49,0.00151
1966,Frau,50,0.001375
1966,Frau,51,0.001419
1966,Frau,52,0.001526
1966,Frau,53,0.001783
1966,Frau,54,0.001682
1966,Frau,55,0.00199
1966,Frau,56,0.002339
1966,Frau,57,0.002051
1966,Frau,58,0.002201
1966,Frau,59,0.002374
1966,Frau,60,0.002577
1966,Frau,61,0.002816
1966,Frau,62,0.003085
1966,Frau,63,0.003374
1966,Frau,64,0.003671
1966,Frau,65,0.003969
1966,Frau,66,0.004269
1966,Frau,67,0.004595
1966,Frau,68,0.004961
1966,Frau,69,0.005376
1966,Frau,70,0.00584
1966,Frau,71,0.006358
1966,Frau,72,0.00695
1966,Frau,73,0.007632
1966,Frau,74,0.008421
1966,Frau,75,0.009339
1966,Frau,76,0.010415
1966,Frau,77,0.011693
1966,Frau,78,0.013233
1966,Frau,79,0.015097
1966,Frau,80,0.017355
1966,Frau,81,0.020008
1966,Frau,82,0.023141
1966,Frau,83,0.026887
1966,Frau,84,0.031331
1966,Frau,85,0.036617
1966,Frau,86,0.042898
1966,Frau,87,0.050279
1966,Frau,88,0.058853
1966,Frau,89,0.068675
1966,Frau,90,0.079768
1966,Frau,91,0.092151
1966,Frau,92,0.10584
1966,Frau,93,0.120853
1966,Frau,94,0.13722
1966,Frau,95,0.155005
1966,Frau,96,0.174278
1966,Frau,97,0.195087
1966,Frau,98,0.217525
1966,Frau,99,0.24181
1966,Frau,100,0.267945
1966,Frau,101,0.295908
1966,Frau,102,0.325881
1966,Frau,103,0.358158
1966,Frau,104,0.392979
1966,Frau,105,0.429368
1966,Frau,106,0.466825
1966,Frau,107,0.50836
1966,Frau,108,0.551897
1966,Frau,109,0.59712
1966,Frau,110,0.643712
1966,Frau,111,0.691193
1966,Frau,112,0.738889
1966,Frau,113,0.785915
1966,Frau,114,0.831167
1966,Frau,115,0.873364
1966,Frau,116,0.911144
1966,Frau,117,0.943222
1966,Frau,118,0.968635
1966,Frau,119,0.987044
1966,Frau,120,1.0
1966,Mann,0,0.019231
1966,Mann,1,0.001604
1966,Mann,2,0.000934
1966,Mann,3,0.000509
1966,Mann,4,0.000758
1966,Mann,5,0.000682
1966,Mann,6,0.000646
1966,Mann,7,0.000515
1966,Mann,8,0.000382
1966,Mann,9,0.000385
1966,Mann,10,0.000271
1966,Mann,11,0.000543
1966,Mann,12,0.000272
1966,Mann,13,0.000232
1966,Mann,14,0.000462
1966,Mann,15,0.00048
1966,Mann,16,0.000881
1966,Mann,17,0.000862
1966,Mann,18,0.001278
1966,Mann,19,0.001617
1966,Mann,20,0.001289
1966,Mann,21,0.001774
1966,Mann,22,0.001893
1966,Mann,23,0.002001
1966,Mann,24,0.001869
1966,Mann,25,0.001521
1966,Mann,26,0.001317
1966,Mann,27,0.00147
1966,Mann,28,0.001278
1966,Mann,29,0.001231
1966,Mann,30,0.001142
1966,Mann,31,0.001024
1966,Mann,32,0.00107
1966,Mann,33,0.001079
1966,Mann,34,0.000964
1966,Mann,35,0.000875
1966,Mann,36,0.000913
1966,Mann,37,0.000875
1966,Mann,38,0.001011
1966,Mann,39,0.001131
1966,Mann,40,0.001079
1966,Mann,41,0.001266
1966,Mann,42,0.001102
1966,Mann,43,0.001229
1966,Mann,44,0.001343
1966,Mann,45,0.00199
1966,Mann,46,0.001801
1966,Mann,47,0.001658
1966,Mann,48,0.001709
1966,Mann,49,0.002171
1966,Mann,50,0.002244
1966,Mann,51,0.002322
1966,Mann,52,0.002681
1966,Mann,53,0.0026
1966,Mann,54,0.003019
1966,Mann,55,0.003861
1966,Mann,56,0.003909
1966,Mann,57,0.00383
1966,Mann,58,0.004124
1966,Mann,59,0.004457
1966,Mann,60,0.004835
1966,Mann,61,0.005258
1966,Mann,62,0.005726
1966,Mann,63,0.006232
1966,Mann,64,0.006752
1966,Mann,65,0.007272
1966,Mann,66,0.007785
1966,Mann,67,0.008301
1966,Mann,68,0.008833
1966,Mann,69,0.00941
1966,Mann,70,0.010079
1966,Mann,71,0.010881
1966,Mann,72,0.011823
1966,Mann,73,0.012912
1966,Mann,74,0.014173
1966,Mann,75,0.015629
1966,Mann,76,0.017305
1966,Mann,77,0.019255
1966,Mann,78,0.021584
1966,Mann,79,0.024323
1966,Mann,80,0.027422
1966,Mann,81,0.031098
1966,Mann,82,0.035473
1966,Mann,83,0.040672
1966,Mann,84,0.046789
1966,Mann,85,0.053871
1966,Mann,86,0.061988
1966,Mann,87,0.071311
1966,Mann,88,0.08206
1966,Mann,89,0.094498
1966,Mann,90,0.10879
1966,Mann,91,0.12504
1966,Mann,92,0.143179
1966,Mann,93,0.163105
1966,Mann,94,0.184737
1966,Mann,95,0.20787
1966,Mann,96,0.232403
1966,Mann,97,0.258817
1966,Mann,98,0.287845
1966,Mann,99,0.320364
1966,Mann,100,0.356568
1966,Mann,101,0.396226
1966,Mann,102,0.438237
1966,Mann,103,0.482757
1966,Mann,104,0.535361
1966,Mann,105,0.60017
1966,Mann,106,0.642794
1966,Mann,107,0.686486
1966,Mann,108,0.730651
1966,Mann,109,0.774498
1966,Mann,110,0.81704
1966,Mann,111,0.857132
1966,Mann,112,0.893555
1966,Mann,113,0.925156
1966,Mann,114,0.951034
1966,Mann,115,0.970744
1966,Mann,116,0.984441
1966,Mann,117,0.992912
1966,Mann,118,0.997412
1966,Mann,119,0.999358
1966,Mann,120,1.0
1967,Frau,0,0.014615
1967,Frau,1,0.001118
1967,Frau,2,0.000707
1967,Frau,3,0.000727
1967,Frau,4,0.000569
1967,Frau,5,0.000326
1967,Frau,6,0.000265
1967,Frau,7,0.000429
1967,Frau,8,0.000248
1967,Frau,9,0.000229
1967,Frau,10,0.000188
1967,Frau,11,0.000146
1967,Frau,12,0.000188
1967,Frau,13,0.000145
1967,Frau,14,0.000208
1967,Frau,15,0.00027
1967,Frau,16,0.000332
1967,Frau,17,0.000269
1967,Frau,18,0.000513
1967,Frau,19,0.000549
1967,Frau,20,0.000503
1967,Frau,21,0.000398
1967,Frau,22,0.000608
1967,Frau,23,0.000401
1967,Frau,24,0.000631
1967,Frau,25,0.000507
1967,Frau,26,0.000531
1967,Frau,27,0.000469
1967,Frau,28,0.000427
1967,Frau,29,0.000322
1967,Frau,30,0.000455
1967,Frau,31,0.000353
1967,Frau,32,0.00045
1967,Frau,33,0.00033
1967,Frau,34,0.000442
1967,Frau,35,0.000536
1967,Frau,36,0.000517
1967,Frau,37,0.000514
1967,Frau,38,0.000513
1967,Frau,39,0.000463
1967,Frau,40,0.000396
1967,Frau,41,0.000613
1967,Frau,42,0.00064
1967,Frau,43,0.000745
1967,Frau,44,0.000695
1967,Frau,45,0.000891
1967,Frau,46,0.000902
1967,Frau,47,0.001081
1967,Frau,48,0.001169
1967,Frau,49,0.001363
1967,Frau,50,0.001529
1967,Frau,51,0.00144
1967,Frau,52,0.001441
1967,Frau,53,0.001625
1967,Frau,54,0.002208
1967,Frau,55,0.002009
1967,Frau,56,0.001875
1967,Frau,57,0.002006
1967,Frau,58,0.002152
1967,Frau,59,0.002321
1967,Frau,60,0.002519
1967,Frau,61,0.002752
1967,Frau,62,0.003016
1967,Frau,63,0.003299
1967,Frau,64,0.003589
1967,Frau,65,0.00388
1967,Frau,66,0.004174
1967,Frau,67,0.004493
1967,Frau,68,0.004852
1967,Frau,69,0.005259
1967,Frau,70,0.005715
1967,Frau,71,0.006224
1967,Frau,72,0.006806
1967,Frau,73,0.007477
1967,Frau,74,0.008254
1967,Frau,75,0.00916
1967,Frau,76,0.010222
1967,Frau,77,0.011485
1967,Frau,78,0.013007
1967,Frau,79,0.01485
1967,Frau,80,0.017083
1967,Frau,81,0.019705
1967,Frau,82,0.022799
1967,Frau,83,0.0265
1967,Frau,84,0.030891
1967,Frau,85,0.036117
1967,Frau,86,0.04233
1967,Frau,87,0.049634
1967,Frau,88,0.058124
1967,Frau,89,0.067856
1967,Frau,90,0.078856
1967,Frau,91,0.091147
1967,Frau,92,0.104745
1967,Frau,93,0.119672
1967,Frau,94,0.13596
1967,Frau,95,0.153675
1967,Frau,96,0.172887
1967,Frau,97,0.193647
1967,Frau,98,0.216049
1967,Frau,99,0.240311
1967,Frau,100,0.266436
1967,Frau,101,0.294408
1967,Frau,102,0.324405
1967,Frau,103,0.356724
1967,Frau,104,0.391602
1967,Frau,105,0.428072
1967,Frau,106,0.465637
1967,Frau,107,0.507286
1967,Frau,108,0.550956
1967,Frau,109,0.59633
1967,Frau,110,0.643086
1967,Frau,111,0.690738
1967,Frau,112,0.738606
1967,Frau,113,0.785793
1967,Frau,114,0.831185
1967,Frau,115,0.87349
1967,Frau,116,0.911332
1967,Frau,117,0.943423
1967,Frau,118,0.968801
1967,Frau,119,0.987137
1967,Frau,120,1.0
1967,Mann,0,0.020516
1967,Mann,1,0.001547
1967,Mann,2,0.001005
1967,Mann,3,0.00101
1967,Mann,4,0.000816
1967,Mann,5,0.000565
1967,Mann,6,0.000548
1967,Mann,7,0.000471
1967,Mann,8,0.000416
1967,Mann,9,0.000399
1967,Mann,10,0.00034
1967,Mann,11,0.00042
1967,Mann,12,0.0004
1967,Mann,13,0.000299
1967,Mann,14,0.000397
1967,Mann,15,0.000317
1967,Mann,16,0.000435
1967,Mann,17,0.000806
1967,Mann,18,0.001407
1967,Mann,19,0.00148
1967,Mann,20,0.001263
1967,Mann,21,0.001451
1967,Mann,22,0.001171
1967,Mann,23,0.001434
1967,Mann,24,0.001648
1967,Mann,25,0.001638
1967,Mann,26,0.001847
1967,Mann,27,0.001615
1967,Mann,28,0.001285
1967,Mann,29,0.000972
1967,Mann,30,0.001274
1967,Mann,31,0.000864
1967,Mann,32,0.001008
1967,Mann,33,0.000803
1967,Mann,34,0.000937
1967,Mann,35,0.000993
1967,Mann,36,0.001424
1967,Mann,37,0.001095
1967,Mann,38,0.001123
1967,Mann,39,0.001021
1967,Mann,40,0.001106
1967,Mann,41,0.001201
1967,Mann,42,0.001363
1967,Mann,43,0.001359
1967,Mann,44,0.001273
1967,Mann,45,0.001553
1967,Mann,46,0.001389
1967,Mann,47,0.001558
1967,Mann,48,0.001747
1967,Mann,49,0.001625
1967,Mann,50,0.002103
1967,Mann,51,0.001957
1967,Mann,52,0.00241
1967,Mann,53,0.002954
1967,Mann,54,0.003069
1967,Mann,55,0.003186
1967,Mann,56,0.003464
1967,Mann,57,0.003726
1967,Mann,58,0.004013
1967,Mann,59,0.004338
1967,Mann,60,0.004706
1967,Mann,61,0.00512
1967,Mann,62,0.005577
1967,Mann,63,0.006071
1967,Mann,64,0.006579
1967,Mann,65,0.007086
1967,Mann,66,0.007588
1967,Mann,67,0.008091
1967,Mann,68,0.008612
1967,Mann,69,0.009176
1967,Mann,70,0.009832
1967,Mann,71,0.010619
1967,Mann,72,0.011545
1967,Mann,73,0.012615
1967,Mann,74,0.013858
1967,Mann,75,0.015292
1967,Mann,76,0.016946
1967,Mann,77,0.018871
1967,Mann,78,0.021174
1967,Mann,79,0.023884
1967,Mann,80,0.026944
1967,Mann,81,0.030575
1967,Mann,82,0.034898
1967,Mann,83,0.040039
1967,Mann,84,0.046088
1967,Mann,85,0.053097
1967,Mann,86,0.061137
1967,Mann,87,0.070378
1967,Mann,88,0.081039
1967,Mann,89,0.093382
1967,Mann,90,0.107576
1967,Mann,91,0.123726
1967,Mann,92,0.141771
1967,Mann,93,0.161613
1967,Mann,94,0.183177
1967,Mann,95,0.206264
1967,Mann,96,0.230776
1967,Mann,97,0.257194
1967,Mann,98,0.286244
1967,Mann,99,0.318801
1967,Mann,100,0.355063
1967,Mann,101,0.394804
1967,Mann,102,0.436936
1967,Mann,103,0.48161
1967,Mann,104,0.534359
1967,Mann,105,0.599276
1967,Mann,106,0.642195
1967,Mann,107,0.686182
1967,Mann,108,0.73063
1967,Mann,109,0.774733
1967,Mann,110,0.817488
1967,Mann,111,0.857734
1967,Mann,112,0.894238
1967,Mann,113,0.925842
1967,Mann,114,0.951651
1967,Mann,115,0.971237
1967,Mann,116,0.984786
1967,Mann,117,0.993116
1967,Mann,118,0.997507
1967,Mann,119,0.999388
1967,Mann,120,1.0
1968,Frau,0,0.014767
1968,Frau,1,0.00115
1968,Frau,2,0.000719
1968,Frau,3,0.000558
1968,Frau,4,0.000456
1968,Frau,5,0.000311
1968,Frau,6,0.000333
1968,Frau,7,0.000147
1968,Frau,8,0.000255
1968,Frau,9,0.000299
1968,Frau,10,0.000171
1968,Frau,11,0.00017
1968,Frau,12,0.000276
1968,Frau,13,0.000233
1968,Frau,14,0.000106
1968,Frau,15,0.000361
1968,Frau,16,0.000232
1968,Frau,17,0.000379
1968,Frau,18,0.000354
1968,Frau,19,0.00035
1968,Frau,20,0.000633
1968,Frau,21,0.000403
1968,Frau,22,0.000395
1968,Frau,23,0.000459
1968,Frau,24,0.000375
1968,Frau,25,0.000567
1968,Frau,26,0.000465
1968,Frau,27,0.000474
1968,Frau,28,0.00047
1968,Frau,29,0.000415
1968,Frau,30,0.000533
1968,Frau,31,0.000375
1968,Frau,32,0.000508
1968,Frau,33,0.000518
1968,Frau,34,0.00038
1968,Frau,35,0.000574
1968,Frau,36,0.000391
1968,Frau,37,0.000519
1968,Frau,38,0.000453
1968,Frau,39,0.000578
1968,Frau,40,0.000524
1968,Frau,41,0.000584
1968,Frau,42,0.000612
1968,Frau,43,0.00089
1968,Frau,44,0.00104
1968,Frau,45,0.000771
1968,Frau,46,0.000875
1968,Frau,47,0.001009
1968,Frau,48,0.001067
1968,Frau,49,0.001416
1968,Frau,50,0.001096
1968,Frau,51,0.001278
1968,Frau,52,0.001583
1968,Frau,53,0.001463
1968,Frau,54,0.001776
1968,Frau,55,0.001712
1968,Frau,56,0.001834
1968,Frau,57,0.001962
1968,Frau,58,0.002104
1968,Frau,59,0.002269
1968,Frau,60,0.002463
1968,Frau,61,0.002691
1968,Frau,62,0.002949
1968,Frau,63,0.003226
1968,Frau,64,0.003509
1968,Frau,65,0.003794
1968,Frau,66,0.004082
1968,Frau,67,0.004394
1968,Frau,68,0.004745
1968,Frau,69,0.005144
1968,Frau,70,0.005592
1968,Frau,71,0.006092
1968,Frau,72,0.006665
1968,Frau,73,0.007326
1968,Frau,74,0.008092
1968,Frau,75,0.008986
1968,Frau,76,0.010035
1968,Frau,77,0.011282
1968,Frau,78,0.012786
1968,Frau,79,0.014609
1968,Frau,80,0.016817
1968,Frau,81,0.019408
1968,Frau,82,0.022464
1968,Frau,83,0.02612
1968,Frau,84,0.03046
1968,Frau,85,0.035627
1968,Frau,86,0.041771
1968,Frau,87,0.048999
1968,Frau,88,0.057405
1968,Frau,89,0.067048
1968,Frau,90,0.077956
1968,Frau,91,0.090155
1968,Frau,92,0.103663
1968,Frau,93,0.118503
1968,Frau,94,0.134713
1968,Frau,95,0.152357
1968,Frau,96,0.171508
1968,Frau,97,0.192219
1968,Frau,98,0.214585
1968,Frau,99,0.238822
1968,Frau,100,0.264939
1968,Frau,101,0.292917
1968,Frau,102,0.322938
1968,Frau,103,0.355297
1968,Frau,104,0.390231
1968,Frau,105,0.426781
1968,Frau,106,0.464452
1968,Frau,107,0.506213
1968,Frau,108,0.550014
1968,Frau,109,0.595537
1968,Frau,110,0.642455
1968,Frau,111,0.690277
1968,Frau,112,0.738315
1968,Frau,113,0.785663
1968,Frau,114,0.831195
1968,Frau,115,0.873607
1968,Frau,116,0.911512
1968,Frau,117,0.943617
1968,Frau,118,0.968961
1968,Frau,119,0.987227
1968,Frau,120,1.0
1968,Mann,0,0.017517
1968,Mann,1,0.001465
1968,Mann,2,0.000804
1968,Mann,3,0.00096
1968,Mann,4,0.000766
1968,Mann,5,0.00065
1968,Mann,6,0.000474
1968,Mann,7,0.000541
1968,Mann,8,0.000406
1968,Mann,9,0.000306
1968,Mann,10,0.000368
1968,Mann,11,0.000408
1968,Mann,12,0.000244
1968,Mann,13,0.000345
1968,Mann,14,0.000628
1968,Mann,15,0.000587
1968,Mann,16,0.000685
1968,Mann,17,0.000902
1968,Mann,18,0.001294
1968,Mann,19,0.001607
1968,Mann,20,0.001798
1968,Mann,21,0.001414
1968,Mann,22,0.001533
1968,Mann,23,0.001689
1968,Mann,24,0.001744
1968,Mann,25,0.001576
1968,Mann,26,0.001193
1968,Mann,27,0.001141
1968,Mann,28,0.000939
1968,Mann,29,0.00111
1968,Mann,30,0.000963
1968,Mann,31,0.001057
1968,Mann,32,0.000877
1968,Mann,33,0.000875
1968,Mann,34,0.000864
1968,Mann,35,0.001036
1968,Mann,36,0.000916
1968,Mann,37,0.001042
1968,Mann,38,0.000858
1968,Mann,39,0.000864
1968,Mann,40,0.000947
1968,Mann,41,0.001111
1968,Mann,42,0.001373
1968,Mann,43,0.001457
1968,Mann,44,0.001445
1968,Mann,45,0.001435
1968,Mann,46,0.001849
1968,Mann,47,0.0016
1968,Mann,48,0.001733
1968,Mann,49,0.001915
1968,Mann,50,0.002082
1968,Mann,51,0.002448
1968,Mann,52,0.002904
1968,Mann,53,0.0027
1968,Mann,54,0.002894
1968,Mann,55,0.003133
1968,Mann,56,0.00337
1968,Mann,57,0.003626
1968,Mann,58,0.003905
1968,Mann,59,0.004222
1968,Mann,60,0.004581
1968,Mann,61,0.004985
1968,Mann,62,0.005432
1968,Mann,63,0.005914
1968,Mann,64,0.00641
1968,Mann,65,0.006906
1968,Mann,66,0.007396
1968,Mann,67,0.007888
1968,Mann,68,0.008396
1968,Mann,69,0.008949
1968,Mann,70,0.009591
1968,Mann,71,0.010364
1968,Mann,72,0.011273
1968,Mann,73,0.012327
1968,Mann,74,0.01355
1968,Mann,75,0.014964
1968,Mann,76,0.016595
1968,Mann,77,0.018496
1968,Mann,78,0.020773
1968,Mann,79,0.023454
1968,Mann,80,0.026476
1968,Mann,81,0.030063
1968,Mann,82,0.034335
1968,Mann,83,0.039416
1968,Mann,84,0.045399
1968,Mann,85,0.052336
1968,Mann,86,0.060299
1968,Mann,87,0.069457
1968,Mann,88,0.08003
1968,Mann,89,0.092279
1968,Mann,90,0.106374
1968,Mann,91,0.122425
1968,Mann,92,0.140373
1968,Mann,93,0.160131
1968,Mann,94,0.181625
1968,Mann,95,0.204664
1968,Mann,96,0.229155
1968,Mann,97,0.255574
1968,Mann,98,0.284646
1968,Mann,99,0.317238
1968,Mann,100,0.353555
1968,Mann,101,0.393377
1968,Mann,102,0.435627
1968,Mann,103,0.480453
1968,Mann,104,0.533344
1968,Mann,105,0.598367
1968,Mann,106,0.641579
1968,Mann,107,0.685859
1968,Mann,108,0.730588
1968,Mann,109,0.774946
1968,Mann,110,0.817914
1968,Mann,111,0.858313
1968,Mann,112,0.894898
1968,Mann,113,0.926507
1968,Mann,114,0.952249
1968,Mann,115,0.971715
1968,Mann,116,0.985119
1968,Mann,117,0.993311
1968,Mann,118,0.997598
1968,Mann,119,0.999416
1968,Mann,120,1.0
1969,Frau,0,0.013995
1969,Frau,1,0.000966
1969,Frau,2,0.000676
1969,Frau,3,0.000509
1969,Frau,4,0.000659
1969,Frau,5,0.00051
1969,Frau,6,0.000346
1969,Frau,7,0.000308
1969,Frau,8,0.000266
1969,Frau,9,8.9e-05
1969,Frau,10,0.000111
1969,Frau,11,0.000243
1969,Frau,12,0.000176
1969,Frau,13,0.000154
1969,Frau,14,0.000154
1969,Frau,15,0.000307
1969,Frau,16,0.000262
1969,Frau,17,0.000325
1969,Frau,18,0.000322
1969,Frau,19,0.000403
1969,Frau,20,0.000336
1969,Frau,21,0.00035
1969,Frau,22,0.000663
1969,Frau,23,0.000353
1969,Frau,24,0.000441
1969,Frau,25,0.000393
1969,Frau,26,0.000348
1969,Frau,27,0.000435
1969,Frau,28,0.000448
1969,Frau,29,0.000462
1969,Frau,30,0.000369
1969,Frau,31,0.000401
1969,Frau,32,0.000309
1969,Frau,33,0.000543
1969,Frau,34,0.000505
1969,Frau,35,0.000651
1969,Frau,36,0.000515
1969,Frau,37,0.000396
1969,Frau,38,0.000409
1969,Frau,39,0.00065
1969,Frau,40,0.000758
1969,Frau,41,0.000738
1969,Frau,42,0.000718
1969,Frau,43,0.000682
1969,Frau,44,0.000772
1969,Frau,45,0.000689
1969,Frau,46,0.000796
1969,Frau,47,0.001026
1969,Frau,48,0.001302
1969,Frau,49,0.001222
1969,Frau,50,0.001052
1969,Frau,51,0.001206
1969,Frau,52,0.0015
1969,Frau,53,0.001481
1969,Frau,54,0.001553
1969,Frau,55,0.001675
1969,Frau,56,0.001795
1969,Frau,57,0.001919
1969,Frau,58,0.002058
1969,Frau,59,0.002219
1969,Frau,60,0.002408
1969,Frau,61,0.002631
1969,Frau,62,0.002883
1969,Frau,63,0.003154
1969,Frau,64,0.003431
1969,Frau,65,0.00371
1969,Frau,66,0.003991
1969,Frau,67,0.004297
1969,Frau,68,0.004641
1969,Frau,69,0.005032
1969,Frau,70,0.005472
1969,Frau,71,0.005964
1969,Frau,72,0.006527
1969,Frau,73,0.007179
1969,Frau,74,0.007934
1969,Frau,75,0.008815
1969,Frau,76,0.009851
1969,Frau,77,0.011084
1969,Frau,78,0.01257
1969,Frau,79,0.014372
1969,Frau,80,0.016556
1969,Frau,81,0.019117
1969,Frau,82,0.022136
1969,Frau,83,0.025747
1969,Frau,84,0.030037
1969,Frau,85,0.035145
1969,Frau,86,0.041221
1969,Frau,87,0.048373
1969,Frau,88,0.056696
1969,Frau,89,0.066251
1969,Frau,90,0.077067
1969,Frau,91,0.089174
1969,Frau,92,0.102592
1969,Frau,93,0.117348
1969,Frau,94,0.133479
1969,Frau,95,0.151053
1969,Frau,96,0.170143
1969,Frau,97,0.190804
1969,Frau,98,0.213133
1969,Frau,99,0.237346
1969,Frau,100,0.263452
1969,Frau,101,0.291437
1969,Frau,102,0.321481
1969,Frau,103,0.353878
1969,Frau,104,0.388867
1969,Frau,105,0.425495
1969,Frau,106,0.46327
1969,Frau,107,0.505142
1969,Frau,108,0.549072
1969,Frau,109,0.594742
1969,Frau,110,0.64182
1969,Frau,111,0.689811
1969,Frau,112,0.738018
1969,Frau,113,0.785525
1969,Frau,114,0.831196
1969,Frau,115,0.873715
1969,Frau,116,0.911685
1969,Frau,117,0.943805
1969,Frau,118,0.969117
1969,Frau,119,0.987314
1969,Frau,120,1.0
1969,Mann,0,0.01757
1969,Mann,1,0.001424
1969,Mann,2,0.001219
1969,Mann,3,0.000611
1969,Mann,4,0.000673
1969,Mann,5,0.00051
1969,Mann,6,0.000332
1969,Mann,7,0.000591
1969,Mann,8,0.000405
1969,Mann,9,0.000298
1969,Mann,10,0.000425
1969,Mann,11,0.000317
1969,Mann,12,0.000232
1969,Mann,13,0.000316
1969,Mann,14,0.000421
1969,Mann,15,0.000461
1969,Mann,16,0.000729
1969,Mann,17,0.000993
1969,Mann,18,0.001088
1969,Mann,19,0.001331
1969,Mann,20,0.001343
1969,Mann,21,0.001432
1969,Mann,22,0.001959
1969,Mann,23,0.001623
1969,Mann,24,0.001725
1969,Mann,25,0.001629
1969,Mann,26,0.001438
1969,Mann,27,0.001003
1969,Mann,28,0.000885
1969,Mann,29,0.000969
1969,Mann,30,0.000777
1969,Mann,31,0.001146
1969,Mann,32,0.000769
1969,Mann,33,0.000842
1969,Mann,34,0.000818
1969,Mann,35,0.000947
1969,Mann,36,0.000976
1969,Mann,37,0.000702
1969,Mann,38,0.001072
1969,Mann,39,0.000861
1969,Mann,40,0.001015
1969,Mann,41,0.001303
1969,Mann,42,0.001054
1969,Mann,43,0.001233
1969,Mann,44,0.001206
1969,Mann,45,0.001228
1969,Mann,46,0.001545
1969,Mann,47,0.001726
1969,Mann,48,0.001845
1969,Mann,49,0.001737
1969,Mann,50,0.002354
1969,Mann,51,0.002139
1969,Mann,52,0.002434
1969,Mann,53,0.00255
1969,Mann,54,0.002832
1969,Mann,55,0.003048
1969,Mann,56,0.00328
1969,Mann,57,0.003528
1969,Mann,58,0.003801
1969,Mann,59,0.00411
1969,Mann,60,0.00446
1969,Mann,61,0.004854
1969,Mann,62,0.005291
1969,Mann,63,0.005762
1969,Mann,64,0.006246
1969,Mann,65,0.00673
1969,Mann,66,0.007209
1969,Mann,67,0.007689
1969,Mann,68,0.008186
1969,Mann,69,0.008727
1969,Mann,70,0.009357
1969,Mann,71,0.010115
1969,Mann,72,0.011009
1969,Mann,73,0.012045
1969,Mann,74,0.013249
1969,Mann,75,0.014643
1969,Mann,76,0.016252
1969,Mann,77,0.018129
1969,Mann,78,0.020381
1969,Mann,79,0.023033
1969,Mann,80,0.026018
1969,Mann,81,0.02956
1969,Mann,82,0.033781
1969,Mann,83,0.038804
1969,Mann,84,0.044722
1969,Mann,85,0.051586
1969,Mann,86,0.059472
1969,Mann,87,0.068548
1969,Mann,88,0.079032
1969,Mann,89,0.091187
1969,Mann,90,0.105183
1969,Mann,91,0.121134
1969,Mann,92,0.138987
1969,Mann,93,0.158659
1969,Mann,94,0.180083
1969,Mann,95,0.203073
1969,Mann,96,0.22754
1969,Mann,97,0.253959
1969,Mann,98,0.283049
1969,Mann,99,0.315675
1969,Mann,100,0.352045
1969,Mann,101,0.391945
1969,Mann,102,0.43431
1969,Mann,103,0.479285
1969,Mann,104,0.532315
1969,Mann,105,0.597444
1969,Mann,106,0.640946
1969,Mann,107,0.685517
1969,Mann,108,0.730526
1969,Mann,109,0.775138
1969,Mann,110,0.818317
1969,Mann,111,0.858869
1969,Mann,112,0.895537
1969,Mann,113,0.927151
1969,Mann,114,0.952828
1969,Mann,115,0.972176
1969,Mann,116,0.985439
1969,Mann,117,0.993498
1969,Mann,118,0.997684
1969,Mann,119,0.999442
1969,Mann,120,1.0
1970,Frau,0,0.012524
1970,Frau,1,0.000949
1970,Frau,2,0.000653
1970,Frau,3,0.000526
1970,Frau,4,0.000351
1970,Frau,5,0.000423
1970,Frau,6,0.000296
1970,Frau,7,0.000299
1970,Frau,8,0.000184
1970,Frau,9,0.000184
1970,Frau,10,0.00023
1970,Frau,11,0.000114
1970,Frau,12,9.1e-05
1970,Frau,13,0.00016
1970,Frau,14,0.000228
1970,Frau,15,0.000295
1970,Frau,16,0.000518
1970,Frau,17,0.000313
1970,Frau,18,0.000529
1970,Frau,19,0.000349
1970,Frau,20,0.00045
1970,Frau,21,0.000463
1970,Frau,22,0.000498
1970,Frau,23,0.000324
1970,Frau,24,0.000414
1970,Frau,25,0.000445
1970,Frau,26,0.000477
1970,Frau,27,0.000208
1970,Frau,28,0.000243
1970,Frau,29,0.000552
1970,Frau,30,0.0004
1970,Frau,31,0.000519
1970,Frau,32,0.000406
1970,Frau,33,0.00042
1970,Frau,34,0.000382
1970,Frau,35,0.000485
1970,Frau,36,0.000482
1970,Frau,37,0.000495
1970,Frau,38,0.000388
1970,Frau,39,0.000552
1970,Frau,40,0.000615
1970,Frau,41,0.000627
1970,Frau,42,0.000622
1970,Frau,43,0.000698
1970,Frau,44,0.000871
1970,Frau,45,0.000866
1970,Frau,46,0.000735
1970,Frau,47,0.00102
1970,Frau,48,0.001097
1970,Frau,49,0.001001
1970,Frau,50,0.001237
1970,Frau,51,0.001174
1970,Frau,52,0.001351
1970,Frau,53,0.001401
1970,Frau,54,0.00152
1970,Frau,55,0.00164
1970,Frau,56,0.001756
1970,Frau,57,0.001878
1970,Frau,58,0.002013
1970,Frau,59,0.00217
1970,Frau,60,0.002355
1970,Frau,61,0.002572
1970,Frau,62,0.002819
1970,Frau,63,0.003084
1970,Frau,64,0.003355
1970,Frau,65,0.003628
1970,Frau,66,0.003903
1970,Frau,67,0.004202
1970,Frau,68,0.004539
1970,Frau,69,0.004923
1970,Frau,70,0.005355
1970,Frau,71,0.005838
1970,Frau,72,0.006393
1970,Frau,73,0.007034
1970,Frau,74,0.007779
1970,Frau,75,0.008649
1970,Frau,76,0.009672
1970,Frau,77,0.01089
1970,Frau,78,0.01236
1970,Frau,79,0.014141
1970,Frau,80,0.016302
1970,Frau,81,0.018833
1970,Frau,82,0.021814
1970,Frau,83,0.025382
1970,Frau,84,0.029621
1970,Frau,85,0.034671
1970,Frau,86,0.04068
1970,Frau,87,0.047757
1970,Frau,88,0.055997
1970,Frau,89,0.065464
1970,Frau,90,0.07619
1970,Frau,91,0.088205
1970,Frau,92,0.101533
1970,Frau,93,0.116204
1970,Frau,94,0.132257
1970,Frau,95,0.14976
1970,Frau,96,0.16879
1970,Frau,97,0.189402
1970,Frau,98,0.211694
1970,Frau,99,0.235881
1970,Frau,100,0.261976
1970,Frau,101,0.289967
1970,Frau,102,0.320033
1970,Frau,103,0.352468
1970,Frau,104,0.387509
1970,Frau,105,0.424214
1970,Frau,106,0.462092
1970,Frau,107,0.504072
1970,Frau,108,0.54813
1970,Frau,109,0.593945
1970,Frau,110,0.641182
1970,Frau,111,0.689339
1970,Frau,112,0.737713
1970,Frau,113,0.785379
1970,Frau,114,0.831189
1970,Frau,115,0.873815
1970,Frau,116,0.911849
1970,Frau,117,0.943986
1970,Frau,118,0.969267
1970,Frau,119,0.987399
1970,Frau,120,1.0
1970,Mann,0,0.017442
1970,Mann,1,0.001221
1970,Mann,2,0.000965
1970,Mann,3,0.0006
1970,Mann,4,0.000642
1970,Mann,5,0.000505
1970,Mann,6,0.000386
1970,Mann,7,0.000369
1970,Mann,8,0.000414
1970,Mann,9,0.000218
1970,Mann,10,0.000304
1970,Mann,11,0.000259
1970,Mann,12,0.000172
1970,Mann,13,0.00028
1970,Mann,14,0.000493
1970,Mann,15,0.000342
1970,Mann,16,0.000572
1970,Mann,17,0.000778
1970,Mann,18,0.001208
1970,Mann,19,0.001537
1970,Mann,20,0.001525
1970,Mann,21,0.001968
1970,Mann,22,0.001324
1970,Mann,23,0.001205
1970,Mann,24,0.001353
1970,Mann,25,0.001186
1970,Mann,26,0.00116
1970,Mann,27,0.000921
1970,Mann,28,0.001066
1970,Mann,29,0.000863
1970,Mann,30,0.001095
1970,Mann,31,0.000924
1970,Mann,32,0.001142
1970,Mann,33,0.000617
1970,Mann,34,0.000663
1970,Mann,35,0.000919
1970,Mann,36,0.000877
1970,Mann,37,0.00083
1970,Mann,38,0.000934
1970,Mann,39,0.000942
1970,Mann,40,0.001124
1970,Mann,41,0.001179
1970,Mann,42,0.001135
1970,Mann,43,0.00125
1970,Mann,44,0.001176
1970,Mann,45,0.001043
1970,Mann,46,0.001228
1970,Mann,47,0.001588
1970,Mann,48,0.001792
1970,Mann,49,0.002028
1970,Mann,50,0.002262
1970,Mann,51,0.002547
1970,Mann,52,0.002487
1970,Mann,53,0.002568
1970,Mann,54,0.002756
1970,Mann,55,0.002966
1970,Mann,56,0.003192
1970,Mann,57,0.003434
1970,Mann,58,0.0037
1970,Mann,59,0.004001
1970,Mann,60,0.004343
1970,Mann,61,0.004728
1970,Mann,62,0.005154
1970,Mann,63,0.005614
1970,Mann,64,0.006087
1970,Mann,65,0.00656
1970,Mann,66,0.007026
1970,Mann,67,0.007496
1970,Mann,68,0.007981
1970,Mann,69,0.008511
1970,Mann,70,0.009128
1970,Mann,71,0.009872
1970,Mann,72,0.010751
1970,Mann,73,0.01177
1970,Mann,74,0.012956
1970,Mann,75,0.01433
1970,Mann,76,0.015917
1970,Mann,77,0.01777
1970,Mann,78,0.019997
1970,Mann,79,0.022622
1970,Mann,80,0.025569
1970,Mann,81,0.029068
1970,Mann,82,0.033239
1970,Mann,83,0.038204
1970,Mann,84,0.044055
1970,Mann,85,0.050848
1970,Mann,86,0.058657
1970,Mann,87,0.067651
1970,Mann,88,0.078047
1970,Mann,89,0.090108
1970,Mann,90,0.104005
1970,Mann,91,0.119856
1970,Mann,92,0.137612
1970,Mann,93,0.157198
1970,Mann,94,0.17855
1970,Mann,95,0.20149
1970,Mann,96,0.225932
1970,Mann,97,0.252349
1970,Mann,98,0.281456
1970,Mann,99,0.314113
1970,Mann,100,0.350533
1970,Mann,101,0.390509
1970,Mann,102,0.432985
1970,Mann,103,0.478107
1970,Mann,104,0.531275
1970,Mann,105,0.596506
1970,Mann,106,0.640296
1970,Mann,107,0.685157
1970,Mann,108,0.730444
1970,Mann,109,0.775309
1970,Mann,110,0.818699
1970,Mann,111,0.859404
1970,Mann,112,0.896154
1970,Mann,113,0.927775
1970,Mann,114,0.953389
1970,Mann,115,0.972623
1970,Mann,116,0.985748
1970,Mann,117,0.993678
1970,Mann,118,0.997766
1970,Mann,119,0.999467
1970,Mann,120,1.0
1971,Frau,0,0.01182
1971,Frau,1,0.001032
1971,Frau,2,0.000423
1971,Frau,3,0.000649
1971,Frau,4,0.000203
1971,Frau,5,0.000277
1971,Frau,6,0.00035
1971,Frau,7,0.000188
1971,Frau,8,0.000165
1971,Frau,9,0.000235
1971,Frau,10,0.000164
1971,Frau,11,0.000211
1971,Frau,12,0.000164
1971,Frau,13,0.00014
1971,Frau,14,0.000186
1971,Frau,15,0.000278
1971,Frau,16,0.000368
1971,Frau,17,0.000385
1971,Frau,18,0.000381
1971,Frau,19,0.000596
1971,Frau,20,0.000521
1971,Frau,21,0.000277
1971,Frau,22,0.000251
1971,Frau,23,0.000616
1971,Frau,24,0.000483
1971,Frau,25,0.000258
1971,Frau,26,0.000334
1971,Frau,27,0.000348
1971,Frau,28,0.000344
1971,Frau,29,0.000451
1971,Frau,30,0.00048
1971,Frau,31,0.000327
1971,Frau,32,0.000286
1971,Frau,33,0.000532
1971,Frau,34,0.000476
1971,Frau,35,0.00042
1971,Frau,36,0.000294
1971,Frau,37,0.000664
1971,Frau,38,0.000304
1971,Frau,39,0.000674
1971,Frau,40,0.000552
1971,Frau,41,0.000531
1971,Frau,42,0.000478
1971,Frau,43,0.000767
1971,Frau,44,0.00086
1971,Frau,45,0.000953
1971,Frau,46,0.000965
1971,Frau,47,0.000691
1971,Frau,48,0.001218
1971,Frau,49,0.001151
1971,Frau,50,0.001134
1971,Frau,51,0.001323
1971,Frau,52,0.001261
1971,Frau,53,0.001372
1971,Frau,54,0.001488
1971,Frau,55,0.001605
1971,Frau,56,0.001719
1971,Frau,57,0.001837
1971,Frau,58,0.001969
1971,Frau,59,0.002122
1971,Frau,60,0.002302
1971,Frau,61,0.002515
1971,Frau,62,0.002757
1971,Frau,63,0.003015
1971,Frau,64,0.003281
1971,Frau,65,0.003547
1971,Frau,66,0.003816
1971,Frau,67,0.004109
1971,Frau,68,0.00444
1971,Frau,69,0.004817
1971,Frau,70,0.005241
1971,Frau,71,0.005716
1971,Frau,72,0.006262
1971,Frau,73,0.006894
1971,Frau,74,0.007628
1971,Frau,75,0.008487
1971,Frau,76,0.009497
1971,Frau,77,0.0107
1971,Frau,78,0.012154
1971,Frau,79,0.013915
1971,Frau,80,0.016053
1971,Frau,81,0.018554
1971,Frau,82,0.021499
1971,Frau,83,0.025024
1971,Frau,84,0.029213
1971,Frau,85,0.034205
1971,Frau,86,0.040148
1971,Frau,87,0.04715
1971,Frau,88,0.055308
1971,Frau,89,0.064688
1971,Frau,90,0.075323
1971,Frau,91,0.087247
1971,Frau,92,0.100487
1971,Frau,93,0.115073
1971,Frau,94,0.131047
1971,Frau,95,0.148481
1971,Frau,96,0.167449
1971,Frau,97,0.188012
1971,Frau,98,0.210266
1971,Frau,99,0.234428
1971,Frau,100,0.260512
1971,Frau,101,0.288507
1971,Frau,102,0.318594
1971,Frau,103,0.351065
1971,Frau,104,0.386158
1971,Frau,105,0.422939
1971,Frau,106,0.460918
1971,Frau,107,0.503005
1971,Frau,108,0.547188
1971,Frau,109,0.593146
1971,Frau,110,0.640539
1971,Frau,111,0.688861
1971,Frau,112,0.737402
1971,Frau,113,0.785226
1971,Frau,114,0.831174
1971,Frau,115,0.873907
1971,Frau,116,0.912006
1971,Frau,117,0.944161
1971,Frau,118,0.969413
1971,Frau,119,0.987481
1971,Frau,120,1.0
1971,Mann,0,0.016376
1971,Mann,1,0.001359
1971,Mann,2,0.000932
1971,Mann,3,0.000916
1971,Mann,4,0.000431
1971,Mann,5,0.000351
1971,Mann,6,0.00049
1971,Mann,7,0.000381
1971,Mann,8,0.000404
1971,Mann,9,0.000201
1971,Mann,10,0.000245
1971,Mann,11,0.000266
1971,Mann,12,0.000377
1971,Mann,13,0.000266
1971,Mann,14,0.000486
1971,Mann,15,0.000505
1971,Mann,16,0.000696
1971,Mann,17,0.000774
1971,Mann,18,0.0013
1971,Mann,19,0.001612
1971,Mann,20,0.001542
1971,Mann,21,0.001494
1971,Mann,22,0.001578
1971,Mann,23,0.001462
1971,Mann,24,0.001369
1971,Mann,25,0.000923
1971,Mann,26,0.001357
1971,Mann,27,0.001047
1971,Mann,28,0.000819
1971,Mann,29,0.000986
1971,Mann,30,0.000804
1971,Mann,31,0.00079
1971,Mann,32,0.000887
1971,Mann,33,0.000537
1971,Mann,34,0.00096
1971,Mann,35,0.000775
1971,Mann,36,0.000625
1971,Mann,37,0.000921
1971,Mann,38,0.000928
1971,Mann,39,0.000759
1971,Mann,40,0.000968
1971,Mann,41,0.001188
1971,Mann,42,0.001191
1971,Mann,43,0.001502
1971,Mann,44,0.001267
1971,Mann,45,0.00147
1971,Mann,46,0.001515
1971,Mann,47,0.001593
1971,Mann,48,0.001463
1971,Mann,49,0.002049
1971,Mann,50,0.00213
1971,Mann,51,0.002373
1971,Mann,52,0.002331
1971,Mann,53,0.002499
1971,Mann,54,0.002682
1971,Mann,55,0.002887
1971,Mann,56,0.003107
1971,Mann,57,0.003343
1971,Mann,58,0.003601
1971,Mann,59,0.003895
1971,Mann,60,0.004229
1971,Mann,61,0.004605
1971,Mann,62,0.005021
1971,Mann,63,0.00547
1971,Mann,64,0.005932
1971,Mann,65,0.006393
1971,Mann,66,0.006849
1971,Mann,67,0.007307
1971,Mann,68,0.007782
1971,Mann,69,0.0083
1971,Mann,70,0.008906
1971,Mann,71,0.009636
1971,Mann,72,0.010499
1971,Mann,73,0.011502
1971,Mann,74,0.01267
1971,Mann,75,0.014024
1971,Mann,76,0.01559
1971,Mann,77,0.017419
1971,Mann,78,0.019623
1971,Mann,79,0.02222
1971,Mann,80,0.025129
1971,Mann,81,0.028585
1971,Mann,82,0.032706
1971,Mann,83,0.037613
1971,Mann,84,0.0434
1971,Mann,85,0.050121
1971,Mann,86,0.057854
1971,Mann,87,0.066765
1971,Mann,88,0.077075
1971,Mann,89,0.089041
1971,Mann,90,0.102839
1971,Mann,91,0.118589
1971,Mann,92,0.136248
1971,Mann,93,0.155747
1971,Mann,94,0.177027
1971,Mann,95,0.199916
1971,Mann,96,0.224331
1971,Mann,97,0.250744
1971,Mann,98,0.279865
1971,Mann,99,0.312552
1971,Mann,100,0.349019
1971,Mann,101,0.389068
1971,Mann,102,0.431654
1971,Mann,103,0.47692
1971,Mann,104,0.530222
1971,Mann,105,0.595554
1971,Mann,106,0.639631
1971,Mann,107,0.684779
1971,Mann,108,0.730344
1971,Mann,109,0.77546
1971,Mann,110,0.81906
1971,Mann,111,0.859918
1971,Mann,112,0.896751
1971,Mann,113,0.92838
1971,Mann,114,0.953933
1971,Mann,115,0.973055
1971,Mann,116,0.986046
1971,Mann,117,0.99385
1971,Mann,118,0.997844
1971,Mann,119,0.999491
1971,Mann,120,1.0
1972,Frau,0,0.011025
1972,Frau,1,0.000822
1972,Frau,2,0.000618
1972,Frau,3,0.000506
1972,Frau,4,0.000219
1972,Frau,5,0.000295
1972,Frau,6,0.000445
1972,Frau,7,0.000224
1972,Frau,8,0.000174
1972,Frau,9,7.4e-05
1972,Frau,10,0.000148
1972,Frau,11,0.000173
1972,Frau,12,0.000197
1972,Frau,13,0.000123
1972,Frau,14,0.000294
1972,Frau,15,0.000218
1972,Frau,16,0.00048
1972,Frau,17,0.000355
1972,Frau,18,0.000442
1972,Frau,19,0.000573
1972,Frau,20,0.000405
1972,Frau,21,0.00051
1972,Frau,22,0.00063
1972,Frau,23,0.000534
1972,Frau,24,0.000358
1972,Frau,25,0.000479
1972,Frau,26,0.00037
1972,Frau,27,0.000523
1972,Frau,28,0.000397
1972,Frau,29,0.000389
1972,Frau,30,0.000305
1972,Frau,31,0.000414
1972,Frau,32,0.000501
1972,Frau,33,0.000331
1972,Frau,34,0.000347
1972,Frau,35,0.000307
1972,Frau,36,0.00032
1972,Frau,37,0.000493
1972,Frau,38,0.000615
1972,Frau,39,0.000453
1972,Frau,40,0.000467
1972,Frau,41,0.000738
1972,Frau,42,0.000578
1972,Frau,43,0.000675
1972,Frau,44,0.00047
1972,Frau,45,0.000718
1972,Frau,46,0.000931
1972,Frau,47,0.000994
1972,Frau,48,0.001024
1972,Frau,49,0.001237
1972,Frau,50,0.001274
1972,Frau,51,0.001135
1972,Frau,52,0.001236
1972,Frau,53,0.001344
1972,Frau,54,0.001458
1972,Frau,55,0.001571
1972,Frau,56,0.001682
1972,Frau,57,0.001797
1972,Frau,58,0.001926
1972,Frau,59,0.002075
1972,Frau,60,0.002251
1972,Frau,61,0.002459
1972,Frau,62,0.002696
1972,Frau,63,0.002949
1972,Frau,64,0.003208
1972,Frau,65,0.003469
1972,Frau,66,0.003732
1972,Frau,67,0.004019
1972,Frau,68,0.004343
1972,Frau,69,0.004712
1972,Frau,70,0.005129
1972,Frau,71,0.005596
1972,Frau,72,0.006133
1972,Frau,73,0.006756
1972,Frau,74,0.00748
1972,Frau,75,0.008328
1972,Frau,76,0.009326
1972,Frau,77,0.010516
1972,Frau,78,0.011952
1972,Frau,79,0.013695
1972,Frau,80,0.015809
1972,Frau,81,0.018282
1972,Frau,82,0.02119
1972,Frau,83,0.024672
1972,Frau,84,0.028812
1972,Frau,85,0.033746
1972,Frau,86,0.039624
1972,Frau,87,0.046552
1972,Frau,88,0.054629
1972,Frau,89,0.063921
1972,Frau,90,0.074467
1972,Frau,91,0.0863
1972,Frau,92,0.099452
1972,Frau,93,0.113953
1972,Frau,94,0.12985
1972,Frau,95,0.147214
1972,Frau,96,0.166122
1972,Frau,97,0.186634
1972,Frau,98,0.208851
1972,Frau,99,0.232987
1972,Frau,100,0.259059
1972,Frau,101,0.287058
1972,Frau,102,0.317165
1972,Frau,103,0.349671
1972,Frau,104,0.384814
1972,Frau,105,0.421669
1972,Frau,106,0.459747
1972,Frau,107,0.501939
1972,Frau,108,0.546246
1972,Frau,109,0.592345
1972,Frau,110,0.639894
1972,Frau,111,0.688379
1972,Frau,112,0.737085
1972,Frau,113,0.785066
1972,Frau,114,0.831152
1972,Frau,115,0.873991
1972,Frau,116,0.912156
1972,Frau,117,0.944329
1972,Frau,118,0.969555
1972,Frau,119,0.98756
1972,Frau,120,1.0
1972,Mann,0,0.014827
1972,Mann,1,0.000994
1972,Mann,2,0.00085
1972,Mann,3,0.000476
1972,Mann,4,0.000482
1972,Mann,5,0.000463
1972,Mann,6,0.000606
1972,Mann,7,0.000375
1972,Mann,8,0.000305
1972,Mann,9,0.000234
1972,Mann,10,0.000326
1972,Mann,11,0.000209
1972,Mann,12,0.000348
1972,Mann,13,0.000185
1972,Mann,14,0.000346
1972,Mann,15,0.000458
1972,Mann,16,0.000497
1972,Mann,17,0.000914
1972,Mann,18,0.001303
1972,Mann,19,0.001103
1972,Mann,20,0.001622
1972,Mann,21,0.001346
1972,Mann,22,0.001723
1972,Mann,23,0.0016
1972,Mann,24,0.001258
1972,Mann,25,0.001083
1972,Mann,26,0.000865
1972,Mann,27,0.00124
1972,Mann,28,0.000926
1972,Mann,29,0.000744
1972,Mann,30,0.00073
1972,Mann,31,0.000716
1972,Mann,32,0.000931
1972,Mann,33,0.000775
1972,Mann,34,0.000676
1972,Mann,35,0.000824
1972,Mann,36,0.001125
1972,Mann,37,0.000747
1972,Mann,38,0.000695
1972,Mann,39,0.000964
1972,Mann,40,0.001004
1972,Mann,41,0.000957
1972,Mann,42,0.000929
1972,Mann,43,0.001134
1972,Mann,44,0.001178
1972,Mann,45,0.001583
1972,Mann,46,0.001401
1972,Mann,47,0.001301
1972,Mann,48,0.00172
1972,Mann,49,0.001944
1972,Mann,50,0.001921
1972,Mann,51,0.002113
1972,Mann,52,0.00227
1972,Mann,53,0.002433
1972,Mann,54,0.002611
1972,Mann,55,0.002811
1972,Mann,56,0.003025
1972,Mann,57,0.003255
1972,Mann,58,0.003507
1972,Mann,59,0.003793
1972,Mann,60,0.004118
1972,Mann,61,0.004485
1972,Mann,62,0.004891
1972,Mann,63,0.00533
1972,Mann,64,0.005781
1972,Mann,65,0.006231
1972,Mann,66,0.006676
1972,Mann,67,0.007124
1972,Mann,68,0.007588
1972,Mann,69,0.008095
1972,Mann,70,0.008688
1972,Mann,71,0.009406
1972,Mann,72,0.010254
1972,Mann,73,0.011241
1972,Mann,74,0.012391
1972,Mann,75,0.013726
1972,Mann,76,0.015271
1972,Mann,77,0.017077
1972,Mann,78,0.019256
1972,Mann,79,0.021826
1972,Mann,80,0.024699
1972,Mann,81,0.028113
1972,Mann,82,0.032184
1972,Mann,83,0.037033
1972,Mann,84,0.042755
1972,Mann,85,0.049406
1972,Mann,86,0.057062
1972,Mann,87,0.065892
1972,Mann,88,0.076114
1972,Mann,89,0.087986
1972,Mann,90,0.101685
1972,Mann,91,0.117334
1972,Mann,92,0.134896
1972,Mann,93,0.154306
1972,Mann,94,0.175513
1972,Mann,95,0.198349
1972,Mann,96,0.222737
1972,Mann,97,0.249144
1972,Mann,98,0.278278
1972,Mann,99,0.310992
1972,Mann,100,0.347504
1972,Mann,101,0.387623
1972,Mann,102,0.430316
1972,Mann,103,0.475723
1972,Mann,104,0.529158
1972,Mann,105,0.594589
1972,Mann,106,0.638951
1972,Mann,107,0.684384
1972,Mann,108,0.730224
1972,Mann,109,0.775591
1972,Mann,110,0.8194
1972,Mann,111,0.860411
1972,Mann,112,0.897327
1972,Mann,113,0.928965
1972,Mann,114,0.954459
1972,Mann,115,0.973472
1972,Mann,116,0.986333
1972,Mann,117,0.994015
1972,Mann,118,0.997919
1972,Mann,119,0.999513
1972,Mann,120,1.0
1973,Frau,0,0.01143
1973,Frau,1,0.001019
1973,Frau,2,0.000735
1973,Frau,3,0.000282
1973,Frau,4,0.000361
1973,Frau,5,0.000388
1973,Frau,6,0.000182
1973,Frau,7,0.000104
1973,Frau,8,0.000286
1973,Frau,9,0.000156
1973,Frau,10,0.000104
1973,Frau,11,0.000155
1973,Frau,12,0.000232
1973,Frau,13,5.1e-05
1973,Frau,14,0.00023
1973,Frau,15,0.000253
1973,Frau,16,0.0003
1973,Frau,17,0.000222
1973,Frau,18,0.000415
1973,Frau,19,0.000454
1973,Frau,20,0.0004
1973,Frau,21,0.000393
1973,Frau,22,0.000364
1973,Frau,23,0.000427
1973,Frau,24,0.000222
1973,Frau,25,0.000196
1973,Frau,26,0.000319
1973,Frau,27,0.000335
1973,Frau,28,0.000265
1973,Frau,29,0.000299
1973,Frau,30,0.000451
1973,Frau,31,0.000328
1973,Frau,32,0.000401
1973,Frau,33,0.000303
1973,Frau,34,0.00041
1973,Frau,35,0.000422
1973,Frau,36,0.000272
1973,Frau,37,0.000525
1973,Frau,38,0.000395
1973,Frau,39,0.000373
1973,Frau,40,0.000457
1973,Frau,41,0.000418
1973,Frau,42,0.0005
1973,Frau,43,0.000583
1973,Frau,44,0.000869
1973,Frau,45,0.00073
1973,Frau,46,0.000879
1973,Frau,47,0.000775
1973,Frau,48,0.000824
1973,Frau,49,0.001071
1973,Frau,50,0.001024
1973,Frau,51,0.001113
1973,Frau,52,0.001211
1973,Frau,53,0.001316
1973,Frau,54,0.001427
1973,Frau,55,0.001539
1973,Frau,56,0.001647
1973,Frau,57,0.001759
1973,Frau,58,0.001884
1973,Frau,59,0.002029
1973,Frau,60,0.002202
1973,Frau,61,0.002405
1973,Frau,62,0.002636
1973,Frau,63,0.002883
1973,Frau,64,0.003137
1973,Frau,65,0.003392
1973,Frau,66,0.00365
1973,Frau,67,0.00393
1973,Frau,68,0.004248
1973,Frau,69,0.004611
1973,Frau,70,0.00502
1973,Frau,71,0.005479
1973,Frau,72,0.006008
1973,Frau,73,0.006622
1973,Frau,74,0.007336
1973,Frau,75,0.008173
1973,Frau,76,0.009159
1973,Frau,77,0.010335
1973,Frau,78,0.011756
1973,Frau,79,0.013479
1973,Frau,80,0.015571
1973,Frau,81,0.018015
1973,Frau,82,0.020887
1973,Frau,83,0.024327
1973,Frau,84,0.028418
1973,Frau,85,0.033296
1973,Frau,86,0.039108
1973,Frau,87,0.045963
1973,Frau,88,0.053959
1973,Frau,89,0.063166
1973,Frau,90,0.073622
1973,Frau,91,0.085365
1973,Frau,92,0.098428
1973,Frau,93,0.112846
1973,Frau,94,0.128665
1973,Frau,95,0.145959
1973,Frau,96,0.164806
1973,Frau,97,0.185269
1973,Frau,98,0.207448
1973,Frau,99,0.231557
1973,Frau,100,0.257616
1973,Frau,101,0.285619
1973,Frau,102,0.315745
1973,Frau,103,0.348285
1973,Frau,104,0.383477
1973,Frau,105,0.420404
1973,Frau,106,0.45858
1973,Frau,107,0.500875
1973,Frau,108,0.545305
1973,Frau,109,0.591543
1973,Frau,110,0.639245
1973,Frau,111,0.687892
1973,Frau,112,0.736761
1973,Frau,113,0.784898
1973,Frau,114,0.831121
1973,Frau,115,0.874067
1973,Frau,116,0.912299
1973,Frau,117,0.944492
1973,Frau,118,0.969692
1973,Frau,119,0.987638
1973,Frau,120,1.0
1973,Mann,0,0.015516
1973,Mann,1,0.00108
1973,Mann,2,0.000692
1973,Mann,3,0.000653
1973,Mann,4,0.000485
1973,Mann,5,0.000414
1973,Mann,6,0.000367
1973,Mann,7,0.000368
1973,Mann,8,0.00027
1973,Mann,9,0.000318
1973,Mann,10,0.000171
1973,Mann,11,0.000341
1973,Mann,12,0.000267
1973,Mann,13,0.00029
1973,Mann,14,0.000312
1973,Mann,15,0.000214
1973,Mann,16,0.000586
1973,Mann,17,0.00074
1973,Mann,18,0.000989
1973,Mann,19,0.001261
1973,Mann,20,0.001589
1973,Mann,21,0.001232
1973,Mann,22,0.001692
1973,Mann,23,0.001242
1973,Mann,24,0.001254
1973,Mann,25,0.001046
1973,Mann,26,0.001029
1973,Mann,27,0.001104
1973,Mann,28,0.0008
1973,Mann,29,0.000944
1973,Mann,30,0.000712
1973,Mann,31,0.000663
1973,Mann,32,0.000771
1973,Mann,33,0.000667
1973,Mann,34,0.00056
1973,Mann,35,0.000859
1973,Mann,36,0.000831
1973,Mann,37,0.000722
1973,Mann,38,0.000714
1973,Mann,39,0.00067
1973,Mann,40,0.001009
1973,Mann,41,0.000876
1973,Mann,42,0.00109
1973,Mann,43,0.000813
1973,Mann,44,0.001486
1973,Mann,45,0.001247
1973,Mann,46,0.001227
1973,Mann,47,0.001441
1973,Mann,48,0.001453
1973,Mann,49,0.00167
1973,Mann,50,0.001909
1973,Mann,51,0.002058
1973,Mann,52,0.00221
1973,Mann,53,0.002369
1973,Mann,54,0.002543
1973,Mann,55,0.002737
1973,Mann,56,0.002945
1973,Mann,57,0.003169
1973,Mann,58,0.003414
1973,Mann,59,0.003693
1973,Mann,60,0.004011
1973,Mann,61,0.004369
1973,Mann,62,0.004765
1973,Mann,63,0.005194
1973,Mann,64,0.005634
1973,Mann,65,0.006074
1973,Mann,66,0.006508
1973,Mann,67,0.006945
1973,Mann,68,0.007399
1973,Mann,69,0.007895
1973,Mann,70,0.008477
1973,Mann,71,0.009181
1973,Mann,72,0.010015
1973,Mann,73,0.010986
1973,Mann,74,0.012119
1973,Mann,75,0.013434
1973,Mann,76,0.014959
1973,Mann,77,0.016743
1973,Mann,78,0.018898
1973,Mann,79,0.021442
1973,Mann,80,0.024278
1973,Mann,81,0.027649
1973,Mann,82,0.031671
1973,Mann,83,0.036464
1973,Mann,84,0.042121
1973,Mann,85,0.048701
1973,Mann,86,0.056281
1973,Mann,87,0.06503
1973,Mann,88,0.075165
1973,Mann,89,0.086943
1973,Mann,90,0.100543
1973,Mann,91,0.11609
1973,Mann,92,0.133555
1973,Mann,93,0.152876
1973,Mann,94,0.174009
1973,Mann,95,0.196791
1973,Mann,96,0.22115
1973,Mann,97,0.24755
1973,Mann,98,0.276694
1973,Mann,99,0.309433
1973,Mann,100,0.345988
1973,Mann,101,0.386175
1973,Mann,102,0.428973
1973,Mann,103,0.474518
1973,Mann,104,0.528082
1973,Mann,105,0.593611
1973,Mann,106,0.638255
1973,Mann,107,0.683972
1973,Mann,108,0.730086
1973,Mann,109,0.775702
1973,Mann,110,0.81972
1973,Mann,111,0.860883
1973,Mann,112,0.897884
1973,Mann,113,0.929532
1973,Mann,114,0.954969
1973,Mann,115,0.973877
1973,Mann,116,0.98661
1973,Mann,117,0.994174
1973,Mann,118,0.99799
1973,Mann,119,0.999535
1973,Mann,120,1.0
1974,Frau,0,0.010235
1974,Frau,1,0.000654
1974,Frau,2,0.000479
1974,Frau,3,0.000294
1974,Frau,4,0.000373
1974,Frau,5,0.00024
1974,Frau,6,0.000294
1974,Frau,7,0.000267
1974,Frau,8,0.000213
1974,Frau,9,0.000212
1974,Frau,10,0.000291
1974,Frau,11,0.000106
1974,Frau,12,0.000237
1974,Frau,13,7.9e-05
1974,Frau,14,0.000182
1974,Frau,15,0.000283
1974,Frau,16,0.000356
1974,Frau,17,0.000202
1974,Frau,18,0.000447
1974,Frau,19,0.000487
1974,Frau,20,0.000407
1974,Frau,21,0.000283
1974,Frau,22,0.000303
1974,Frau,23,0.000391
1974,Frau,24,0.000249
1974,Frau,25,0.00031
1974,Frau,26,0.000282
1974,Frau,27,0.00038
1974,Frau,28,0.00037
1974,Frau,29,0.000281
1974,Frau,30,0.000237
1974,Frau,31,0.000448
1974,Frau,32,0.000386
1974,Frau,33,0.000455
1974,Frau,34,0.00041
1974,Frau,35,0.00044
1974,Frau,36,0.000439
1974,Frau,37,0.000308
1974,Frau,38,0.000483
1974,Frau,39,0.000585
1974,Frau,40,0.000545
1974,Frau,41,0.000626
1974,Frau,42,0.000605
1974,Frau,43,0.00074
1974,Frau,44,0.000702
1974,Frau,45,0.000665
1974,Frau,46,0.000799
1974,Frau,47,0.001134
1974,Frau,48,0.000999
1974,Frau,49,0.000926
1974,Frau,50,0.001004
1974,Frau,51,0.001091
1974,Frau,52,0.001186
1974,Frau,53,0.00129
1974,Frau,54,0.001398
1974,Frau,55,0.001507
1974,Frau,56,0.001612
1974,Frau,57,0.001721
1974,Frau,58,0.001843
1974,Frau,59,0.001985
1974,Frau,60,0.002153
1974,Frau,61,0.002352
1974,Frau,62,0.002578
1974,Frau,63,0.00282
1974,Frau,64,0.003068
1974,Frau,65,0.003317
1974,Frau,66,0.003569
1974,Frau,67,0.003844
1974,Frau,68,0.004155
1974,Frau,69,0.004511
1974,Frau,70,0.004913
1974,Frau,71,0.005365
1974,Frau,72,0.005886
1974,Frau,73,0.006491
1974,Frau,74,0.007196
1974,Frau,75,0.008022
1974,Frau,76,0.008996
1974,Frau,77,0.010159
1974,Frau,78,0.011564
1974,Frau,79,0.013268
1974,Frau,80,0.015338
1974,Frau,81,0.017754
1974,Frau,82,0.020591
1974,Frau,83,0.023989
1974,Frau,84,0.028032
1974,Frau,85,0.032854
1974,Frau,86,0.038601
1974,Frau,87,0.045383
1974,Frau,88,0.053299
1974,Frau,89,0.06242
1974,Frau,90,0.072787
1974,Frau,91,0.084441
1974,Frau,92,0.097417
1974,Frau,93,0.111751
1974,Frau,94,0.127493
1974,Frau,95,0.144717
1974,Frau,96,0.163503
1974,Frau,97,0.183916
1974,Frau,98,0.206057
1974,Frau,99,0.230139
1974,Frau,100,0.256185
1974,Frau,101,0.28419
1974,Frau,102,0.314334
1974,Frau,103,0.346908
1974,Frau,104,0.382148
1974,Frau,105,0.419145
1974,Frau,106,0.457417
1974,Frau,107,0.499814
1974,Frau,108,0.544364
1974,Frau,109,0.59074
1974,Frau,110,0.638593
1974,Frau,111,0.687401
1974,Frau,112,0.736432
1974,Frau,113,0.784724
1974,Frau,114,0.831084
1974,Frau,115,0.874137
1974,Frau,116,0.912436
1974,Frau,117,0.944649
1974,Frau,118,0.969825
1974,Frau,119,0.987712
1974,Frau,120,1.0
1974,Mann,0,0.01388
1974,Mann,1,0.001064
1974,Mann,2,0.000404
1974,Mann,3,0.00081
1974,Mann,4,0.000429
1974,Mann,5,0.000506
1974,Mann,6,0.000457
1974,Mann,7,0.000355
1974,Mann,8,0.000253
1974,Mann,9,0.000355
1974,Mann,10,0.000329
1974,Mann,11,0.000303
1974,Mann,12,0.0001
1974,Mann,13,0.00025
1974,Mann,14,0.000347
1974,Mann,15,0.000416
1974,Mann,16,0.000481
1974,Mann,17,0.000689
1974,Mann,18,0.001079
1974,Mann,19,0.000861
1974,Mann,20,0.00113
1974,Mann,21,0.000964
1974,Mann,22,0.001029
1974,Mann,23,0.001276
1974,Mann,24,0.001082
1974,Mann,25,0.000929
1974,Mann,26,0.000833
1974,Mann,27,0.000949
1974,Mann,28,0.000723
1974,Mann,29,0.000748
1974,Mann,30,0.000617
1974,Mann,31,0.000668
1974,Mann,32,0.000716
1974,Mann,33,0.000471
1974,Mann,34,0.000942
1974,Mann,35,0.000637
1974,Mann,36,0.000708
1974,Mann,37,0.000968
1974,Mann,38,0.000903
1974,Mann,39,0.00089
1974,Mann,40,0.000844
1974,Mann,41,0.000854
1974,Mann,42,0.001069
1974,Mann,43,0.000929
1974,Mann,44,0.001044
1974,Mann,45,0.001341
1974,Mann,46,0.001319
1974,Mann,47,0.001248
1974,Mann,48,0.001807
1974,Mann,49,0.001717
1974,Mann,50,0.001859
1974,Mann,51,0.002004
1974,Mann,52,0.002153
1974,Mann,53,0.002307
1974,Mann,54,0.002476
1974,Mann,55,0.002666
1974,Mann,56,0.002868
1974,Mann,57,0.003086
1974,Mann,58,0.003325
1974,Mann,59,0.003597
1974,Mann,60,0.003907
1974,Mann,61,0.004256
1974,Mann,62,0.004643
1974,Mann,63,0.005062
1974,Mann,64,0.005491
1974,Mann,65,0.00592
1974,Mann,66,0.006344
1974,Mann,67,0.006771
1974,Mann,68,0.007214
1974,Mann,69,0.0077
1974,Mann,70,0.008271
1974,Mann,71,0.008962
1974,Mann,72,0.009782
1974,Mann,73,0.010737
1974,Mann,74,0.011853
1974,Mann,75,0.01315
1974,Mann,76,0.014654
1974,Mann,77,0.016416
1974,Mann,78,0.018548
1974,Mann,79,0.021065
1974,Mann,80,0.023866
1974,Mann,81,0.027195
1974,Mann,82,0.031168
1974,Mann,83,0.035905
1974,Mann,84,0.041498
1974,Mann,85,0.048008
1974,Mann,86,0.055512
1974,Mann,87,0.06418
1974,Mann,88,0.074227
1974,Mann,89,0.085912
1974,Mann,90,0.099412
1974,Mann,91,0.114858
1974,Mann,92,0.132224
1974,Mann,93,0.151457
1974,Mann,94,0.172515
1974,Mann,95,0.195242
1974,Mann,96,0.219571
1974,Mann,97,0.245961
1974,Mann,98,0.275115
1974,Mann,99,0.307876
1974,Mann,100,0.344472
1974,Mann,101,0.384724
1974,Mann,102,0.427623
1974,Mann,103,0.473304
1974,Mann,104,0.526996
1974,Mann,105,0.592621
1974,Mann,106,0.637544
1974,Mann,107,0.683544
1974,Mann,108,0.72993
1974,Mann,109,0.775795
1974,Mann,110,0.820021
1974,Mann,111,0.861336
1974,Mann,112,0.898421
1974,Mann,113,0.930082
1974,Mann,114,0.955464
1974,Mann,115,0.974268
1974,Mann,116,0.986878
1974,Mann,117,0.994327
1974,Mann,118,0.998058
1974,Mann,119,0.999555
1974,Mann,120,1.0
1975,Frau,0,0.008899
1975,Frau,1,0.000757
1975,Frau,2,0.000481
1975,Frau,3,0.000339
1975,Frau,4,0.000366
1975,Frau,5,0.000448
1975,Frau,6,0.000251
1975,Frau,7,0.000251
1975,Frau,8,0.000139
1975,Frau,9,0.00025
1975,Frau,10,0.000166
1975,Frau,11,0.000166
1975,Frau,12,8.2e-05
1975,Frau,13,0.000191
1975,Frau,14,0.000135
1975,Frau,15,0.00024
1975,Frau,16,0.000369
1975,Frau,17,0.00039
1975,Frau,18,0.000282
1975,Frau,19,0.0003
1975,Frau,20,0.000222
1975,Frau,21,0.000269
1975,Frau,22,0.000388
1975,Frau,23,0.000405
1975,Frau,24,0.000327
1975,Frau,25,0.000228
1975,Frau,26,0.000243
1975,Frau,27,0.000173
1975,Frau,28,0.000314
1975,Frau,29,0.000328
1975,Frau,30,0.000283
1975,Frau,31,0.000279
1975,Frau,32,0.000525
1975,Frau,33,0.000342
1975,Frau,34,0.000356
1975,Frau,35,0.000263
1975,Frau,36,0.000204
1975,Frau,37,0.000496
1975,Frau,38,0.000453
1975,Frau,39,0.000537
1975,Frau,40,0.000567
1975,Frau,41,0.000457
1975,Frau,42,0.000437
1975,Frau,43,0.000713
1975,Frau,44,0.000727
1975,Frau,45,0.000861
1975,Frau,46,0.000823
1975,Frau,47,0.000799
1975,Frau,48,0.000843
1975,Frau,49,0.000909
1975,Frau,50,0.000984
1975,Frau,51,0.001069
1975,Frau,52,0.001163
1975,Frau,53,0.001264
1975,Frau,54,0.00137
1975,Frau,55,0.001475
1975,Frau,56,0.001578
1975,Frau,57,0.001684
1975,Frau,58,0.001803
1975,Frau,59,0.001941
1975,Frau,60,0.002106
1975,Frau,61,0.0023
1975,Frau,62,0.002521
1975,Frau,63,0.002757
1975,Frau,64,0.003
1975,Frau,65,0.003244
1975,Frau,66,0.00349
1975,Frau,67,0.003759
1975,Frau,68,0.004065
1975,Frau,69,0.004414
1975,Frau,70,0.004809
1975,Frau,71,0.005254
1975,Frau,72,0.005766
1975,Frau,73,0.006363
1975,Frau,74,0.007058
1975,Frau,75,0.007874
1975,Frau,76,0.008837
1975,Frau,77,0.009986
1975,Frau,78,0.011376
1975,Frau,79,0.013062
1975,Frau,80,0.015111
1975,Frau,81,0.017498
1975,Frau,82,0.0203
1975,Frau,83,0.023657
1975,Frau,84,0.027652
1975,Frau,85,0.032419
1975,Frau,86,0.038102
1975,Frau,87,0.044812
1975,Frau,88,0.052648
1975,Frau,89,0.061684
1975,Frau,90,0.071963
1975,Frau,91,0.083528
1975,Frau,92,0.096416
1975,Frau,93,0.110668
1975,Frau,94,0.126332
1975,Frau,95,0.143487
1975,Frau,96,0.162213
1975,Frau,97,0.182576
1975,Frau,98,0.204678
1975,Frau,99,0.228733
1975,Frau,100,0.254766
1975,Frau,101,0.282772
1975,Frau,102,0.312934
1975,Frau,103,0.345539
1975,Frau,104,0.380825
1975,Frau,105,0.417892
1975,Frau,106,0.456259
1975,Frau,107,0.498755
1975,Frau,108,0.543424
1975,Frau,109,0.589935
1975,Frau,110,0.637939
1975,Frau,111,0.686905
1975,Frau,112,0.736098
1975,Frau,113,0.784543
1975,Frau,114,0.831039
1975,Frau,115,0.874199
1975,Frau,116,0.912565
1975,Frau,117,0.9448
1975,Frau,118,0.969954
1975,Frau,119,0.987785
1975,Frau,120,1.0
1975,Mann,0,0.012792
1975,Mann,1,0.001202
1975,Mann,2,0.000511
1975,Mann,3,0.000536
1975,Mann,4,0.000215
1975,Mann,5,0.000586
1975,Mann,6,0.000159
1975,Mann,7,0.000265
1975,Mann,8,0.000345
1975,Mann,9,0.000238
1975,Mann,10,0.000264
1975,Mann,11,0.00021
1975,Mann,12,0.000261
1975,Mann,13,0.000362
1975,Mann,14,0.000307
1975,Mann,15,0.000503
1975,Mann,16,0.000498
1975,Mann,17,0.000833
1975,Mann,18,0.000652
1975,Mann,19,0.00091
1975,Mann,20,0.001166
1975,Mann,21,0.001234
1975,Mann,22,0.001019
1975,Mann,23,0.001178
1975,Mann,24,0.001018
1975,Mann,25,0.001033
1975,Mann,26,0.000797
1975,Mann,27,0.001037
1975,Mann,28,0.000886
1975,Mann,29,0.000477
1975,Mann,30,0.000736
1975,Mann,31,0.000622
1975,Mann,32,0.000588
1975,Mann,33,0.000649
1975,Mann,34,0.000526
1975,Mann,35,0.000506
1975,Mann,36,0.00074
1975,Mann,37,0.000693
1975,Mann,38,0.000755
1975,Mann,39,0.000975
1975,Mann,40,0.000614
1975,Mann,41,0.000853
1975,Mann,42,0.001056
1975,Mann,43,0.001
1975,Mann,44,0.001099
1975,Mann,45,0.001162
1975,Mann,46,0.001328
1975,Mann,47,0.00141
1975,Mann,48,0.001539
1975,Mann,49,0.001672
1975,Mann,50,0.001811
1975,Mann,51,0.001953
1975,Mann,52,0.002097
1975,Mann,53,0.002248
1975,Mann,54,0.002412
1975,Mann,55,0.002596
1975,Mann,56,0.002794
1975,Mann,57,0.003006
1975,Mann,58,0.003239
1975,Mann,59,0.003504
1975,Mann,60,0.003806
1975,Mann,61,0.004146
1975,Mann,62,0.004524
1975,Mann,63,0.004933
1975,Mann,64,0.005352
1975,Mann,65,0.005771
1975,Mann,66,0.006185
1975,Mann,67,0.006601
1975,Mann,68,0.007035
1975,Mann,69,0.007511
1975,Mann,70,0.00807
1975,Mann,71,0.008749
1975,Mann,72,0.009554
1975,Mann,73,0.010495
1975,Mann,74,0.011594
1975,Mann,75,0.012873
1975,Mann,76,0.014357
1975,Mann,77,0.016096
1975,Mann,78,0.018206
1975,Mann,79,0.020697
1975,Mann,80,0.023462
1975,Mann,81,0.02675
1975,Mann,82,0.030675
1975,Mann,83,0.035355
1975,Mann,84,0.040885
1975,Mann,85,0.047325
1975,Mann,86,0.054755
1975,Mann,87,0.063342
1975,Mann,88,0.073302
1975,Mann,89,0.084892
1975,Mann,90,0.098294
1975,Mann,91,0.113638
1975,Mann,92,0.130906
1975,Mann,93,0.150049
1975,Mann,94,0.17103
1975,Mann,95,0.193702
1975,Mann,96,0.217998
1975,Mann,97,0.244379
1975,Mann,98,0.273539
1975,Mann,99,0.306321
1975,Mann,100,0.342955
1975,Mann,101,0.38327
1975,Mann,102,0.426268
1975,Mann,103,0.472082
1975,Mann,104,0.525899
1975,Mann,105,0.591618
1975,Mann,106,0.636819
1975,Mann,107,0.683099
1975,Mann,108,0.729756
1975,Mann,109,0.775868
1975,Mann,110,0.820302
1975,Mann,111,0.86177
1975,Mann,112,0.89894
1975,Mann,113,0.930614
1975,Mann,114,0.955943
1975,Mann,115,0.974646
1975,Mann,116,0.987136
1975,Mann,117,0.994473
1975,Mann,118,0.998123
1975,Mann,119,0.999573
1975,Mann,120,1.0
1976,Frau,0,0.009749
1976,Frau,1,0.000829
1976,Frau,2,0.000716
1976,Frau,3,0.000286
1976,Frau,4,0.000227
1976,Frau,5,0.00031
1976,Frau,6,0.00028
1976,Frau,7,0.000196
1976,Frau,8,0.00014
1976,Frau,9,0.000168
1976,Frau,10,0.000139
1976,Frau,11,0.000193
1976,Frau,12,5.5e-05
1976,Frau,13,0.000163
1976,Frau,14,0.000215
1976,Frau,15,0.00024
1976,Frau,16,0.000236
1976,Frau,17,0.000155
1976,Frau,18,0.000254
1976,Frau,19,0.00035
1976,Frau,20,0.000223
1976,Frau,21,0.000345
1976,Frau,22,0.000292
1976,Frau,23,0.000238
1976,Frau,24,0.000302
1976,Frau,25,0.000316
1976,Frau,26,0.000394
1976,Frau,27,0.000362
1976,Frau,28,0.000354
1976,Frau,29,0.000286
1976,Frau,30,0.000261
1976,Frau,31,0.000334
1976,Frau,32,0.000268
1976,Frau,33,0.00032
1976,Frau,34,0.000412
1976,Frau,35,0.000351
1976,Frau,36,0.000583
1976,Frau,37,0.00036
1976,Frau,38,0.000462
1976,Frau,39,0.000423
1976,Frau,40,0.000454
1976,Frau,41,0.000486
1976,Frau,42,0.000397
1976,Frau,43,0.000635
1976,Frau,44,0.000682
1976,Frau,45,0.000899
1976,Frau,46,0.000729
1976,Frau,47,0.000771
1976,Frau,48,0.000827
1976,Frau,49,0.000891
1976,Frau,50,0.000965
1976,Frau,51,0.001048
1976,Frau,52,0.00114
1976,Frau,53,0.001238
1976,Frau,54,0.001342
1976,Frau,55,0.001445
1976,Frau,56,0.001545
1976,Frau,57,0.001648
1976,Frau,58,0.001764
1976,Frau,59,0.001899
1976,Frau,60,0.002059
1976,Frau,61,0.002249
1976,Frau,62,0.002465
1976,Frau,63,0.002696
1976,Frau,64,0.002934
1976,Frau,65,0.003172
1976,Frau,66,0.003413
1976,Frau,67,0.003677
1976,Frau,68,0.003976
1976,Frau,69,0.004319
1976,Frau,70,0.004707
1976,Frau,71,0.005145
1976,Frau,72,0.00565
1976,Frau,73,0.006238
1976,Frau,74,0.006924
1976,Frau,75,0.00773
1976,Frau,76,0.008682
1976,Frau,77,0.009818
1976,Frau,78,0.011193
1976,Frau,79,0.012861
1976,Frau,80,0.014888
1976,Frau,81,0.017248
1976,Frau,82,0.020016
1976,Frau,83,0.023332
1976,Frau,84,0.027279
1976,Frau,85,0.031991
1976,Frau,86,0.037611
1976,Frau,87,0.044249
1976,Frau,88,0.052007
1976,Frau,89,0.060958
1976,Frau,90,0.071149
1976,Frau,91,0.082626
1976,Frau,92,0.095428
1976,Frau,93,0.109596
1976,Frau,94,0.125184
1976,Frau,95,0.142269
1976,Frau,96,0.160935
1976,Frau,97,0.181248
1976,Frau,98,0.203311
1976,Frau,99,0.227339
1976,Frau,100,0.253357
1976,Frau,101,0.281365
1976,Frau,102,0.311543
1976,Frau,103,0.344179
1976,Frau,104,0.37951
1976,Frau,105,0.416645
1976,Frau,106,0.455105
1976,Frau,107,0.4977
1976,Frau,108,0.542484
1976,Frau,109,0.58913
1976,Frau,110,0.637282
1976,Frau,111,0.686406
1976,Frau,112,0.735758
1976,Frau,113,0.784356
1976,Frau,114,0.830988
1976,Frau,115,0.874254
1976,Frau,116,0.912688
1976,Frau,117,0.944946
1976,Frau,118,0.970079
1976,Frau,119,0.987855
1976,Frau,120,1.0
1976,Mann,0,0.011927
1976,Mann,1,0.000775
1976,Mann,2,0.000611
1976,Mann,3,0.000526
1976,Mann,4,0.000496
1976,Mann,5,0.000354
1976,Mann,6,0.000408
1976,Mann,7,0.000272
1976,Mann,8,0.000109
1976,Mann,9,0.000244
1976,Mann,10,0.000243
1976,Mann,11,0.000134
1976,Mann,12,0.000292
1976,Mann,13,0.000263
1976,Mann,14,0.000259
1976,Mann,15,0.000282
1976,Mann,16,0.000604
1976,Mann,17,0.000695
1976,Mann,18,0.001055
1976,Mann,19,0.001122
1976,Mann,20,0.000678
1976,Mann,21,0.001305
1976,Mann,22,0.001129
1976,Mann,23,0.000899
1976,Mann,24,0.000846
1976,Mann,25,0.000683
1976,Mann,26,0.000575
1976,Mann,27,0.00082
1976,Mann,28,0.000635
1976,Mann,29,0.000646
1976,Mann,30,0.000554
1976,Mann,31,0.000718
1976,Mann,32,0.000678
1976,Mann,33,0.000627
1976,Mann,34,0.000584
1976,Mann,35,0.000817
1976,Mann,36,0.000438
1976,Mann,37,0.000824
1976,Mann,38,0.000707
1976,Mann,39,0.000804
1976,Mann,40,0.000659
1976,Mann,41,0.000915
1976,Mann,42,0.001066
1976,Mann,43,0.000856
1976,Mann,44,0.000971
1976,Mann,45,0.000984
1976,Mann,46,0.00132
1976,Mann,47,0.001379
1976,Mann,48,0.001499
1976,Mann,49,0.00163
1976,Mann,50,0.001765
1976,Mann,51,0.001903
1976,Mann,52,0.002044
1976,Mann,53,0.00219
1976,Mann,54,0.00235
1976,Mann,55,0.00253
1976,Mann,56,0.002722
1976,Mann,57,0.002928
1976,Mann,58,0.003155
1976,Mann,59,0.003413
1976,Mann,60,0.003708
1976,Mann,61,0.00404
1976,Mann,62,0.004409
1976,Mann,63,0.004807
1976,Mann,64,0.005217
1976,Mann,65,0.005625
1976,Mann,66,0.006029
1976,Mann,67,0.006436
1976,Mann,68,0.00686
1976,Mann,69,0.007326
1976,Mann,70,0.007874
1976,Mann,71,0.008541
1976,Mann,72,0.009333
1976,Mann,73,0.010258
1976,Mann,74,0.011341
1976,Mann,75,0.012602
1976,Mann,76,0.014067
1976,Mann,77,0.015785
1976,Mann,78,0.017872
1976,Mann,79,0.020337
1976,Mann,80,0.023067
1976,Mann,81,0.026314
1976,Mann,82,0.030191
1976,Mann,83,0.034816
1976,Mann,84,0.040283
1976,Mann,85,0.046653
1976,Mann,86,0.054008
1976,Mann,87,0.062515
1976,Mann,88,0.072388
1976,Mann,89,0.083885
1976,Mann,90,0.097187
1976,Mann,91,0.112429
1976,Mann,92,0.129598
1976,Mann,93,0.148651
1976,Mann,94,0.169556
1976,Mann,95,0.192171
1976,Mann,96,0.216434
1976,Mann,97,0.242802
1976,Mann,98,0.271968
1976,Mann,99,0.304768
1976,Mann,100,0.341438
1976,Mann,101,0.381813
1976,Mann,102,0.424908
1976,Mann,103,0.470853
1976,Mann,104,0.524792
1976,Mann,105,0.590603
1976,Mann,106,0.63608
1976,Mann,107,0.682639
1976,Mann,108,0.729565
1976,Mann,109,0.775924
1976,Mann,110,0.820565
1976,Mann,111,0.862185
1976,Mann,112,0.899441
1976,Mann,113,0.931129
1976,Mann,114,0.956407
1976,Mann,115,0.975013
1976,Mann,116,0.987385
1976,Mann,117,0.994614
1976,Mann,118,0.998185
1976,Mann,119,0.999591
1976,Mann,120,1.0
1977,Frau,0,0.00843
1977,Frau,1,0.000755
1977,Frau,2,0.000348
1977,Frau,3,0.00049
1977,Frau,4,0.000143
1977,Frau,5,0.000199
1977,Frau,6,0.000142
1977,Frau,7,0.000142
1977,Frau,8,8.5e-05
1977,Frau,9,0.000338
1977,Frau,10,0.000224
1977,Frau,11,0.000139
1977,Frau,12,8.2e-05
1977,Frau,13,0.000136
1977,Frau,14,0.000217
1977,Frau,15,0.000188
1977,Frau,16,0.000316
1977,Frau,17,0.000468
1977,Frau,18,0.000437
1977,Frau,19,0.000405
1977,Frau,20,0.000277
1977,Frau,21,0.000248
1977,Frau,22,0.000487
1977,Frau,23,0.000382
1977,Frau,24,0.000299
1977,Frau,25,0.000313
1977,Frau,26,0.000371
1977,Frau,27,0.000275
1977,Frau,28,0.000375
1977,Frau,29,0.000307
1977,Frau,30,0.000199
1977,Frau,31,0.00029
1977,Frau,32,0.000417
1977,Frau,33,0.000264
1977,Frau,34,0.000409
1977,Frau,35,0.000219
1977,Frau,36,0.000378
1977,Frau,37,0.000338
1977,Frau,38,0.000405
1977,Frau,39,0.000383
1977,Frau,40,0.000381
1977,Frau,41,0.000569
1977,Frau,42,0.000634
1977,Frau,43,0.000528
1977,Frau,44,0.000779
1977,Frau,45,0.000613
1977,Frau,46,0.000707
1977,Frau,47,0.000757
1977,Frau,48,0.000812
1977,Frau,49,0.000875
1977,Frau,50,0.000947
1977,Frau,51,0.001028
1977,Frau,52,0.001117
1977,Frau,53,0.001214
1977,Frau,54,0.001315
1977,Frau,55,0.001415
1977,Frau,56,0.001512
1977,Frau,57,0.001613
1977,Frau,58,0.001726
1977,Frau,59,0.001857
1977,Frau,60,0.002014
1977,Frau,61,0.0022
1977,Frau,62,0.002411
1977,Frau,63,0.002637
1977,Frau,64,0.002869
1977,Frau,65,0.003102
1977,Frau,66,0.003338
1977,Frau,67,0.003596
1977,Frau,68,0.00389
1977,Frau,69,0.004226
1977,Frau,70,0.004608
1977,Frau,71,0.005038
1977,Frau,72,0.005536
1977,Frau,73,0.006116
1977,Frau,74,0.006793
1977,Frau,75,0.007589
1977,Frau,76,0.00853
1977,Frau,77,0.009654
1977,Frau,78,0.011014
1977,Frau,79,0.012664
1977,Frau,80,0.01467
1977,Frau,81,0.017003
1977,Frau,82,0.019737
1977,Frau,83,0.023013
1977,Frau,84,0.026914
1977,Frau,85,0.031571
1977,Frau,86,0.037128
1977,Frau,87,0.043695
1977,Frau,88,0.051374
1977,Frau,89,0.060241
1977,Frau,90,0.070345
1977,Frau,91,0.081734
1977,Frau,92,0.09445
1977,Frau,93,0.108536
1977,Frau,94,0.124047
1977,Frau,95,0.141063
1977,Frau,96,0.159669
1977,Frau,97,0.179932
1977,Frau,98,0.201956
1977,Frau,99,0.225956
1977,Frau,100,0.25196
1977,Frau,101,0.279968
1977,Frau,102,0.310161
1977,Frau,103,0.342827
1977,Frau,104,0.378203
1977,Frau,105,0.415405
1977,Frau,106,0.453956
1977,Frau,107,0.496647
1977,Frau,108,0.541547
1977,Frau,109,0.588325
1977,Frau,110,0.636623
1977,Frau,111,0.685903
1977,Frau,112,0.735413
1977,Frau,113,0.784163
1977,Frau,114,0.83093
1977,Frau,115,0.874303
1977,Frau,116,0.912805
1977,Frau,117,0.945086
1977,Frau,118,0.9702
1977,Frau,119,0.987924
1977,Frau,120,1.0
1977,Mann,0,0.010214
1977,Mann,1,0.000877
1977,Mann,2,0.000602
1977,Mann,3,0.000408
1977,Mann,4,0.000541
1977,Mann,5,0.000268
1977,Mann,6,0.000267
1977,Mann,7,0.000241
1977,Mann,8,0.000134
1977,Mann,9,0.000266
1977,Mann,10,0.000211
1977,Mann,11,0.000209
1977,Mann,12,0.000285
1977,Mann,13,0.000282
1977,Mann,14,0.000382
1977,Mann,15,0.000352
1977,Mann,16,0.000594
1977,Mann,17,0.00083
1977,Mann,18,0.000919
1977,Mann,19,0.00094
1977,Mann,20,0.000936
1977,Mann,21,0.000858
1977,Mann,22,0.001128
1977,Mann,23,0.000679
1977,Mann,24,0.00073
1977,Mann,25,0.000734
1977,Mann,26,0.000846
1977,Mann,27,0.000724
1977,Mann,28,0.000587
1977,Mann,29,0.000576
1977,Mann,30,0.000579
1977,Mann,31,0.000659
1977,Mann,32,0.000567
1977,Mann,33,0.000522
1977,Mann,34,0.000642
1977,Mann,35,0.000667
1977,Mann,36,0.000408
1977,Mann,37,0.000768
1977,Mann,38,0.000638
1977,Mann,39,0.000753
1977,Mann,40,0.000765
1977,Mann,41,0.000779
1977,Mann,42,0.000809
1977,Mann,43,0.001206
1977,Mann,44,0.001033
1977,Mann,45,0.001199
1977,Mann,46,0.001239
1977,Mann,47,0.001343
1977,Mann,48,0.001461
1977,Mann,49,0.001589
1977,Mann,50,0.001721
1977,Mann,51,0.001855
1977,Mann,52,0.001992
1977,Mann,53,0.002135
1977,Mann,54,0.00229
1977,Mann,55,0.002465
1977,Mann,56,0.002652
1977,Mann,57,0.002853
1977,Mann,58,0.003074
1977,Mann,59,0.003325
1977,Mann,60,0.003612
1977,Mann,61,0.003936
1977,Mann,62,0.004296
1977,Mann,63,0.004685
1977,Mann,64,0.005085
1977,Mann,65,0.005484
1977,Mann,66,0.005878
1977,Mann,67,0.006275
1977,Mann,68,0.006689
1977,Mann,69,0.007145
1977,Mann,70,0.007683
1977,Mann,71,0.008338
1977,Mann,72,0.009117
1977,Mann,73,0.010028
1977,Mann,74,0.011094
1977,Mann,75,0.012338
1977,Mann,76,0.013784
1977,Mann,77,0.01548
1977,Mann,78,0.017545
1977,Mann,79,0.019985
1977,Mann,80,0.02268
1977,Mann,81,0.025887
1977,Mann,82,0.029717
1977,Mann,83,0.034286
1977,Mann,84,0.039691
1977,Mann,85,0.045992
1977,Mann,86,0.053272
1977,Mann,87,0.061699
1977,Mann,88,0.071486
1977,Mann,89,0.082889
1977,Mann,90,0.096092
1977,Mann,91,0.111232
1977,Mann,92,0.128302
1977,Mann,93,0.147264
1977,Mann,94,0.168092
1977,Mann,95,0.190649
1977,Mann,96,0.214877
1977,Mann,97,0.241232
1977,Mann,98,0.270401
1977,Mann,99,0.303218
1977,Mann,100,0.339921
1977,Mann,101,0.380354
1977,Mann,102,0.423543
1977,Mann,103,0.469616
1977,Mann,104,0.523676
1977,Mann,105,0.589576
1977,Mann,106,0.635328
1977,Mann,107,0.682163
1977,Mann,108,0.729358
1977,Mann,109,0.775961
1977,Mann,110,0.820809
1977,Mann,111,0.862582
1977,Mann,112,0.899925
1977,Mann,113,0.931628
1977,Mann,114,0.956857
1977,Mann,115,0.975368
1977,Mann,116,0.987626
1977,Mann,117,0.994749
1977,Mann,118,0.998244
1977,Mann,119,0.999608
1977,Mann,120,1.0
1978,Frau,0,0.007121
1978,Frau,1,0.000529
1978,Frau,2,0.000264
1978,Frau,3,0.000321
1978,Frau,4,0.000405
1978,Frau,5,0.000431
1978,Frau,6,0.000229
1978,Frau,7,0.000143
1978,Frau,8,8.5e-05
1978,Frau,9,0.000198
1978,Frau,10,8.4e-05
1978,Frau,11,0.000167
1978,Frau,12,0.00011
1978,Frau,13,0.00022
1978,Frau,14,0.000217
1978,Frau,15,0.00016
1978,Frau,16,0.000474
1978,Frau,17,0.000287
1978,Frau,18,0.000311
1978,Frau,19,0.000308
1978,Frau,20,0.000381
1978,Frau,21,0.000424
1978,Frau,22,0.000219
1978,Frau,23,0.000236
1978,Frau,24,0.000322
1978,Frau,25,0.000312
1978,Frau,26,0.000218
1978,Frau,27,0.000277
1978,Frau,28,0.00025
1978,Frau,29,0.000403
1978,Frau,30,0.000295
1978,Frau,31,0.000172
1978,Frau,32,0.00019
1978,Frau,33,0.000355
1978,Frau,34,0.000238
1978,Frau,35,0.000361
1978,Frau,36,0.000267
1978,Frau,37,0.000439
1978,Frau,38,0.000522
1978,Frau,39,0.000328
1978,Frau,40,0.00055
1978,Frau,41,0.000444
1978,Frau,42,0.000661
1978,Frau,43,0.000573
1978,Frau,44,0.000634
1978,Frau,45,0.000648
1978,Frau,46,0.000695
1978,Frau,47,0.000743
1978,Frau,48,0.000797
1978,Frau,49,0.000858
1978,Frau,50,0.000929
1978,Frau,51,0.001008
1978,Frau,52,0.001095
1978,Frau,53,0.001189
1978,Frau,54,0.001288
1978,Frau,55,0.001386
1978,Frau,56,0.001481
1978,Frau,57,0.001579
1978,Frau,58,0.001688
1978,Frau,59,0.001817
1978,Frau,60,0.00197
1978,Frau,61,0.002151
1978,Frau,62,0.002357
1978,Frau,63,0.002579
1978,Frau,64,0.002806
1978,Frau,65,0.003034
1978,Frau,66,0.003264
1978,Frau,67,0.003517
1978,Frau,68,0.003805
1978,Frau,69,0.004136
1978,Frau,70,0.004511
1978,Frau,71,0.004934
1978,Frau,72,0.005425
1978,Frau,73,0.005997
1978,Frau,74,0.006665
1978,Frau,75,0.007452
1978,Frau,76,0.008382
1978,Frau,77,0.009493
1978,Frau,78,0.010839
1978,Frau,79,0.012472
1978,Frau,80,0.014457
1978,Frau,81,0.016764
1978,Frau,82,0.019464
1978,Frau,83,0.0227
1978,Frau,84,0.026554
1978,Frau,85,0.031158
1978,Frau,86,0.036652
1978,Frau,87,0.043149
1978,Frau,88,0.05075
1978,Frau,89,0.059534
1978,Frau,90,0.069552
1978,Frau,91,0.080854
1978,Frau,92,0.093483
1978,Frau,93,0.107488
1978,Frau,94,0.122923
1978,Frau,95,0.13987
1978,Frau,96,0.158415
1978,Frau,97,0.178628
1978,Frau,98,0.200613
1978,Frau,99,0.224585
1978,Frau,100,0.250574
1978,Frau,101,0.278582
1978,Frau,102,0.30879
1978,Frau,103,0.341484
1978,Frau,104,0.376903
1978,Frau,105,0.41417
1978,Frau,106,0.452812
1978,Frau,107,0.495597
1978,Frau,108,0.54061
1978,Frau,109,0.587519
1978,Frau,110,0.635962
1978,Frau,111,0.685396
1978,Frau,112,0.735063
1978,Frau,113,0.783964
1978,Frau,114,0.830865
1978,Frau,115,0.874345
1978,Frau,116,0.912916
1978,Frau,117,0.945222
1978,Frau,118,0.970317
1978,Frau,119,0.98799
1978,Frau,120,1.0
1978,Mann,0,0.010497
1978,Mann,1,0.000778
1978,Mann,2,0.000666
1978,Mann,3,0.000469
1978,Mann,4,0.000192
1978,Mann,5,0.000489
1978,Mann,6,0.000163
1978,Mann,7,0.000353
1978,Mann,8,0.000135
1978,Mann,9,0.000269
1978,Mann,10,0.00032
1978,Mann,11,0.000158
1978,Mann,12,0.00026
1978,Mann,13,0.000155
1978,Mann,14,0.000204
1978,Mann,15,0.00025
1978,Mann,16,0.00037
1978,Mann,17,0.000709
1978,Mann,18,0.000923
1978,Mann,19,0.001016
1978,Mann,20,0.000913
1978,Mann,21,0.001066
1978,Mann,22,0.000902
1978,Mann,23,0.000931
1978,Mann,24,0.00077
1978,Mann,25,0.000753
1978,Mann,26,0.000849
1978,Mann,27,0.000662
1978,Mann,28,0.000795
1978,Mann,29,0.000607
1978,Mann,30,0.000488
1978,Mann,31,0.000706
1978,Mann,32,0.000507
1978,Mann,33,0.000497
1978,Mann,34,0.000706
1978,Mann,35,0.000569
1978,Mann,36,0.000612
1978,Mann,37,0.000518
1978,Mann,38,0.000718
1978,Mann,39,0.000798
1978,Mann,40,0.000945
1978,Mann,41,0.000939
1978,Mann,42,0.001016
1978,Mann,43,0.000946
1978,Mann,44,0.001067
1978,Mann,45,0.001124
1978,Mann,46,0.001208
1978,Mann,47,0.001309
1978,Mann,48,0.001425
1978,Mann,49,0.001549
1978,Mann,50,0.001678
1978,Mann,51,0.001809
1978,Mann,52,0.001942
1978,Mann,53,0.002081
1978,Mann,54,0.002232
1978,Mann,55,0.002402
1978,Mann,56,0.002584
1978,Mann,57,0.00278
1978,Mann,58,0.002995
1978,Mann,59,0.00324
1978,Mann,60,0.00352
1978,Mann,61,0.003836
1978,Mann,62,0.004187
1978,Mann,63,0.004567
1978,Mann,64,0.004956
1978,Mann,65,0.005345
1978,Mann,66,0.00573
1978,Mann,67,0.006118
1978,Mann,68,0.006523
1978,Mann,69,0.00697
1978,Mann,70,0.007498
1978,Mann,71,0.00814
1978,Mann,72,0.008906
1978,Mann,73,0.009803
1978,Mann,74,0.010854
1978,Mann,75,0.01208
1978,Mann,76,0.013507
1978,Mann,77,0.015183
1978,Mann,78,0.017226
1978,Mann,79,0.019641
1978,Mann,80,0.022302
1978,Mann,81,0.025468
1978,Mann,82,0.029251
1978,Mann,83,0.033766
1978,Mann,84,0.039108
1978,Mann,85,0.045341
1978,Mann,86,0.052547
1978,Mann,87,0.060894
1978,Mann,88,0.070595
1978,Mann,89,0.081904
1978,Mann,90,0.095008
1978,Mann,91,0.110047
1978,Mann,92,0.127017
1978,Mann,93,0.145888
1978,Mann,94,0.166638
1978,Mann,95,0.189136
1978,Mann,96,0.213329
1978,Mann,97,0.239668
1978,Mann,98,0.268839
1978,Mann,99,0.30167
1978,Mann,100,0.338405
1978,Mann,101,0.378894
1978,Mann,102,0.422174
1978,Mann,103,0.468372
1978,Mann,104,0.52255
1978,Mann,105,0.588538
1978,Mann,106,0.634562
1978,Mann,107,0.681672
1978,Mann,108,0.729134
1978,Mann,109,0.775982
1978,Mann,110,0.821036
1978,Mann,111,0.862961
1978,Mann,112,0.900391
1978,Mann,113,0.932111
1978,Mann,114,0.957293
1978,Mann,115,0.975711
1978,Mann,116,0.987858
1978,Mann,117,0.99488
1978,Mann,118,0.998301
1978,Mann,119,0.999625
1978,Mann,120,1.0
1979,Frau,0,0.007069
1979,Frau,1,0.000955
1979,Frau,2,0.00023
1979,Frau,3,0.000343
1979,Frau,4,0.000199
1979,Frau,5,0.000197
1979,Frau,6,0.000112
1979,Frau,7,0.00014
1979,Frau,8,0.000111
1979,Frau,9,0.000166
1979,Frau,10,0.000164
1979,Frau,11,0.000162
1979,Frau,12,5.4e-05
1979,Frau,13,0.0
1979,Frau,14,0.000236
1979,Frau,15,0.000155
1979,Frau,16,0.000205
1979,Frau,17,0.000229
1979,Frau,18,0.000278
1979,Frau,19,0.0002
1979,Frau,20,0.00032
1979,Frau,21,0.000291
1979,Frau,22,0.000306
1979,Frau,23,0.000322
1979,Frau,24,0.000313
1979,Frau,25,0.000261
1979,Frau,26,0.00032
1979,Frau,27,0.000104
1979,Frau,28,0.000283
1979,Frau,29,0.000195
1979,Frau,30,0.000248
1979,Frau,31,0.000356
1979,Frau,32,0.000368
1979,Frau,33,0.000308
1979,Frau,34,0.000303
1979,Frau,35,0.000211
1979,Frau,36,0.000434
1979,Frau,37,0.000361
1979,Frau,38,0.000494
1979,Frau,39,0.000237
1979,Frau,40,0.000521
1979,Frau,41,0.0005
1979,Frau,42,0.000431
1979,Frau,43,0.000503
1979,Frau,44,0.000593
1979,Frau,45,0.000637
1979,Frau,46,0.000682
1979,Frau,47,0.00073
1979,Frau,48,0.000782
1979,Frau,49,0.000842
1979,Frau,50,0.000911
1979,Frau,51,0.000989
1979,Frau,52,0.001074
1979,Frau,53,0.001166
1979,Frau,54,0.001262
1979,Frau,55,0.001358
1979,Frau,56,0.00145
1979,Frau,57,0.001545
1979,Frau,58,0.001652
1979,Frau,59,0.001777
1979,Frau,60,0.001927
1979,Frau,61,0.002104
1979,Frau,62,0.002305
1979,Frau,63,0.002522
1979,Frau,64,0.002744
1979,Frau,65,0.002967
1979,Frau,66,0.003192
1979,Frau,67,0.00344
1979,Frau,68,0.003722
1979,Frau,69,0.004047
1979,Frau,70,0.004416
1979,Frau,71,0.004833
1979,Frau,72,0.005316
1979,Frau,73,0.00588
1979,Frau,74,0.00654
1979,Frau,75,0.007317
1979,Frau,76,0.008237
1979,Frau,77,0.009337
1979,Frau,78,0.010668
1979,Frau,79,0.012284
1979,Frau,80,0.014249
1979,Frau,81,0.016529
1979,Frau,82,0.019196
1979,Frau,83,0.022393
1979,Frau,84,0.026202
1979,Frau,85,0.030752
1979,Frau,86,0.036185
1979,Frau,87,0.042611
1979,Frau,88,0.050136
1979,Frau,89,0.058837
1979,Frau,90,0.068769
1979,Frau,91,0.079983
1979,Frau,92,0.092528
1979,Frau,93,0.10645
1979,Frau,94,0.12181
1979,Frau,95,0.138688
1979,Frau,96,0.157173
1979,Frau,97,0.177336
1979,Frau,98,0.199282
1979,Frau,99,0.223226
1979,Frau,100,0.249199
1979,Frau,101,0.277206
1979,Frau,102,0.307428
1979,Frau,103,0.34015
1979,Frau,104,0.375611
1979,Frau,105,0.412942
1979,Frau,106,0.451672
1979,Frau,107,0.494551
1979,Frau,108,0.539676
1979,Frau,109,0.586714
1979,Frau,110,0.635299
1979,Frau,111,0.684886
1979,Frau,112,0.734709
1979,Frau,113,0.78376
1979,Frau,114,0.830795
1979,Frau,115,0.874381
1979,Frau,116,0.913021
1979,Frau,117,0.945352
1979,Frau,118,0.97043
1979,Frau,119,0.988054
1979,Frau,120,1.0
1979,Mann,0,0.009776
1979,Mann,1,0.000994
1979,Mann,2,0.000796
1979,Mann,3,0.000328
1979,Mann,4,0.000327
1979,Mann,5,0.00027
1979,Mann,6,0.000297
1979,Mann,7,0.00035
1979,Mann,8,0.000188
1979,Mann,9,8e-05
1979,Mann,10,0.000236
1979,Mann,11,0.000233
1979,Mann,12,0.000256
1979,Mann,13,0.000228
1979,Mann,14,0.000299
1979,Mann,15,0.000369
1979,Mann,16,0.000487
1979,Mann,17,0.000387
1979,Mann,18,0.000892
1979,Mann,19,0.001007
1979,Mann,20,0.000944
1979,Mann,21,0.001087
1979,Mann,22,0.000839
1979,Mann,23,0.000844
1979,Mann,24,0.000803
1979,Mann,25,0.000724
1979,Mann,26,0.00069
1979,Mann,27,0.000591
1979,Mann,28,0.000512
1979,Mann,29,0.000453
1979,Mann,30,0.000496
1979,Mann,31,0.000411
1979,Mann,32,0.000587
1979,Mann,33,0.000735
1979,Mann,34,0.000687
1979,Mann,35,0.000503
1979,Mann,36,0.000684
1979,Mann,37,0.000541
1979,Mann,38,0.001025
1979,Mann,39,0.000769
1979,Mann,40,0.000698
1979,Mann,41,0.000791
1979,Mann,42,0.001081
1979,Mann,43,0.001071
1979,Mann,44,0.001033
1979,Mann,45,0.001096
1979,Mann,46,0.001178
1979,Mann,47,0.001277
1979,Mann,48,0.00139
1979,Mann,49,0.001511
1979,Mann,50,0.001637
1979,Mann,51,0.001764
1979,Mann,52,0.001894
1979,Mann,53,0.002029
1979,Mann,54,0.002176
1979,Mann,55,0.002342
1979,Mann,56,0.002519
1979,Mann,57,0.002709
1979,Mann,58,0.002918
1979,Mann,59,0.003157
1979,Mann,60,0.00343
1979,Mann,61,0.003738
1979,Mann,62,0.00408
1979,Mann,63,0.004451
1979,Mann,64,0.004831
1979,Mann,65,0.005211
1979,Mann,66,0.005586
1979,Mann,67,0.005965
1979,Mann,68,0.006361
1979,Mann,69,0.006799
1979,Mann,70,0.007316
1979,Mann,71,0.007948
1979,Mann,72,0.008701
1979,Mann,73,0.009583
1979,Mann,74,0.010619
1979,Mann,75,0.011828
1979,Mann,76,0.013237
1979,Mann,77,0.014892
1979,Mann,78,0.016914
1979,Mann,79,0.019305
1979,Mann,80,0.021932
1979,Mann,81,0.025059
1979,Mann,82,0.028795
1979,Mann,83,0.033256
1979,Mann,84,0.038536
1979,Mann,85,0.0447
1979,Mann,86,0.051833
1979,Mann,87,0.060101
1979,Mann,88,0.069715
1979,Mann,89,0.080932
1979,Mann,90,0.093937
1979,Mann,91,0.108873
1979,Mann,92,0.125744
1979,Mann,93,0.144523
1979,Mann,94,0.165194
1979,Mann,95,0.187632
1979,Mann,96,0.211788
1979,Mann,97,0.238112
1979,Mann,98,0.267282
1979,Mann,99,0.300126
1979,Mann,100,0.33689
1979,Mann,101,0.377432
1979,Mann,102,0.420801
1979,Mann,103,0.467122
1979,Mann,104,0.521415
1979,Mann,105,0.587489
1979,Mann,106,0.633783
1979,Mann,107,0.681167
1979,Mann,108,0.728894
1979,Mann,109,0.775985
1979,Mann,110,0.821245
1979,Mann,111,0.863323
1979,Mann,112,0.90084
1979,Mann,113,0.932579
1979,Mann,114,0.957716
1979,Mann,115,0.976044
1979,Mann,116,0.988082
1979,Mann,117,0.995005
1979,Mann,118,0.998355
1979,Mann,119,0.99964
1979,Mann,120,1.0
1980,Frau,0,0.007882
1980,Frau,1,0.000613
1980,Frau,2,0.000362
1980,Frau,3,0.000305
1980,Frau,4,0.000165
1980,Frau,5,0.000246
1980,Frau,6,8.2e-05
1980,Frau,7,0.00027
1980,Frau,8,2.7e-05
1980,Frau,9,0.000266
1980,Frau,10,0.000105
1980,Frau,11,0.000183
1980,Frau,12,0.000103
1980,Frau,13,5.1e-05
1980,Frau,14,0.000202
1980,Frau,15,0.000326
1980,Frau,16,0.000224
1980,Frau,17,0.000224
1980,Frau,18,0.000344
1980,Frau,19,0.000364
1980,Frau,20,0.000359
1980,Frau,21,0.000281
1980,Frau,22,0.000275
1980,Frau,23,0.000156
1980,Frau,24,0.000262
1980,Frau,25,0.000257
1980,Frau,26,0.000293
1980,Frau,27,0.000304
1980,Frau,28,0.000273
1980,Frau,29,0.000246
1980,Frau,30,0.000297
1980,Frau,31,0.000327
1980,Frau,32,0.000285
1980,Frau,33,0.000367
1980,Frau,34,0.000275
1980,Frau,35,0.000339
1980,Frau,36,0.000319
1980,Frau,37,0.000333
1980,Frau,38,0.000313
1980,Frau,39,0.000442
1980,Frau,40,0.000406
1980,Frau,41,0.000452
1980,Frau,42,0.000554
1980,Frau,43,0.000541
1980,Frau,44,0.000583
1980,Frau,45,0.000626
1980,Frau,46,0.000671
1980,Frau,47,0.000717
1980,Frau,48,0.000768
1980,Frau,49,0.000827
1980,Frau,50,0.000894
1980,Frau,51,0.00097
1980,Frau,52,0.001053
1980,Frau,53,0.001143
1980,Frau,54,0.001237
1980,Frau,55,0.00133
1980,Frau,56,0.00142
1980,Frau,57,0.001513
1980,Frau,58,0.001617
1980,Frau,59,0.001739
1980,Frau,60,0.001885
1980,Frau,61,0.002058
1980,Frau,62,0.002255
1980,Frau,63,0.002466
1980,Frau,64,0.002683
1980,Frau,65,0.002901
1980,Frau,66,0.003122
1980,Frau,67,0.003365
1980,Frau,68,0.003641
1980,Frau,69,0.00396
1980,Frau,70,0.004323
1980,Frau,71,0.004733
1980,Frau,72,0.00521
1980,Frau,73,0.005766
1980,Frau,74,0.006418
1980,Frau,75,0.007186
1980,Frau,76,0.008096
1980,Frau,77,0.009184
1980,Frau,78,0.010501
1980,Frau,79,0.0121
1980,Frau,80,0.014045
1980,Frau,81,0.0163
1980,Frau,82,0.018934
1980,Frau,83,0.022092
1980,Frau,84,0.025855
1980,Frau,85,0.030353
1980,Frau,86,0.035724
1980,Frau,87,0.042082
1980,Frau,88,0.04953
1980,Frau,89,0.058149
1980,Frau,90,0.067995
1980,Frau,91,0.079124
1980,Frau,92,0.091583
1980,Frau,93,0.105425
1980,Frau,94,0.120708
1980,Frau,95,0.137519
1980,Frau,96,0.155944
1980,Frau,97,0.176056
1980,Frau,98,0.197963
1980,Frau,99,0.221878
1980,Frau,100,0.247835
1980,Frau,101,0.275841
1980,Frau,102,0.306076
1980,Frau,103,0.338826
1980,Frau,104,0.374327
1980,Frau,105,0.41172
1980,Frau,106,0.450538
1980,Frau,107,0.493508
1980,Frau,108,0.538743
1980,Frau,109,0.585908
1980,Frau,110,0.634635
1980,Frau,111,0.684373
1980,Frau,112,0.73435
1980,Frau,113,0.78355
1980,Frau,114,0.830719
1980,Frau,115,0.874411
1980,Frau,116,0.91312
1980,Frau,117,0.945478
1980,Frau,118,0.97054
1980,Frau,119,0.988117
1980,Frau,120,1.0
1980,Mann,0,0.010615
1980,Mann,1,0.000774
1980,Mann,2,0.000694
1980,Mann,3,0.000346
1980,Mann,4,0.000264
1980,Mann,5,0.000394
1980,Mann,6,0.000157
1980,Mann,7,0.000182
1980,Mann,8,7.8e-05
1980,Mann,9,0.000307
1980,Mann,10,7.6e-05
1980,Mann,11,0.000225
1980,Mann,12,0.000222
1980,Mann,13,0.000218
1980,Mann,14,0.000336
1980,Mann,15,0.000427
1980,Mann,16,0.000589
1980,Mann,17,0.000516
1980,Mann,18,0.000652
1980,Mann,19,0.000573
1980,Mann,20,0.000983
1980,Mann,21,0.001049
1980,Mann,22,0.000789
1980,Mann,23,0.000797
1980,Mann,24,0.000631
1980,Mann,25,0.000579
1980,Mann,26,0.0008
1980,Mann,27,0.00075
1980,Mann,28,0.00066
1980,Mann,29,0.000546
1980,Mann,30,0.000562
1980,Mann,31,0.000603
1980,Mann,32,0.000365
1980,Mann,33,0.000664
1980,Mann,34,0.000536
1980,Mann,35,0.000528
1980,Mann,36,0.000458
1980,Mann,37,0.000762
1980,Mann,38,0.000709
1980,Mann,39,0.000626
1980,Mann,40,0.000557
1980,Mann,41,0.000775
1980,Mann,42,0.000907
1980,Mann,43,0.000958
1980,Mann,44,0.001008
1980,Mann,45,0.001069
1980,Mann,46,0.001149
1980,Mann,47,0.001246
1980,Mann,48,0.001356
1980,Mann,49,0.001474
1980,Mann,50,0.001597
1980,Mann,51,0.001721
1980,Mann,52,0.001848
1980,Mann,53,0.001979
1980,Mann,54,0.002122
1980,Mann,55,0.002283
1980,Mann,56,0.002455
1980,Mann,57,0.002641
1980,Mann,58,0.002844
1980,Mann,59,0.003076
1980,Mann,60,0.003342
1980,Mann,61,0.003643
1980,Mann,62,0.003977
1980,Mann,63,0.004339
1980,Mann,64,0.00471
1980,Mann,65,0.00508
1980,Mann,66,0.005446
1980,Mann,67,0.005816
1980,Mann,68,0.006203
1980,Mann,69,0.006632
1980,Mann,70,0.00714
1980,Mann,71,0.00776
1980,Mann,72,0.008501
1980,Mann,73,0.009369
1980,Mann,74,0.01039
1980,Mann,75,0.011583
1980,Mann,76,0.012973
1980,Mann,77,0.014608
1980,Mann,78,0.016609
1980,Mann,79,0.018976
1980,Mann,80,0.021569
1980,Mann,81,0.024657
1980,Mann,82,0.028347
1980,Mann,83,0.032755
1980,Mann,84,0.037973
1980,Mann,85,0.04407
1980,Mann,86,0.05113
1980,Mann,87,0.059318
1980,Mann,88,0.068847
1980,Mann,89,0.079971
1980,Mann,90,0.092877
1980,Mann,91,0.107711
1980,Mann,92,0.124482
1980,Mann,93,0.143169
1980,Mann,94,0.163761
1980,Mann,95,0.186138
1980,Mann,96,0.210256
1980,Mann,97,0.236561
1980,Mann,98,0.26573
1980,Mann,99,0.298584
1980,Mann,100,0.335376
1980,Mann,101,0.375968
1980,Mann,102,0.419424
1980,Mann,103,0.465866
1980,Mann,104,0.520271
1980,Mann,105,0.58643
1980,Mann,106,0.632992
1980,Mann,107,0.680647
1980,Mann,108,0.728638
1980,Mann,109,0.775972
1980,Mann,110,0.821437
1980,Mann,111,0.863668
1980,Mann,112,0.901273
1980,Mann,113,0.933031
1980,Mann,114,0.958126
1980,Mann,115,0.976366
1980,Mann,116,0.988299
1980,Mann,117,0.995125
1980,Mann,118,0.998407
1980,Mann,119,0.999654
1980,Mann,120,1.0
1981,Frau,0,0.005984
1981,Frau,1,0.000533
1981,Frau,2,0.000534
1981,Frau,3,0.000308
1981,Frau,4,0.000195
1981,Frau,5,0.00011
1981,Frau,6,8.2e-05
1981,Frau,7,0.000109
1981,Frau,8,0.000108
1981,Frau,9,0.00024
1981,Frau,10,0.000159
1981,Frau,11,7.9e-05
1981,Frau,12,0.000208
1981,Frau,13,0.000154
1981,Frau,14,5.1e-05
1981,Frau,15,0.00043
1981,Frau,16,0.000277
1981,Frau,17,0.0003
1981,Frau,18,0.000198
1981,Frau,19,0.000243
1981,Frau,20,0.000286
1981,Frau,21,0.000328
1981,Frau,22,0.000344
1981,Frau,23,0.000247
1981,Frau,24,0.000352
1981,Frau,25,0.000387
1981,Frau,26,0.000291
1981,Frau,27,0.00022
1981,Frau,28,0.000211
1981,Frau,29,0.00032
1981,Frau,30,0.00022
1981,Frau,31,0.000179
1981,Frau,32,0.000264
1981,Frau,33,0.000328
1981,Frau,34,0.000305
1981,Frau,35,0.000336
1981,Frau,36,0.000499
1981,Frau,37,0.000363
1981,Frau,38,0.000393
1981,Frau,39,0.000341
1981,Frau,40,0.000371
1981,Frau,41,0.0005
1981,Frau,42,0.000494
1981,Frau,43,0.000533
1981,Frau,44,0.000574
1981,Frau,45,0.000616
1981,Frau,46,0.000659
1981,Frau,47,0.000705
1981,Frau,48,0.000754
1981,Frau,49,0.000812
1981,Frau,50,0.000877
1981,Frau,51,0.000951
1981,Frau,52,0.001033
1981,Frau,53,0.001121
1981,Frau,54,0.001212
1981,Frau,55,0.001303
1981,Frau,56,0.001391
1981,Frau,57,0.001481
1981,Frau,58,0.001582
1981,Frau,59,0.001701
1981,Frau,60,0.001843
1981,Frau,61,0.002012
1981,Frau,62,0.002205
1981,Frau,63,0.002412
1981,Frau,64,0.002624
1981,Frau,65,0.002837
1981,Frau,66,0.003053
1981,Frau,67,0.003291
1981,Frau,68,0.003562
1981,Frau,69,0.003876
1981,Frau,70,0.004232
1981,Frau,71,0.004636
1981,Frau,72,0.005106
1981,Frau,73,0.005655
1981,Frau,74,0.006299
1981,Frau,75,0.007058
1981,Frau,76,0.007958
1981,Frau,77,0.009034
1981,Frau,78,0.010338
1981,Frau,79,0.01192
1981,Frau,80,0.013846
1981,Frau,81,0.016075
1981,Frau,82,0.018677
1981,Frau,83,0.021797
1981,Frau,84,0.025515
1981,Frau,85,0.02996
1981,Frau,86,0.035271
1981,Frau,87,0.04156
1981,Frau,88,0.048932
1981,Frau,89,0.05747
1981,Frau,90,0.067231
1981,Frau,91,0.078274
1981,Frau,92,0.090649
1981,Frau,93,0.10441
1981,Frau,94,0.119619
1981,Frau,95,0.136361
1981,Frau,96,0.154726
1981,Frau,97,0.174789
1981,Frau,98,0.196656
1981,Frau,99,0.220542
1981,Frau,100,0.246483
1981,Frau,101,0.274487
1981,Frau,102,0.304734
1981,Frau,103,0.33751
1981,Frau,104,0.37305
1981,Frau,105,0.410505
1981,Frau,106,0.449409
1981,Frau,107,0.492469
1981,Frau,108,0.537812
1981,Frau,109,0.585103
1981,Frau,110,0.63397
1981,Frau,111,0.683857
1981,Frau,112,0.733987
1981,Frau,113,0.783336
1981,Frau,114,0.830637
1981,Frau,115,0.874435
1981,Frau,116,0.913214
1981,Frau,117,0.945599
1981,Frau,118,0.970647
1981,Frau,119,0.988185
1981,Frau,120,1.0
1981,Mann,0,0.008424
1981,Mann,1,0.001005
1981,Mann,2,0.000505
1981,Mann,3,0.000583
1981,Mann,4,0.000263
1981,Mann,5,0.00013
1981,Mann,6,0.000337
1981,Mann,7,0.000181
1981,Mann,8,0.000255
1981,Mann,9,0.000177
1981,Mann,10,0.0002
1981,Mann,11,0.000221
1981,Mann,12,0.000169
1981,Mann,13,0.000192
1981,Mann,14,0.000356
1981,Mann,15,0.000236
1981,Mann,16,0.000493
1981,Mann,17,0.000583
1981,Mann,18,0.000598
1981,Mann,19,0.000826
1981,Mann,20,0.001211
1981,Mann,21,0.000836
1981,Mann,22,0.000869
1981,Mann,23,0.000747
1981,Mann,24,0.000717
1981,Mann,25,0.000726
1981,Mann,26,0.000537
1981,Mann,27,0.000812
1981,Mann,28,0.000441
1981,Mann,29,0.000497
1981,Mann,30,0.000719
1981,Mann,31,0.00051
1981,Mann,32,0.000344
1981,Mann,33,0.000558
1981,Mann,34,0.000533
1981,Mann,35,0.000394
1981,Mann,36,0.000619
1981,Mann,37,0.000484
1981,Mann,38,0.000672
1981,Mann,39,0.000763
1981,Mann,40,0.000711
1981,Mann,41,0.001015
1981,Mann,42,0.000892
1981,Mann,43,0.000936
1981,Mann,44,0.000984
1981,Mann,45,0.001043
1981,Mann,46,0.001121
1981,Mann,47,0.001216
1981,Mann,48,0.001323
1981,Mann,49,0.001439
1981,Mann,50,0.001559
1981,Mann,51,0.00168
1981,Mann,52,0.001803
1981,Mann,53,0.00193
1981,Mann,54,0.002069
1981,Mann,55,0.002226
1981,Mann,56,0.002394
1981,Mann,57,0.002574
1981,Mann,58,0.002772
1981,Mann,59,0.002998
1981,Mann,60,0.003257
1981,Mann,61,0.00355
1981,Mann,62,0.003876
1981,Mann,63,0.004229
1981,Mann,64,0.004591
1981,Mann,65,0.004952
1981,Mann,66,0.005309
1981,Mann,67,0.005671
1981,Mann,68,0.006049
1981,Mann,69,0.006469
1981,Mann,70,0.006967
1981,Mann,71,0.007577
1981,Mann,72,0.008306
1981,Mann,73,0.009161
1981,Mann,74,0.010167
1981,Mann,75,0.011343
1981,Mann,76,0.012716
1981,Mann,77,0.014331
1981,Mann,78,0.016312
1981,Mann,79,0.018654
1981,Mann,80,0.021215
1981,Mann,81,0.024264
1981,Mann,82,0.027908
1981,Mann,83,0.032262
1981,Mann,84,0.037421
1981,Mann,85,0.04345
1981,Mann,86,0.050437
1981,Mann,87,0.058547
1981,Mann,88,0.06799
1981,Mann,89,0.079021
1981,Mann,90,0.091828
1981,Mann,91,0.106561
1981,Mann,92,0.123232
1981,Mann,93,0.141826
1981,Mann,94,0.162338
1981,Mann,95,0.184653
1981,Mann,96,0.208732
1981,Mann,97,0.235018
1981,Mann,98,0.264183
1981,Mann,99,0.297047
1981,Mann,100,0.333863
1981,Mann,101,0.374504
1981,Mann,102,0.418044
1981,Mann,103,0.464603
1981,Mann,104,0.51912
1981,Mann,105,0.58536
1981,Mann,106,0.632188
1981,Mann,107,0.680114
1981,Mann,108,0.728367
1981,Mann,109,0.775942
1981,Mann,110,0.821612
1981,Mann,111,0.863996
1981,Mann,112,0.90169
1981,Mann,113,0.933469
1981,Mann,114,0.958523
1981,Mann,115,0.976678
1981,Mann,116,0.988508
1981,Mann,117,0.995241
1981,Mann,118,0.998456
1981,Mann,119,0.999668
1981,Mann,120,1.0
1982,Frau,0,0.007299
1982,Frau,1,0.000876
1982,Frau,2,0.000412
1982,Frau,3,0.000301
1982,Frau,4,0.00019
1982,Frau,5,0.000188
1982,Frau,6,0.00024
1982,Frau,7,0.000132
1982,Frau,8,0.000183
1982,Frau,9,0.000182
1982,Frau,10,0.000231
1982,Frau,11,0.000102
1982,Frau,12,0.000126
1982,Frau,13,0.000125
1982,Frau,14,0.000199
1982,Frau,15,0.000173
1982,Frau,16,0.000246
1982,Frau,17,0.000171
1982,Frau,18,0.000338
1982,Frau,19,0.000427
1982,Frau,20,0.000209
1982,Frau,21,0.000182
1982,Frau,22,0.000448
1982,Frau,23,0.000243
1982,Frau,24,0.000346
1982,Frau,25,0.00023
1982,Frau,26,0.000322
1982,Frau,27,0.000272
1982,Frau,28,0.000301
1982,Frau,29,0.000329
1982,Frau,30,0.000251
1982,Frau,31,0.000175
1982,Frau,32,0.000309
1982,Frau,33,0.000287
1982,Frau,34,0.000234
1982,Frau,35,0.000413
1982,Frau,36,0.000245
1982,Frau,37,0.000243
1982,Frau,38,0.000337
1982,Frau,39,0.000446
1982,Frau,40,0.000477
1982,Frau,41,0.000452
1982,Frau,42,0.000486
1982,Frau,43,0.000524
1982,Frau,44,0.000565
1982,Frau,45,0.000606
1982,Frau,46,0.000648
1982,Frau,47,0.000692
1982,Frau,48,0.000741
1982,Frau,49,0.000797
1982,Frau,50,0.000861
1982,Frau,51,0.000934
1982,Frau,52,0.001013
1982,Frau,53,0.001099
1982,Frau,54,0.001188
1982,Frau,55,0.001277
1982,Frau,56,0.001362
1982,Frau,57,0.00145
1982,Frau,58,0.001548
1982,Frau,59,0.001664
1982,Frau,60,0.001803
1982,Frau,61,0.001968
1982,Frau,62,0.002156
1982,Frau,63,0.002358
1982,Frau,64,0.002566
1982,Frau,65,0.002774
1982,Frau,66,0.002986
1982,Frau,67,0.003219
1982,Frau,68,0.003485
1982,Frau,69,0.003793
1982,Frau,70,0.004143
1982,Frau,71,0.004542
1982,Frau,72,0.005005
1982,Frau,73,0.005547
1982,Frau,74,0.006183
1982,Frau,75,0.006933
1982,Frau,76,0.007823
1982,Frau,77,0.008888
1982,Frau,78,0.010179
1982,Frau,79,0.011745
1982,Frau,80,0.013651
1982,Frau,81,0.015856
1982,Frau,82,0.018425
1982,Frau,83,0.021507
1982,Frau,84,0.025182
1982,Frau,85,0.029575
1982,Frau,86,0.034826
1982,Frau,87,0.041046
1982,Frau,88,0.048343
1982,Frau,89,0.0568
1982,Frau,90,0.066477
1982,Frau,91,0.077435
1982,Frau,92,0.089726
1982,Frau,93,0.103407
1982,Frau,94,0.118541
1982,Frau,95,0.135215
1982,Frau,96,0.15352
1982,Frau,97,0.173533
1982,Frau,98,0.195361
1982,Frau,99,0.219218
1982,Frau,100,0.245142
1982,Frau,101,0.273143
1982,Frau,102,0.303403
1982,Frau,103,0.336203
1982,Frau,104,0.371782
1982,Frau,105,0.409297
1982,Frau,106,0.448285
1982,Frau,107,0.491434
1982,Frau,108,0.536884
1982,Frau,109,0.584298
1982,Frau,110,0.633304
1982,Frau,111,0.683339
1982,Frau,112,0.733621
1982,Frau,113,0.783116
1982,Frau,114,0.830549
1982,Frau,115,0.874454
1982,Frau,116,0.913303
1982,Frau,117,0.945715
1982,Frau,118,0.970765
1982,Frau,119,0.988258
1982,Frau,120,1.0
1982,Mann,0,0.008138
1982,Mann,1,0.000972
1982,Mann,2,0.000423
1982,Mann,3,0.000317
1982,Mann,4,0.000498
1982,Mann,5,0.000181
1982,Mann,6,0.000334
1982,Mann,7,0.000204
1982,Mann,8,0.000277
1982,Mann,9,0.0003
1982,Mann,10,0.000173
1982,Mann,11,0.000291
1982,Mann,12,0.000288
1982,Mann,13,0.00019
1982,Mann,14,4.7e-05
1982,Mann,15,0.000377
1982,Mann,16,0.000351
1982,Mann,17,0.000625
1982,Mann,18,0.000737
1982,Mann,19,0.001079
1982,Mann,20,0.000882
1982,Mann,21,0.000715
1982,Mann,22,0.000664
1982,Mann,23,0.000612
1982,Mann,24,0.000775
1982,Mann,25,0.000831
1982,Mann,26,0.000762
1982,Mann,27,0.00056
1982,Mann,28,0.000632
1982,Mann,29,0.000524
1982,Mann,30,0.000388
1982,Mann,31,0.000466
1982,Mann,32,0.000607
1982,Mann,33,0.000415
1982,Mann,34,0.000539
1982,Mann,35,0.000728
1982,Mann,36,0.000433
1982,Mann,37,0.000764
1982,Mann,38,0.000568
1982,Mann,39,0.00058
1982,Mann,40,0.000745
1982,Mann,41,0.000828
1982,Mann,42,0.000871
1982,Mann,43,0.000914
1982,Mann,44,0.000961
1982,Mann,45,0.001019
1982,Mann,46,0.001094
1982,Mann,47,0.001187
1982,Mann,48,0.001292
1982,Mann,49,0.001405
1982,Mann,50,0.001522
1982,Mann,51,0.001639
1982,Mann,52,0.001759
1982,Mann,53,0.001883
1982,Mann,54,0.002019
1982,Mann,55,0.002171
1982,Mann,56,0.002334
1982,Mann,57,0.002509
1982,Mann,58,0.002702
1982,Mann,59,0.002922
1982,Mann,60,0.003175
1982,Mann,61,0.003461
1982,Mann,62,0.003778
1982,Mann,63,0.004122
1982,Mann,64,0.004475
1982,Mann,65,0.004827
1982,Mann,66,0.005176
1982,Mann,67,0.005529
1982,Mann,68,0.005899
1982,Mann,69,0.00631
1982,Mann,70,0.0068
1982,Mann,71,0.007399
1982,Mann,72,0.008115
1982,Mann,73,0.008957
1982,Mann,74,0.009949
1982,Mann,75,0.011109
1982,Mann,76,0.012464
1982,Mann,77,0.01406
1982,Mann,78,0.016021
1982,Mann,79,0.01834
1982,Mann,80,0.020868
1982,Mann,81,0.023879
1982,Mann,82,0.027478
1982,Mann,83,0.031779
1982,Mann,84,0.036877
1982,Mann,85,0.04284
1982,Mann,86,0.049755
1982,Mann,87,0.057786
1982,Mann,88,0.067144
1982,Mann,89,0.078083
1982,Mann,90,0.090791
1982,Mann,91,0.105422
1982,Mann,92,0.121992
1982,Mann,93,0.140494
1982,Mann,94,0.160925
1982,Mann,95,0.183178
1982,Mann,96,0.207217
1982,Mann,97,0.233482
1982,Mann,98,0.262643
1982,Mann,99,0.295513
1982,Mann,100,0.332352
1982,Mann,101,0.373039
1982,Mann,102,0.41666
1982,Mann,103,0.463335
1982,Mann,104,0.51796
1982,Mann,105,0.58428
1982,Mann,106,0.631373
1982,Mann,107,0.679567
1982,Mann,108,0.728081
1982,Mann,109,0.775897
1982,Mann,110,0.821771
1982,Mann,111,0.864308
1982,Mann,112,0.902092
1982,Mann,113,0.933893
1982,Mann,114,0.958908
1982,Mann,115,0.97698
1982,Mann,116,0.98871
1982,Mann,117,0.995353
1982,Mann,118,0.998504
1982,Mann,119,0.999682
1982,Mann,120,1.0
1983,Frau,0,0.00686
1983,Frau,1,0.000867
1983,Frau,2,0.00059
1983,Frau,3,0.000364
1983,Frau,4,0.000277
1983,Frau,5,0.000164
1983,Frau,6,0.000162
1983,Frau,7,8e-05
1983,Frau,8,0.000186
1983,Frau,9,0.000158
1983,Frau,10,7.8e-05
1983,Frau,11,0.000205
1983,Frau,12,0.000229
1983,Frau,13,0.000229
1983,Frau,14,0.000152
1983,Frau,15,0.000126
1983,Frau,16,0.00025
1983,Frau,17,0.000224
1983,Frau,18,0.000271
1983,Frau,19,0.000316
1983,Frau,20,0.000214
1983,Frau,21,0.000116
1983,Frau,22,0.00016
1983,Frau,23,0.000113
1983,Frau,24,0.000283
1983,Frau,25,0.000378
1983,Frau,26,0.000162
1983,Frau,27,0.000254
1983,Frau,28,0.000208
1983,Frau,29,0.00013
1983,Frau,30,0.000235
1983,Frau,31,0.000177
1983,Frau,32,0.00033
1983,Frau,33,0.000325
1983,Frau,34,0.000287
1983,Frau,35,0.000317
1983,Frau,36,0.000413
1983,Frau,37,0.000443
1983,Frau,38,0.000406
1983,Frau,39,0.000417
1983,Frau,40,0.000414
1983,Frau,41,0.000445
1983,Frau,42,0.000479
1983,Frau,43,0.000516
1983,Frau,44,0.000556
1983,Frau,45,0.000596
1983,Frau,46,0.000638
1983,Frau,47,0.000681
1983,Frau,48,0.000728
1983,Frau,49,0.000783
1983,Frau,50,0.000845
1983,Frau,51,0.000916
1983,Frau,52,0.000994
1983,Frau,53,0.001077
1983,Frau,54,0.001165
1983,Frau,55,0.001251
1983,Frau,56,0.001334
1983,Frau,57,0.001419
1983,Frau,58,0.001515
1983,Frau,59,0.001628
1983,Frau,60,0.001764
1983,Frau,61,0.001925
1983,Frau,62,0.002109
1983,Frau,63,0.002306
1983,Frau,64,0.002509
1983,Frau,65,0.002713
1983,Frau,66,0.00292
1983,Frau,67,0.003148
1983,Frau,68,0.00341
1983,Frau,69,0.003712
1983,Frau,70,0.004057
1983,Frau,71,0.004449
1983,Frau,72,0.004905
1983,Frau,73,0.005441
1983,Frau,74,0.006069
1983,Frau,75,0.006811
1983,Frau,76,0.007691
1983,Frau,77,0.008746
1983,Frau,78,0.010023
1983,Frau,79,0.011573
1983,Frau,80,0.013461
1983,Frau,81,0.01564
1983,Frau,82,0.018179
1983,Frau,83,0.021223
1983,Frau,84,0.024854
1983,Frau,85,0.029196
1983,Frau,86,0.034387
1983,Frau,87,0.04054
1983,Frau,88,0.047762
1983,Frau,89,0.056139
1983,Frau,90,0.065733
1983,Frau,91,0.076606
1983,Frau,92,0.088814
1983,Frau,93,0.102415
1983,Frau,94,0.117474
1983,Frau,95,0.13408
1983,Frau,96,0.152326
1983,Frau,97,0.172289
1983,Frau,98,0.194078
1983,Frau,99,0.217905
1983,Frau,100,0.243812
1983,Frau,101,0.271811
1983,Frau,102,0.302081
1983,Frau,103,0.334905
1983,Frau,104,0.370521
1983,Frau,105,0.408096
1983,Frau,106,0.447167
1983,Frau,107,0.490403
1983,Frau,108,0.535958
1983,Frau,109,0.583494
1983,Frau,110,0.632636
1983,Frau,111,0.682819
1983,Frau,112,0.733251
1983,Frau,113,0.782892
1983,Frau,114,0.830456
1983,Frau,115,0.874467
1983,Frau,116,0.913386
1983,Frau,117,0.945847
1983,Frau,118,0.970893
1983,Frau,119,0.98833
1983,Frau,120,1.0
1983,Mann,0,0.008738
1983,Mann,1,0.000899
1983,Mann,2,0.000504
1983,Mann,3,0.000398
1983,Mann,4,0.000237
1983,Mann,5,0.000259
1983,Mann,6,0.000206
1983,Mann,7,0.000303
1983,Mann,8,0.000201
1983,Mann,9,0.000148
1983,Mann,10,0.000195
1983,Mann,11,0.000193
1983,Mann,12,0.00024
1983,Mann,13,0.000167
1983,Mann,14,0.000332
1983,Mann,15,0.000731
1983,Mann,16,0.000164
1983,Mann,17,0.000512
1983,Mann,18,0.000628
1983,Mann,19,0.000967
1983,Mann,20,0.00084
1983,Mann,21,0.000763
1983,Mann,22,0.00087
1983,Mann,23,0.000748
1983,Mann,24,0.000664
1983,Mann,25,0.000498
1983,Mann,26,0.000582
1983,Mann,27,0.000498
1983,Mann,28,0.000335
1983,Mann,29,0.000525
1983,Mann,30,0.000423
1983,Mann,31,0.000549
1983,Mann,32,0.000473
1983,Mann,33,0.000498
1983,Mann,34,0.000674
1983,Mann,35,0.000554
1983,Mann,36,0.0005
1983,Mann,37,0.000688
1983,Mann,38,0.000666
1983,Mann,39,0.000767
1983,Mann,40,0.000767
1983,Mann,41,0.00081
1983,Mann,42,0.000852
1983,Mann,43,0.000893
1983,Mann,44,0.000939
1983,Mann,45,0.000995
1983,Mann,46,0.001069
1983,Mann,47,0.001159
1983,Mann,48,0.001261
1983,Mann,49,0.001372
1983,Mann,50,0.001486
1983,Mann,51,0.001601
1983,Mann,52,0.001717
1983,Mann,53,0.001837
1983,Mann,54,0.001969
1983,Mann,55,0.002117
1983,Mann,56,0.002276
1983,Mann,57,0.002447
1983,Mann,58,0.002634
1983,Mann,59,0.002849
1983,Mann,60,0.003094
1983,Mann,61,0.003373
1983,Mann,62,0.003683
1983,Mann,63,0.004018
1983,Mann,64,0.004363
1983,Mann,65,0.004706
1983,Mann,66,0.005046
1983,Mann,67,0.005391
1983,Mann,68,0.005753
1983,Mann,69,0.006156
1983,Mann,70,0.006636
1983,Mann,71,0.007225
1983,Mann,72,0.00793
1983,Mann,73,0.008759
1983,Mann,74,0.009736
1983,Mann,75,0.010881
1983,Mann,76,0.012219
1983,Mann,77,0.013796
1983,Mann,78,0.015737
1983,Mann,79,0.018033
1983,Mann,80,0.020529
1983,Mann,81,0.023502
1983,Mann,82,0.027056
1983,Mann,83,0.031305
1983,Mann,84,0.036343
1983,Mann,85,0.04224
1983,Mann,86,0.049082
1983,Mann,87,0.057036
1983,Mann,88,0.06631
1983,Mann,89,0.077156
1983,Mann,90,0.089766
1983,Mann,91,0.104294
1983,Mann,92,0.120765
1983,Mann,93,0.139173
1983,Mann,94,0.159523
1983,Mann,95,0.181712
1983,Mann,96,0.20571
1983,Mann,97,0.231954
1983,Mann,98,0.261107
1983,Mann,99,0.293983
1983,Mann,100,0.330843
1983,Mann,101,0.371574
1983,Mann,102,0.415274
1983,Mann,103,0.462062
1983,Mann,104,0.516793
1983,Mann,105,0.583191
1983,Mann,106,0.630546
1983,Mann,107,0.679006
1983,Mann,108,0.727781
1983,Mann,109,0.775836
1983,Mann,110,0.821914
1983,Mann,111,0.864604
1983,Mann,112,0.902479
1983,Mann,113,0.934303
1983,Mann,114,0.959281
1983,Mann,115,0.977273
1983,Mann,116,0.988906
1983,Mann,117,0.995461
1983,Mann,118,0.99855
1983,Mann,119,0.999694
1983,Mann,120,1.0
1984,Frau,0,0.005674
1984,Frau,1,0.00075
1984,Frau,2,0.000418
1984,Frau,3,0.000388
1984,Frau,4,0.000137
1984,Frau,5,0.000108
1984,Frau,6,0.000106
1984,Frau,7,0.000131
1984,Frau,8,0.000182
1984,Frau,9,7.7e-05
1984,Frau,10,0.000152
1984,Frau,11,2.5e-05
1984,Frau,12,0.000126
1984,Frau,13,0.000176
1984,Frau,14,0.00015
1984,Frau,15,0.000149
1984,Frau,16,0.000444
1984,Frau,17,0.000196
1984,Frau,18,0.000362
1984,Frau,19,0.000357
1984,Frau,20,0.000304
1984,Frau,21,0.000139
1984,Frau,22,0.000294
1984,Frau,23,0.000288
1984,Frau,24,0.000213
1984,Frau,25,0.000205
1984,Frau,26,0.000178
1984,Frau,27,0.000305
1984,Frau,28,0.000204
1984,Frau,29,0.000126
1984,Frau,30,0.000283
1984,Frau,31,0.00031
1984,Frau,32,0.000237
1984,Frau,33,0.000167
1984,Frau,34,0.000298
1984,Frau,35,0.000312
1984,Frau,36,0.000276
1984,Frau,37,0.000225
1984,Frau,38,0.000399
1984,Frau,39,0.00038
1984,Frau,40,0.000408
1984,Frau,41,0.000439
1984,Frau,42,0.000472
1984,Frau,43,0.000508
1984,Frau,44,0.000547
1984,Frau,45,0.000587
1984,Frau,46,0.000627
1984,Frau,47,0.000669
1984,Frau,48,0.000715
1984,Frau,49,0.000769
1984,Frau,50,0.00083
1984,Frau,51,0.000899
1984,Frau,52,0.000975
1984,Frau,53,0.001057
1984,Frau,54,0.001142
1984,Frau,55,0.001226
1984,Frau,56,0.001306
1984,Frau,57,0.001389
1984,Frau,58,0.001483
1984,Frau,59,0.001593
1984,Frau,60,0.001725
1984,Frau,61,0.001883
1984,Frau,62,0.002062
1984,Frau,63,0.002255
1984,Frau,64,0.002453
1984,Frau,65,0.002653
1984,Frau,66,0.002855
1984,Frau,67,0.003079
1984,Frau,68,0.003336
1984,Frau,69,0.003633
1984,Frau,70,0.003972
1984,Frau,71,0.004358
1984,Frau,72,0.004809
1984,Frau,73,0.005337
1984,Frau,74,0.005958
1984,Frau,75,0.006692
1984,Frau,76,0.007563
1984,Frau,77,0.008607
1984,Frau,78,0.009871
1984,Frau,79,0.011406
1984,Frau,80,0.013275
1984,Frau,81,0.01543
1984,Frau,82,0.017938
1984,Frau,83,0.020945
1984,Frau,84,0.024532
1984,Frau,85,0.028823
1984,Frau,86,0.033956
1984,Frau,87,0.040042
1984,Frau,88,0.04719
1984,Frau,89,0.055487
1984,Frau,90,0.064998
1984,Frau,91,0.075787
1984,Frau,92,0.087912
1984,Frau,93,0.101433
1984,Frau,94,0.116419
1984,Frau,95,0.132958
1984,Frau,96,0.151144
1984,Frau,97,0.171057
1984,Frau,98,0.192806
1984,Frau,99,0.216604
1984,Frau,100,0.242493
1984,Frau,101,0.270488
1984,Frau,102,0.300769
1984,Frau,103,0.333617
1984,Frau,104,0.369269
1984,Frau,105,0.406902
1984,Frau,106,0.446054
1984,Frau,107,0.489376
1984,Frau,108,0.535034
1984,Frau,109,0.582691
1984,Frau,110,0.631968
1984,Frau,111,0.682296
1984,Frau,112,0.732877
1984,Frau,113,0.782664
1984,Frau,114,0.830359
1984,Frau,115,0.874475
1984,Frau,116,0.913484
1984,Frau,117,0.945993
1984,Frau,118,0.971019
1984,Frau,119,0.9884
1984,Frau,120,1.0
1984,Mann,0,0.008141
1984,Mann,1,0.000786
1984,Mann,2,0.000525
1984,Mann,3,0.000287
1984,Mann,4,0.000284
1984,Mann,5,5.1e-05
1984,Mann,6,0.000276
1984,Mann,7,0.000198
1984,Mann,8,0.000147
1984,Mann,9,0.000144
1984,Mann,10,0.000119
1984,Mann,11,0.000142
1984,Mann,12,0.000164
1984,Mann,13,0.00021
1984,Mann,14,0.000255
1984,Mann,15,0.000391
1984,Mann,16,0.000366
1984,Mann,17,0.000435
1984,Mann,18,0.000677
1984,Mann,19,0.000915
1984,Mann,20,0.000774
1984,Mann,21,0.000704
1984,Mann,22,0.000804
1984,Mann,23,0.000785
1984,Mann,24,0.000595
1984,Mann,25,0.000418
1984,Mann,26,0.000383
1984,Mann,27,0.00037
1984,Mann,28,0.000559
1984,Mann,29,0.000562
1984,Mann,30,0.000447
1984,Mann,31,0.000452
1984,Mann,32,0.000446
1984,Mann,33,0.000457
1984,Mann,34,0.000517
1984,Mann,35,0.000465
1984,Mann,36,0.000444
1984,Mann,37,0.000628
1984,Mann,38,0.000752
1984,Mann,39,0.000709
1984,Mann,40,0.00075
1984,Mann,41,0.000792
1984,Mann,42,0.000833
1984,Mann,43,0.000873
1984,Mann,44,0.000917
1984,Mann,45,0.000972
1984,Mann,46,0.001044
1984,Mann,47,0.001132
1984,Mann,48,0.001232
1984,Mann,49,0.00134
1984,Mann,50,0.001451
1984,Mann,51,0.001563
1984,Mann,52,0.001676
1984,Mann,53,0.001793
1984,Mann,54,0.001922
1984,Mann,55,0.002066
1984,Mann,56,0.00222
1984,Mann,57,0.002386
1984,Mann,58,0.002568
1984,Mann,59,0.002777
1984,Mann,60,0.003016
1984,Mann,61,0.003288
1984,Mann,62,0.00359
1984,Mann,63,0.003917
1984,Mann,64,0.004253
1984,Mann,65,0.004588
1984,Mann,66,0.004919
1984,Mann,67,0.005256
1984,Mann,68,0.00561
1984,Mann,69,0.006005
1984,Mann,70,0.006476
1984,Mann,71,0.007055
1984,Mann,72,0.007749
1984,Mann,73,0.008566
1984,Mann,74,0.009529
1984,Mann,75,0.010659
1984,Mann,76,0.01198
1984,Mann,77,0.013538
1984,Mann,78,0.015459
1984,Mann,79,0.017732
1984,Mann,80,0.020197
1984,Mann,81,0.023132
1984,Mann,82,0.026643
1984,Mann,83,0.03084
1984,Mann,84,0.035818
1984,Mann,85,0.041649
1984,Mann,86,0.04842
1984,Mann,87,0.056296
1984,Mann,88,0.065486
1984,Mann,89,0.07624
1984,Mann,90,0.088752
1984,Mann,91,0.103178
1984,Mann,92,0.119548
1984,Mann,93,0.137863
1984,Mann,94,0.158131
1984,Mann,95,0.180257
1984,Mann,96,0.204212
1984,Mann,97,0.230433
1984,Mann,98,0.259578
1984,Mann,99,0.292457
1984,Mann,100,0.329336
1984,Mann,101,0.370108
1984,Mann,102,0.413886
1984,Mann,103,0.460784
1984,Mann,104,0.515618
1984,Mann,105,0.582093
1984,Mann,106,0.629708
1984,Mann,107,0.678433
1984,Mann,108,0.727466
1984,Mann,109,0.77576
1984,Mann,110,0.822042
1984,Mann,111,0.864885
1984,Mann,112,0.902851
1984,Mann,113,0.9347
1984,Mann,114,0.959642
1984,Mann,115,0.977557
1984,Mann,116,0.989097
1984,Mann,117,0.995567
1984,Mann,118,0.998595
1984,Mann,119,0.999706
1984,Mann,120,1.0
1985,Frau,0,0.006186
1985,Frau,1,0.000601
1985,Frau,2,0.000301
1985,Frau,3,0.000218
1985,Frau,4,0.000188
1985,Frau,5,0.00021
1985,Frau,6,0.000156
1985,Frau,7,0.000154
1985,Frau,8,0.000203
1985,Frau,9,7.5e-05
1985,Frau,10,7.5e-05
1985,Frau,11,0.000174
1985,Frau,12,0.000124
1985,Frau,13,9.9e-05
1985,Frau,14,0.000221
1985,Frau,15,7.3e-05
1985,Frau,16,0.000122
1985,Frau,17,0.000266
1985,Frau,18,0.000285
1985,Frau,19,0.000211
1985,Frau,20,0.000278
1985,Frau,21,4.6e-05
1985,Frau,22,0.0002
1985,Frau,23,0.000129
1985,Frau,24,0.00021
1985,Frau,25,0.0002
1985,Frau,26,0.000137
1985,Frau,27,0.000264
1985,Frau,28,0.000274
1985,Frau,29,0.000249
1985,Frau,30,0.000277
1985,Frau,31,0.00029
1985,Frau,32,0.000235
1985,Frau,33,0.000215
1985,Frau,34,0.000262
1985,Frau,35,0.000405
1985,Frau,36,0.000545
1985,Frau,37,0.000273
1985,Frau,38,0.000348
1985,Frau,39,0.000375
1985,Frau,40,0.000403
1985,Frau,41,0.000432
1985,Frau,42,0.000465
1985,Frau,43,0.000501
1985,Frau,44,0.000539
1985,Frau,45,0.000577
1985,Frau,46,0.000617
1985,Frau,47,0.000658
1985,Frau,48,0.000703
1985,Frau,49,0.000755
1985,Frau,50,0.000815
1985,Frau,51,0.000882
1985,Frau,52,0.000957
1985,Frau,53,0.001036
1985,Frau,54,0.001119
1985,Frau,55,0.001201
1985,Frau,56,0.00128
1985,Frau,57,0.00136
1985,Frau,58,0.001451
1985,Frau,59,0.001559
1985,Frau,60,0.001688
1985,Frau,61,0.001841
1985,Frau,62,0.002017
1985,Frau,63,0.002205
1985,Frau,64,0.002399
1985,Frau,65,0.002594
1985,Frau,66,0.002792
1985,Frau,67,0.003012
1985,Frau,68,0.003263
1985,Frau,69,0.003555
1985,Frau,70,0.003889
1985,Frau,71,0.00427
1985,Frau,72,0.004714
1985,Frau,73,0.005236
1985,Frau,74,0.005849
1985,Frau,75,0.006575
1985,Frau,76,0.007437
1985,Frau,77,0.008471
1985,Frau,78,0.009723
1985,Frau,79,0.011242
1985,Frau,80,0.013093
1985,Frau,81,0.015224
1985,Frau,82,0.017701
1985,Frau,83,0.020672
1985,Frau,84,0.024216
1985,Frau,85,0.028457
1985,Frau,86,0.033532
1985,Frau,87,0.039551
1985,Frau,88,0.046626
1985,Frau,89,0.054843
1985,Frau,90,0.064272
1985,Frau,91,0.074977
1985,Frau,92,0.08702
1985,Frau,93,0.100463
1985,Frau,94,0.115375
1985,Frau,95,0.131846
1985,Frau,96,0.149974
1985,Frau,97,0.169837
1985,Frau,98,0.191546
1985,Frau,99,0.215315
1985,Frau,100,0.241186
1985,Frau,101,0.269177
1985,Frau,102,0.299467
1985,Frau,103,0.332338
1985,Frau,104,0.368026
1985,Frau,105,0.405714
1985,Frau,106,0.444947
1985,Frau,107,0.488353
1985,Frau,108,0.534113
1985,Frau,109,0.58189
1985,Frau,110,0.6313
1985,Frau,111,0.681771
1985,Frau,112,0.732501
1985,Frau,113,0.782431
1985,Frau,114,0.830256
1985,Frau,115,0.874492
1985,Frau,116,0.913597
1985,Frau,117,0.946135
1985,Frau,118,0.971141
1985,Frau,119,0.988468
1985,Frau,120,1.0
1985,Mann,0,0.007766
1985,Mann,1,0.000612
1985,Mann,2,0.000453
1985,Mann,3,0.000345
1985,Mann,4,0.000368
1985,Mann,5,0.000231
1985,Mann,6,0.000201
1985,Mann,7,0.000346
1985,Mann,8,0.000366
1985,Mann,9,0.000193
1985,Mann,10,9.6e-05
1985,Mann,11,0.000214
1985,Mann,12,9.5e-05
1985,Mann,13,0.000165
1985,Mann,14,0.000351
1985,Mann,15,0.000279
1985,Mann,16,0.000466
1985,Mann,17,0.000508
1985,Mann,18,0.000593
1985,Mann,19,0.000768
1985,Mann,20,0.000628
1985,Mann,21,0.000512
1985,Mann,22,0.000569
1985,Mann,23,0.000658
1985,Mann,24,0.000577
1985,Mann,25,0.000476
1985,Mann,26,0.000345
1985,Mann,27,0.00039
1985,Mann,28,0.00047
1985,Mann,29,0.00042
1985,Mann,30,0.000343
1985,Mann,31,0.00057
1985,Mann,32,0.000545
1985,Mann,33,0.000506
1985,Mann,34,0.000419
1985,Mann,35,0.000573
1985,Mann,36,0.000567
1985,Mann,37,0.00062
1985,Mann,38,0.000657
1985,Mann,39,0.000695
1985,Mann,40,0.000735
1985,Mann,41,0.000776
1985,Mann,42,0.000815
1985,Mann,43,0.000854
1985,Mann,44,0.000897
1985,Mann,45,0.00095
1985,Mann,46,0.00102
1985,Mann,47,0.001106
1985,Mann,48,0.001204
1985,Mann,49,0.001309
1985,Mann,50,0.001418
1985,Mann,51,0.001527
1985,Mann,52,0.001637
1985,Mann,53,0.001751
1985,Mann,54,0.001875
1985,Mann,55,0.002015
1985,Mann,56,0.002166
1985,Mann,57,0.002327
1985,Mann,58,0.002504
1985,Mann,59,0.002707
1985,Mann,60,0.00294
1985,Mann,61,0.003205
1985,Mann,62,0.003499
1985,Mann,63,0.003818
1985,Mann,64,0.004146
1985,Mann,65,0.004472
1985,Mann,66,0.004796
1985,Mann,67,0.005125
1985,Mann,68,0.005471
1985,Mann,69,0.005858
1985,Mann,70,0.006321
1985,Mann,71,0.00689
1985,Mann,72,0.007572
1985,Mann,73,0.008377
1985,Mann,74,0.009327
1985,Mann,75,0.010441
1985,Mann,76,0.011746
1985,Mann,77,0.013286
1985,Mann,78,0.015188
1985,Mann,79,0.017439
1985,Mann,80,0.019872
1985,Mann,81,0.02277
1985,Mann,82,0.026237
1985,Mann,83,0.030383
1985,Mann,84,0.035303
1985,Mann,85,0.041068
1985,Mann,86,0.047768
1985,Mann,87,0.055567
1985,Mann,88,0.064673
1985,Mann,89,0.075335
1985,Mann,90,0.087749
1985,Mann,91,0.102074
1985,Mann,92,0.118343
1985,Mann,93,0.136564
1985,Mann,94,0.15675
1985,Mann,95,0.178811
1985,Mann,96,0.202723
1985,Mann,97,0.228919
1985,Mann,98,0.258055
1985,Mann,99,0.290935
1985,Mann,100,0.327831
1985,Mann,101,0.368643
1985,Mann,102,0.412495
1985,Mann,103,0.459502
1985,Mann,104,0.514437
1985,Mann,105,0.580985
1985,Mann,106,0.628859
1985,Mann,107,0.677847
1985,Mann,108,0.727138
1985,Mann,109,0.77567
1985,Mann,110,0.822154
1985,Mann,111,0.86515
1985,Mann,112,0.903208
1985,Mann,113,0.935084
1985,Mann,114,0.959993
1985,Mann,115,0.977833
1985,Mann,116,0.989283
1985,Mann,117,0.995668
1985,Mann,118,0.998637
1985,Mann,119,0.999718
1985,Mann,120,1.0
1986,Frau,0,0.006343
1986,Frau,1,0.000458
1986,Frau,2,0.000216
1986,Frau,3,0.000323
1986,Frau,4,0.000212
1986,Frau,5,7.8e-05
1986,Frau,6,0.000153
1986,Frau,7,0.000101
1986,Frau,8,0.000124
1986,Frau,9,0.000149
1986,Frau,10,4.9e-05
1986,Frau,11,9.8e-05
1986,Frau,12,7.4e-05
1986,Frau,13,0.0
1986,Frau,14,0.000242
1986,Frau,15,0.000169
1986,Frau,16,2.4e-05
1986,Frau,17,0.000286
1986,Frau,18,0.00033
1986,Frau,19,0.000302
1986,Frau,20,0.000343
1986,Frau,21,0.00018
1986,Frau,22,0.000175
1986,Frau,23,0.000211
1986,Frau,24,0.000204
1986,Frau,25,0.00028
1986,Frau,26,0.000172
1986,Frau,27,0.00013
1986,Frau,28,0.000162
1986,Frau,29,0.000227
1986,Frau,30,0.000205
1986,Frau,31,0.000219
1986,Frau,32,0.000266
1986,Frau,33,0.000164
1986,Frau,34,0.00021
1986,Frau,35,0.000304
1986,Frau,36,0.000244
1986,Frau,37,0.00032
1986,Frau,38,0.000344
1986,Frau,39,0.00037
1986,Frau,40,0.000397
1986,Frau,41,0.000426
1986,Frau,42,0.000459
1986,Frau,43,0.000494
1986,Frau,44,0.00053
1986,Frau,45,0.000568
1986,Frau,46,0.000607
1986,Frau,47,0.000647
1986,Frau,48,0.000691
1986,Frau,49,0.000742
1986,Frau,50,0.0008
1986,Frau,51,0.000866
1986,Frau,52,0.000939
1986,Frau,53,0.001016
1986,Frau,54,0.001097
1986,Frau,55,0.001177
1986,Frau,56,0.001253
1986,Frau,57,0.001332
1986,Frau,58,0.00142
1986,Frau,59,0.001525
1986,Frau,60,0.001651
1986,Frau,61,0.001801
1986,Frau,62,0.001972
1986,Frau,63,0.002157
1986,Frau,64,0.002346
1986,Frau,65,0.002536
1986,Frau,66,0.002731
1986,Frau,67,0.002945
1986,Frau,68,0.003193
1986,Frau,69,0.00348
1986,Frau,70,0.003808
1986,Frau,71,0.004183
1986,Frau,72,0.004622
1986,Frau,73,0.005137
1986,Frau,74,0.005744
1986,Frau,75,0.006462
1986,Frau,76,0.007315
1986,Frau,77,0.008338
1986,Frau,78,0.009578
1986,Frau,79,0.011082
1986,Frau,80,0.012915
1986,Frau,81,0.015023
1986,Frau,82,0.017469
1986,Frau,83,0.020404
1986,Frau,84,0.023906
1986,Frau,85,0.028098
1986,Frau,86,0.033114
1986,Frau,87,0.039068
1986,Frau,88,0.046069
1986,Frau,89,0.054209
1986,Frau,90,0.063555
1986,Frau,91,0.074178
1986,Frau,92,0.086139
1986,Frau,93,0.099503
1986,Frau,94,0.114341
1986,Frau,95,0.130747
1986,Frau,96,0.148815
1986,Frau,97,0.168628
1986,Frau,98,0.190298
1986,Frau,99,0.214037
1986,Frau,100,0.23989
1986,Frau,101,0.267876
1986,Frau,102,0.298176
1986,Frau,103,0.331068
1986,Frau,104,0.36679
1986,Frau,105,0.404534
1986,Frau,106,0.443847
1986,Frau,107,0.487335
1986,Frau,108,0.533195
1986,Frau,109,0.581089
1986,Frau,110,0.630631
1986,Frau,111,0.681245
1986,Frau,112,0.732121
1986,Frau,113,0.782194
1986,Frau,114,0.830152
1986,Frau,115,0.874519
1986,Frau,116,0.913705
1986,Frau,117,0.946272
1986,Frau,118,0.971259
1986,Frau,119,0.988534
1986,Frau,120,1.0
1986,Mann,0,0.007251
1986,Mann,1,0.001014
1986,Mann,2,0.000286
1986,Mann,3,0.000104
1986,Mann,4,0.00028
1986,Mann,5,0.000322
1986,Mann,6,0.000196
1986,Mann,7,0.000265
1986,Mann,8,7.1e-05
1986,Mann,9,0.000118
1986,Mann,10,2.3e-05
1986,Mann,11,0.000187
1986,Mann,12,0.00021
1986,Mann,13,9.2e-05
1986,Mann,14,0.000253
1986,Mann,15,0.000185
1986,Mann,16,0.000229
1986,Mann,17,0.000521
1986,Mann,18,0.000651
1986,Mann,19,0.00058
1986,Mann,20,0.000553
1986,Mann,21,0.000588
1986,Mann,22,0.000511
1986,Mann,23,0.000518
1986,Mann,24,0.00032
1986,Mann,25,0.000719
1986,Mann,26,0.00032
1986,Mann,27,0.000602
1986,Mann,28,0.000531
1986,Mann,29,0.000345
1986,Mann,30,0.00032
1986,Mann,31,0.000398
1986,Mann,32,0.000474
1986,Mann,33,0.000548
1986,Mann,34,0.00035
1986,Mann,35,0.000629
1986,Mann,36,0.000615
1986,Mann,37,0.00061
1986,Mann,38,0.000644
1986,Mann,39,0.000681
1986,Mann,40,0.00072
1986,Mann,41,0.00076
1986,Mann,42,0.000798
1986,Mann,43,0.000836
1986,Mann,44,0.000877
1986,Mann,45,0.000929
1986,Mann,46,0.000998
1986,Mann,47,0.001082
1986,Mann,48,0.001177
1986,Mann,49,0.00128
1986,Mann,50,0.001385
1986,Mann,51,0.001492
1986,Mann,52,0.001599
1986,Mann,53,0.001709
1986,Mann,54,0.00183
1986,Mann,55,0.001967
1986,Mann,56,0.002113
1986,Mann,57,0.002269
1986,Mann,58,0.002442
1986,Mann,59,0.002639
1986,Mann,60,0.002867
1986,Mann,61,0.003124
1986,Mann,62,0.003411
1986,Mann,63,0.003722
1986,Mann,64,0.004041
1986,Mann,65,0.00436
1986,Mann,66,0.004675
1986,Mann,67,0.004996
1986,Mann,68,0.005335
1986,Mann,69,0.005715
1986,Mann,70,0.006169
1986,Mann,71,0.006728
1986,Mann,72,0.0074
1986,Mann,73,0.008193
1986,Mann,74,0.009129
1986,Mann,75,0.010229
1986,Mann,76,0.011518
1986,Mann,77,0.01304
1986,Mann,78,0.014923
1986,Mann,79,0.017152
1986,Mann,80,0.019554
1986,Mann,81,0.022416
1986,Mann,82,0.02584
1986,Mann,83,0.029935
1986,Mann,84,0.034796
1986,Mann,85,0.040496
1986,Mann,86,0.047126
1986,Mann,87,0.054848
1986,Mann,88,0.063871
1986,Mann,89,0.074442
1986,Mann,90,0.086758
1986,Mann,91,0.10098
1986,Mann,92,0.117149
1986,Mann,93,0.135276
1986,Mann,94,0.155379
1986,Mann,95,0.177375
1986,Mann,96,0.201243
1986,Mann,97,0.227414
1986,Mann,98,0.256539
1986,Mann,99,0.289419
1986,Mann,100,0.326329
1986,Mann,101,0.367179
1986,Mann,102,0.411103
1986,Mann,103,0.458215
1986,Mann,104,0.513249
1986,Mann,105,0.579869
1986,Mann,106,0.627999
1986,Mann,107,0.677249
1986,Mann,108,0.726796
1986,Mann,109,0.775564
1986,Mann,110,0.822252
1986,Mann,111,0.865401
1986,Mann,112,0.903552
1986,Mann,113,0.935455
1986,Mann,114,0.960331
1986,Mann,115,0.978101
1986,Mann,116,0.989462
1986,Mann,117,0.995766
1986,Mann,118,0.998678
1986,Mann,119,0.999729
1986,Mann,120,1.0
1987,Frau,0,0.005943
1987,Frau,1,0.000645
1987,Frau,2,0.000162
1987,Frau,3,0.000185
1987,Frau,4,0.000234
1987,Frau,5,0.000154
1987,Frau,6,0.000177
1987,Frau,7,5e-05
1987,Frau,8,9.9e-05
1987,Frau,9,0.000124
1987,Frau,10,0.000149
1987,Frau,11,0.000197
1987,Frau,12,0.000294
1987,Frau,13,7.3e-05
1987,Frau,14,9.8e-05
1987,Frau,15,0.000291
1987,Frau,16,0.00012
1987,Frau,17,0.000191
1987,Frau,18,0.000354
1987,Frau,19,9.3e-05
1987,Frau,20,0.000342
1987,Frau,21,0.000311
1987,Frau,22,0.000173
1987,Frau,23,0.00021
1987,Frau,24,0.000103
1987,Frau,25,0.000239
1987,Frau,26,0.000153
1987,Frau,27,0.000111
1987,Frau,28,0.000287
1987,Frau,29,0.000228
1987,Frau,30,0.000206
1987,Frau,31,0.000321
1987,Frau,32,0.000266
1987,Frau,33,0.000295
1987,Frau,34,0.000422
1987,Frau,35,0.000299
1987,Frau,36,0.000296
1987,Frau,37,0.000317
1987,Frau,38,0.00034
1987,Frau,39,0.000365
1987,Frau,40,0.000392
1987,Frau,41,0.000421
1987,Frau,42,0.000452
1987,Frau,43,0.000486
1987,Frau,44,0.000523
1987,Frau,45,0.00056
1987,Frau,46,0.000597
1987,Frau,47,0.000636
1987,Frau,48,0.000679
1987,Frau,49,0.000729
1987,Frau,50,0.000786
1987,Frau,51,0.00085
1987,Frau,52,0.000921
1987,Frau,53,0.000997
1987,Frau,54,0.001076
1987,Frau,55,0.001154
1987,Frau,56,0.001228
1987,Frau,57,0.001304
1987,Frau,58,0.00139
1987,Frau,59,0.001492
1987,Frau,60,0.001615
1987,Frau,61,0.001761
1987,Frau,62,0.001929
1987,Frau,63,0.002109
1987,Frau,64,0.002294
1987,Frau,65,0.00248
1987,Frau,66,0.00267
1987,Frau,67,0.002881
1987,Frau,68,0.003123
1987,Frau,69,0.003406
1987,Frau,70,0.003729
1987,Frau,71,0.004099
1987,Frau,72,0.004531
1987,Frau,73,0.00504
1987,Frau,74,0.00564
1987,Frau,75,0.00635
1987,Frau,76,0.007195
1987,Frau,77,0.008208
1987,Frau,78,0.009436
1987,Frau,79,0.010926
1987,Frau,80,0.012742
1987,Frau,81,0.014826
1987,Frau,82,0.017242
1987,Frau,83,0.020141
1987,Frau,84,0.023602
1987,Frau,85,0.027744
1987,Frau,86,0.032703
1987,Frau,87,0.038592
1987,Frau,88,0.045521
1987,Frau,89,0.053582
1987,Frau,90,0.062848
1987,Frau,91,0.073388
1987,Frau,92,0.085268
1987,Frau,93,0.098554
1987,Frau,94,0.113319
1987,Frau,95,0.129658
1987,Frau,96,0.147668
1987,Frau,97,0.167431
1987,Frau,98,0.189062
1987,Frau,99,0.21277
1987,Frau,100,0.238605
1987,Frau,101,0.266587
1987,Frau,102,0.296895
1987,Frau,103,0.329808
1987,Frau,104,0.365563
1987,Frau,105,0.403362
1987,Frau,106,0.442752
1987,Frau,107,0.486321
1987,Frau,108,0.53228
1987,Frau,109,0.58029
1987,Frau,110,0.629963
1987,Frau,111,0.680717
1987,Frau,112,0.731739
1987,Frau,113,0.78194
1987,Frau,114,0.830045
1987,Frau,115,0.87454
1987,Frau,116,0.913808
1987,Frau,117,0.946405
1987,Frau,118,0.971375
1987,Frau,119,0.988598
1987,Frau,120,1.0
1987,Mann,0,0.007889
1987,Mann,1,0.000692
1987,Mann,2,0.000359
1987,Mann,3,0.000456
1987,Mann,4,0.000223
1987,Mann,5,0.00022
1987,Mann,6,0.000241
1987,Mann,7,0.00031
1987,Mann,8,0.000189
1987,Mann,9,0.000188
1987,Mann,10,9.4e-05
1987,Mann,11,0.000117
1987,Mann,12,0.000186
1987,Mann,13,0.000162
1987,Mann,14,0.000301
1987,Mann,15,0.000276
1987,Mann,16,0.000387
1987,Mann,17,0.000474
1987,Mann,18,0.000583
1987,Mann,19,0.000713
1987,Mann,20,0.000746
1987,Mann,21,0.000603
1987,Mann,22,0.000739
1987,Mann,23,0.000616
1987,Mann,24,0.000419
1987,Mann,25,0.000464
1987,Mann,26,0.000561
1987,Mann,27,0.000506
1987,Mann,28,0.000439
1987,Mann,29,0.000512
1987,Mann,30,0.000453
1987,Mann,31,0.00043
1987,Mann,32,0.000488
1987,Mann,33,0.00048
1987,Mann,34,0.000552
1987,Mann,35,0.000538
1987,Mann,36,0.000572
1987,Mann,37,0.000599
1987,Mann,38,0.000631
1987,Mann,39,0.000668
1987,Mann,40,0.000706
1987,Mann,41,0.000744
1987,Mann,42,0.000782
1987,Mann,43,0.000818
1987,Mann,44,0.000859
1987,Mann,45,0.000909
1987,Mann,46,0.000976
1987,Mann,47,0.001058
1987,Mann,48,0.001151
1987,Mann,49,0.001251
1987,Mann,50,0.001354
1987,Mann,51,0.001458
1987,Mann,52,0.001562
1987,Mann,53,0.001669
1987,Mann,54,0.001787
1987,Mann,55,0.00192
1987,Mann,56,0.002061
1987,Mann,57,0.002214
1987,Mann,58,0.002381
1987,Mann,59,0.002574
1987,Mann,60,0.002795
1987,Mann,61,0.003046
1987,Mann,62,0.003325
1987,Mann,63,0.003629
1987,Mann,64,0.003939
1987,Mann,65,0.00425
1987,Mann,66,0.004558
1987,Mann,67,0.004871
1987,Mann,68,0.005203
1987,Mann,69,0.005575
1987,Mann,70,0.006021
1987,Mann,71,0.006571
1987,Mann,72,0.007233
1987,Mann,73,0.008014
1987,Mann,74,0.008937
1987,Mann,75,0.010023
1987,Mann,76,0.011296
1987,Mann,77,0.0128
1987,Mann,78,0.014664
1987,Mann,79,0.016872
1987,Mann,80,0.019244
1987,Mann,81,0.022069
1987,Mann,82,0.02545
1987,Mann,83,0.029495
1987,Mann,84,0.034298
1987,Mann,85,0.039934
1987,Mann,86,0.046494
1987,Mann,87,0.05414
1987,Mann,88,0.063079
1987,Mann,89,0.073559
1987,Mann,90,0.085778
1987,Mann,91,0.099898
1987,Mann,92,0.115967
1987,Mann,93,0.134
1987,Mann,94,0.15402
1987,Mann,95,0.175949
1987,Mann,96,0.199772
1987,Mann,97,0.225916
1987,Mann,98,0.255029
1987,Mann,99,0.287907
1987,Mann,100,0.32483
1987,Mann,101,0.365715
1987,Mann,102,0.409709
1987,Mann,103,0.456924
1987,Mann,104,0.512054
1987,Mann,105,0.578745
1987,Mann,106,0.62713
1987,Mann,107,0.67664
1987,Mann,108,0.72644
1987,Mann,109,0.775445
1987,Mann,110,0.822335
1987,Mann,111,0.865638
1987,Mann,112,0.903882
1987,Mann,113,0.935808
1987,Mann,114,0.960658
1987,Mann,115,0.978362
1987,Mann,116,0.989636
1987,Mann,117,0.995861
1987,Mann,118,0.998717
1987,Mann,119,0.999739
1987,Mann,120,1.0
1988,Frau,0,0.005884
1988,Frau,1,0.000614
1988,Frau,2,0.000508
1988,Frau,3,5e-05
1988,Frau,4,2.5e-05
1988,Frau,5,0.000171
1988,Frau,6,9.7e-05
1988,Frau,7,0.00012
1988,Frau,8,0.000167
1988,Frau,9,0.000119
1988,Frau,10,4.8e-05
1988,Frau,11,0.000118
1988,Frau,12,0.000118
1988,Frau,13,0.000117
1988,Frau,14,0.00021
1988,Frau,15,0.000186
1988,Frau,16,0.000161
1988,Frau,17,0.000321
1988,Frau,18,0.000159
1988,Frau,19,0.000267
1988,Frau,20,0.000283
1988,Frau,21,0.000213
1988,Frau,22,8.3e-05
1988,Frau,23,0.000222
1988,Frau,24,0.000118
1988,Frau,25,0.000153
1988,Frau,26,0.000367
1988,Frau,27,0.000124
1988,Frau,28,0.000208
1988,Frau,29,0.000339
1988,Frau,30,0.000199
1988,Frau,31,0.000196
1988,Frau,32,0.000113
1988,Frau,33,0.000286
1988,Frau,34,0.000239
1988,Frau,35,0.000276
1988,Frau,36,0.000293
1988,Frau,37,0.000313
1988,Frau,38,0.000336
1988,Frau,39,0.000361
1988,Frau,40,0.000387
1988,Frau,41,0.000415
1988,Frau,42,0.000446
1988,Frau,43,0.000479
1988,Frau,44,0.000515
1988,Frau,45,0.000551
1988,Frau,46,0.000588
1988,Frau,47,0.000626
1988,Frau,48,0.000668
1988,Frau,49,0.000716
1988,Frau,50,0.000772
1988,Frau,51,0.000835
1988,Frau,52,0.000904
1988,Frau,53,0.000978
1988,Frau,54,0.001055
1988,Frau,55,0.001131
1988,Frau,56,0.001203
1988,Frau,57,0.001277
1988,Frau,58,0.00136
1988,Frau,59,0.00146
1988,Frau,60,0.001579
1988,Frau,61,0.001722
1988,Frau,62,0.001886
1988,Frau,63,0.002062
1988,Frau,64,0.002243
1988,Frau,65,0.002425
1988,Frau,66,0.002611
1988,Frau,67,0.002818
1988,Frau,68,0.003056
1988,Frau,69,0.003333
1988,Frau,70,0.003652
1988,Frau,71,0.004016
1988,Frau,72,0.004443
1988,Frau,73,0.004946
1988,Frau,74,0.005539
1988,Frau,75,0.006242
1988,Frau,76,0.007078
1988,Frau,77,0.008082
1988,Frau,78,0.009298
1988,Frau,79,0.010774
1988,Frau,80,0.012572
1988,Frau,81,0.014633
1988,Frau,82,0.01702
1988,Frau,83,0.019884
1988,Frau,84,0.023303
1988,Frau,85,0.027397
1988,Frau,86,0.032299
1988,Frau,87,0.038123
1988,Frau,88,0.044981
1988,Frau,89,0.052965
1988,Frau,90,0.062149
1988,Frau,91,0.072608
1988,Frau,92,0.084407
1988,Frau,93,0.097616
1988,Frau,94,0.112308
1988,Frau,95,0.128581
1988,Frau,96,0.146532
1988,Frau,97,0.166246
1988,Frau,98,0.187837
1988,Frau,99,0.211515
1988,Frau,100,0.237331
1988,Frau,101,0.265308
1988,Frau,102,0.295623
1988,Frau,103,0.328557
1988,Frau,104,0.364344
1988,Frau,105,0.402196
1988,Frau,106,0.441663
1988,Frau,107,0.485312
1988,Frau,108,0.531369
1988,Frau,109,0.579493
1988,Frau,110,0.629295
1988,Frau,111,0.680188
1988,Frau,112,0.731319
1988,Frau,113,0.781667
1988,Frau,114,0.829935
1988,Frau,115,0.874557
1988,Frau,116,0.913907
1988,Frau,117,0.946534
1988,Frau,118,0.971487
1988,Frau,119,0.98866
1988,Frau,120,1.0
1988,Mann,0,0.007802
1988,Mann,1,0.000855
1988,Mann,2,0.000387
1988,Mann,3,0.000286
1988,Mann,4,0.000235
1988,Mann,5,0.000324
1988,Mann,6,0.000137
1988,Mann,7,0.000159
1988,Mann,8,0.000181
1988,Mann,9,0.000136
1988,Mann,10,0.000202
1988,Mann,11,0.000112
1988,Mann,12,8.9e-05
1988,Mann,13,0.000156
1988,Mann,14,0.000265
1988,Mann,15,0.000198
1988,Mann,16,0.000415
1988,Mann,17,0.000412
1988,Mann,18,0.000603
1988,Mann,19,0.000724
1988,Mann,20,0.000502
1988,Mann,21,0.000637
1988,Mann,22,0.000583
1988,Mann,23,0.000532
1988,Mann,24,0.000478
1988,Mann,25,0.000519
1988,Mann,26,0.000413
1988,Mann,27,0.000453
1988,Mann,28,0.000474
1988,Mann,29,0.000547
1988,Mann,30,0.00026
1988,Mann,31,0.000352
1988,Mann,32,0.000739
1988,Mann,33,0.000481
1988,Mann,34,0.000507
1988,Mann,35,0.000542
1988,Mann,36,0.000561
1988,Mann,37,0.000588
1988,Mann,38,0.000619
1988,Mann,39,0.000655
1988,Mann,40,0.000692
1988,Mann,41,0.00073
1988,Mann,42,0.000766
1988,Mann,43,0.000802
1988,Mann,44,0.000841
1988,Mann,45,0.000889
1988,Mann,46,0.000955
1988,Mann,47,0.001035
1988,Mann,48,0.001126
1988,Mann,49,0.001224
1988,Mann,50,0.001324
1988,Mann,51,0.001425
1988,Mann,52,0.001526
1988,Mann,53,0.00163
1988,Mann,54,0.001745
1988,Mann,55,0.001874
1988,Mann,56,0.002012
1988,Mann,57,0.002159
1988,Mann,58,0.002322
1988,Mann,59,0.002509
1988,Mann,60,0.002725
1988,Mann,61,0.002969
1988,Mann,62,0.003242
1988,Mann,63,0.003537
1988,Mann,64,0.00384
1988,Mann,65,0.004143
1988,Mann,66,0.004443
1988,Mann,67,0.004749
1988,Mann,68,0.005074
1988,Mann,69,0.005439
1988,Mann,70,0.005877
1988,Mann,71,0.006418
1988,Mann,72,0.007069
1988,Mann,73,0.007839
1988,Mann,74,0.008749
1988,Mann,75,0.009821
1988,Mann,76,0.011079
1988,Mann,77,0.012565
1988,Mann,78,0.014412
1988,Mann,79,0.016598
1988,Mann,80,0.01894
1988,Mann,81,0.02173
1988,Mann,82,0.025068
1988,Mann,83,0.029063
1988,Mann,84,0.033809
1988,Mann,85,0.039381
1988,Mann,86,0.045871
1988,Mann,87,0.053441
1988,Mann,88,0.062298
1988,Mann,89,0.072687
1988,Mann,90,0.084809
1988,Mann,91,0.098828
1988,Mann,92,0.114796
1988,Mann,93,0.132734
1988,Mann,94,0.15267
1988,Mann,95,0.174533
1988,Mann,96,0.19831
1988,Mann,97,0.224426
1988,Mann,98,0.253525
1988,Mann,99,0.2864
1988,Mann,100,0.323334
1988,Mann,101,0.364252
1988,Mann,102,0.408313
1988,Mann,103,0.45563
1988,Mann,104,0.510854
1988,Mann,105,0.577613
1988,Mann,106,0.62625
1988,Mann,107,0.676018
1988,Mann,108,0.726072
1988,Mann,109,0.775312
1988,Mann,110,0.822404
1988,Mann,111,0.865861
1988,Mann,112,0.904186
1988,Mann,113,0.936143
1988,Mann,114,0.960974
1988,Mann,115,0.978614
1988,Mann,116,0.989804
1988,Mann,117,0.995952
1988,Mann,118,0.998754
1988,Mann,119,0.999749
1988,Mann,120,1.0
1989,Frau,0,0.006828
1989,Frau,1,0.000403
1989,Frau,2,0.000427
1989,Frau,3,0.000199
1989,Frau,4,0.000172
1989,Frau,5,7.2e-05
1989,Frau,6,0.000216
1989,Frau,7,7.2e-05
1989,Frau,8,2.4e-05
1989,Frau,9,4.8e-05
1989,Frau,10,0.00019
1989,Frau,11,4.7e-05
1989,Frau,12,0.000118
1989,Frau,13,7e-05
1989,Frau,14,0.000209
1989,Frau,15,0.000162
1989,Frau,16,0.000253
1989,Frau,17,0.000183
1989,Frau,18,0.000204
1989,Frau,19,0.000221
1989,Frau,20,0.00013
1989,Frau,21,0.000276
1989,Frau,22,0.000104
1989,Frau,23,0.000163
1989,Frau,24,0.000177
1989,Frau,25,0.000134
1989,Frau,26,0.000147
1989,Frau,27,0.000213
1989,Frau,28,0.000226
1989,Frau,29,0.000256
1989,Frau,30,0.000184
1989,Frau,31,0.000262
1989,Frau,32,0.000226
1989,Frau,33,0.000295
1989,Frau,34,0.000257
1989,Frau,35,0.000273
1989,Frau,36,0.00029
1989,Frau,37,0.000309
1989,Frau,38,0.000332
1989,Frau,39,0.000356
1989,Frau,40,0.000382
1989,Frau,41,0.000409
1989,Frau,42,0.00044
1989,Frau,43,0.000473
1989,Frau,44,0.000507
1989,Frau,45,0.000543
1989,Frau,46,0.000579
1989,Frau,47,0.000616
1989,Frau,48,0.000657
1989,Frau,49,0.000704
1989,Frau,50,0.000758
1989,Frau,51,0.00082
1989,Frau,52,0.000887
1989,Frau,53,0.000959
1989,Frau,54,0.001034
1989,Frau,55,0.001108
1989,Frau,56,0.001178
1989,Frau,57,0.00125
1989,Frau,58,0.001331
1989,Frau,59,0.001428
1989,Frau,60,0.001545
1989,Frau,61,0.001684
1989,Frau,62,0.001844
1989,Frau,63,0.002016
1989,Frau,64,0.002193
1989,Frau,65,0.002371
1989,Frau,66,0.002553
1989,Frau,67,0.002756
1989,Frau,68,0.00299
1989,Frau,69,0.003262
1989,Frau,70,0.003576
1989,Frau,71,0.003935
1989,Frau,72,0.004357
1989,Frau,73,0.004854
1989,Frau,74,0.00544
1989,Frau,75,0.006136
1989,Frau,76,0.006964
1989,Frau,77,0.007958
1989,Frau,78,0.009163
1989,Frau,79,0.010624
1989,Frau,80,0.012406
1989,Frau,81,0.014444
1989,Frau,82,0.016803
1989,Frau,83,0.019631
1989,Frau,84,0.023009
1989,Frau,85,0.027055
1989,Frau,86,0.031901
1989,Frau,87,0.037661
1989,Frau,88,0.044448
1989,Frau,89,0.052355
1989,Frau,90,0.06146
1989,Frau,91,0.071837
1989,Frau,92,0.083556
1989,Frau,93,0.096687
1989,Frau,94,0.111308
1989,Frau,95,0.127515
1989,Frau,96,0.145408
1989,Frau,97,0.165072
1989,Frau,98,0.186624
1989,Frau,99,0.210272
1989,Frau,100,0.236069
1989,Frau,101,0.264039
1989,Frau,102,0.294362
1989,Frau,103,0.327315
1989,Frau,104,0.363134
1989,Frau,105,0.401039
1989,Frau,106,0.440581
1989,Frau,107,0.484308
1989,Frau,108,0.530461
1989,Frau,109,0.578698
1989,Frau,110,0.628627
1989,Frau,111,0.679601
1989,Frau,112,0.730862
1989,Frau,113,0.781391
1989,Frau,114,0.82982
1989,Frau,115,0.874569
1989,Frau,116,0.914001
1989,Frau,117,0.946659
1989,Frau,118,0.971596
1989,Frau,119,0.988721
1989,Frau,120,1.0
1989,Mann,0,0.008161
1989,Mann,1,0.000766
1989,Mann,2,0.000358
1989,Mann,3,0.000307
1989,Mann,4,0.000232
1989,Mann,5,0.000161
1989,Mann,6,0.000136
1989,Mann,7,0.000181
1989,Mann,8,4.5e-05
1989,Mann,9,6.8e-05
1989,Mann,10,0.000246
1989,Mann,11,0.000112
1989,Mann,12,0.000156
1989,Mann,13,0.000111
1989,Mann,14,0.000198
1989,Mann,15,0.000219
1989,Mann,16,0.000217
1989,Mann,17,0.000389
1989,Mann,18,0.000386
1989,Mann,19,0.000486
1989,Mann,20,0.000415
1989,Mann,21,0.000348
1989,Mann,22,0.000483
1989,Mann,23,0.000393
1989,Mann,24,0.000497
1989,Mann,25,0.000519
1989,Mann,26,0.00045
1989,Mann,27,0.000489
1989,Mann,28,0.000341
1989,Mann,29,0.000584
1989,Mann,30,0.000409
1989,Mann,31,0.000449
1989,Mann,32,0.000489
1989,Mann,33,0.00055
1989,Mann,34,0.00052
1989,Mann,35,0.000532
1989,Mann,36,0.000551
1989,Mann,37,0.000577
1989,Mann,38,0.000608
1989,Mann,39,0.000643
1989,Mann,40,0.000679
1989,Mann,41,0.000715
1989,Mann,42,0.000751
1989,Mann,43,0.000785
1989,Mann,44,0.000823
1989,Mann,45,0.000871
1989,Mann,46,0.000934
1989,Mann,47,0.001012
1989,Mann,48,0.001101
1989,Mann,49,0.001197
1989,Mann,50,0.001295
1989,Mann,51,0.001393
1989,Mann,52,0.001491
1989,Mann,53,0.001593
1989,Mann,54,0.001704
1989,Mann,55,0.001829
1989,Mann,56,0.001963
1989,Mann,57,0.002107
1989,Mann,58,0.002265
1989,Mann,59,0.002447
1989,Mann,60,0.002657
1989,Mann,61,0.002895
1989,Mann,62,0.00316
1989,Mann,63,0.003448
1989,Mann,64,0.003743
1989,Mann,65,0.004038
1989,Mann,66,0.004331
1989,Mann,67,0.00463
1989,Mann,68,0.004948
1989,Mann,69,0.005306
1989,Mann,70,0.005737
1989,Mann,71,0.006269
1989,Mann,72,0.00691
1989,Mann,73,0.007668
1989,Mann,74,0.008566
1989,Mann,75,0.009624
1989,Mann,76,0.010867
1989,Mann,77,0.012336
1989,Mann,78,0.014165
1989,Mann,79,0.01633
1989,Mann,80,0.018643
1989,Mann,81,0.021398
1989,Mann,82,0.024694
1989,Mann,83,0.028639
1989,Mann,84,0.033328
1989,Mann,85,0.038837
1989,Mann,86,0.045258
1989,Mann,87,0.052753
1989,Mann,88,0.061527
1989,Mann,89,0.071826
1989,Mann,90,0.083851
1989,Mann,91,0.097769
1989,Mann,92,0.113636
1989,Mann,93,0.13148
1989,Mann,94,0.151332
1989,Mann,95,0.173127
1989,Mann,96,0.196857
1989,Mann,97,0.222944
1989,Mann,98,0.252028
1989,Mann,99,0.284898
1989,Mann,100,0.321841
1989,Mann,101,0.36279
1989,Mann,102,0.406917
1989,Mann,103,0.454332
1989,Mann,104,0.509648
1989,Mann,105,0.576473
1989,Mann,106,0.625361
1989,Mann,107,0.675385
1989,Mann,108,0.725692
1989,Mann,109,0.775166
1989,Mann,110,0.822459
1989,Mann,111,0.866047
1989,Mann,112,0.904462
1989,Mann,113,0.936466
1989,Mann,114,0.961281
1989,Mann,115,0.978858
1989,Mann,116,0.989967
1989,Mann,117,0.996039
1989,Mann,118,0.99879
1989,Mann,119,0.999758
1989,Mann,120,1.0
1990,Frau,0,0.006146
1990,Frau,1,0.000658
1990,Frau,2,0.00029
1990,Frau,3,0.000334
1990,Frau,4,0.000212
1990,Frau,5,9.4e-05
1990,Frau,6,9.4e-05
1990,Frau,7,7e-05
1990,Frau,8,0.000117
1990,Frau,9,0.000116
1990,Frau,10,2.3e-05
1990,Frau,11,9.3e-05
1990,Frau,12,0.000115
1990,Frau,13,6.9e-05
1990,Frau,14,0.00016
1990,Frau,15,0.000182
1990,Frau,16,0.000203
1990,Frau,17,0.000359
1990,Frau,18,0.000199
1990,Frau,19,0.000261
1990,Frau,20,0.000148
1990,Frau,21,0.00027
1990,Frau,22,0.000142
1990,Frau,23,0.000258
1990,Frau,24,0.000115
1990,Frau,25,0.000167
1990,Frau,26,9e-05
1990,Frau,27,0.000123
1990,Frau,28,0.000154
1990,Frau,29,0.000201
1990,Frau,30,0.000394
1990,Frau,31,0.000242
1990,Frau,32,0.000175
1990,Frau,33,0.000239
1990,Frau,34,0.000255
1990,Frau,35,0.00027
1990,Frau,36,0.000286
1990,Frau,37,0.000306
1990,Frau,38,0.000328
1990,Frau,39,0.000352
1990,Frau,40,0.000377
1990,Frau,41,0.000404
1990,Frau,42,0.000434
1990,Frau,43,0.000466
1990,Frau,44,0.0005
1990,Frau,45,0.000534
1990,Frau,46,0.00057
1990,Frau,47,0.000606
1990,Frau,48,0.000646
1990,Frau,49,0.000692
1990,Frau,50,0.000745
1990,Frau,51,0.000805
1990,Frau,52,0.000871
1990,Frau,53,0.000941
1990,Frau,54,0.001014
1990,Frau,55,0.001086
1990,Frau,56,0.001154
1990,Frau,57,0.001224
1990,Frau,58,0.001303
1990,Frau,59,0.001397
1990,Frau,60,0.001511
1990,Frau,61,0.001647
1990,Frau,62,0.001803
1990,Frau,63,0.001971
1990,Frau,64,0.002144
1990,Frau,65,0.002318
1990,Frau,66,0.002496
1990,Frau,67,0.002695
1990,Frau,68,0.002925
1990,Frau,69,0.003193
1990,Frau,70,0.003502
1990,Frau,71,0.003857
1990,Frau,72,0.004273
1990,Frau,73,0.004764
1990,Frau,74,0.005344
1990,Frau,75,0.006033
1990,Frau,76,0.006853
1990,Frau,77,0.007838
1990,Frau,78,0.009031
1990,Frau,79,0.010479
1990,Frau,80,0.012243
1990,Frau,81,0.01426
1990,Frau,82,0.016589
1990,Frau,83,0.019384
1990,Frau,84,0.022721
1990,Frau,85,0.026719
1990,Frau,86,0.03151
1990,Frau,87,0.037207
1990,Frau,88,0.043922
1990,Frau,89,0.051754
1990,Frau,90,0.060779
1990,Frau,91,0.071075
1990,Frau,92,0.082715
1990,Frau,93,0.09577
1990,Frau,94,0.110319
1990,Frau,95,0.12646
1990,Frau,96,0.144295
1990,Frau,97,0.16391
1990,Frau,98,0.185422
1990,Frau,99,0.20904
1990,Frau,100,0.234817
1990,Frau,101,0.262782
1990,Frau,102,0.293112
1990,Frau,103,0.326083
1990,Frau,104,0.361933
1990,Frau,105,0.399888
1990,Frau,106,0.439504
1990,Frau,107,0.483309
1990,Frau,108,0.529556
1990,Frau,109,0.577904
1990,Frau,110,0.627881
1990,Frau,111,0.678956
1990,Frau,112,0.730403
1990,Frau,113,0.781112
1990,Frau,114,0.829701
1990,Frau,115,0.874578
1990,Frau,116,0.914091
1990,Frau,117,0.946781
1990,Frau,118,0.971703
1990,Frau,119,0.988781
1990,Frau,120,1.0
1990,Mann,0,0.007374
1990,Mann,1,0.000489
1990,Mann,2,0.000368
1990,Mann,3,0.000271
1990,Mann,4,0.000268
1990,Mann,5,0.000288
1990,Mann,6,0.000199
1990,Mann,7,4.4e-05
1990,Mann,8,0.000176
1990,Mann,9,0.000109
1990,Mann,10,0.000175
1990,Mann,11,0.000153
1990,Mann,12,0.000153
1990,Mann,13,0.000152
1990,Mann,14,0.000172
1990,Mann,15,0.000214
1990,Mann,16,0.000319
1990,Mann,17,0.000423
1990,Mann,18,0.000752
1990,Mann,19,0.000599
1990,Mann,20,0.000367
1990,Mann,21,0.000423
1990,Mann,22,0.000414
1990,Mann,23,0.000289
1990,Mann,24,0.000392
1990,Mann,25,0.000525
1990,Mann,26,0.000439
1990,Mann,27,0.000426
1990,Mann,28,0.000368
1990,Mann,29,0.000375
1990,Mann,30,0.000336
1990,Mann,31,0.000517
1990,Mann,32,0.000403
1990,Mann,33,0.000505
1990,Mann,34,0.000511
1990,Mann,35,0.000523
1990,Mann,36,0.000542
1990,Mann,37,0.000567
1990,Mann,38,0.000597
1990,Mann,39,0.000631
1990,Mann,40,0.000666
1990,Mann,41,0.000702
1990,Mann,42,0.000737
1990,Mann,43,0.00077
1990,Mann,44,0.000806
1990,Mann,45,0.000853
1990,Mann,46,0.000915
1990,Mann,47,0.000991
1990,Mann,48,0.001078
1990,Mann,49,0.001171
1990,Mann,50,0.001267
1990,Mann,51,0.001362
1990,Mann,52,0.001458
1990,Mann,53,0.001556
1990,Mann,54,0.001664
1990,Mann,55,0.001786
1990,Mann,56,0.001916
1990,Mann,57,0.002056
1990,Mann,58,0.002209
1990,Mann,59,0.002386
1990,Mann,60,0.00259
1990,Mann,61,0.002822
1990,Mann,62,0.003081
1990,Mann,63,0.003361
1990,Mann,64,0.003649
1990,Mann,65,0.003936
1990,Mann,66,0.004222
1990,Mann,67,0.004514
1990,Mann,68,0.004825
1990,Mann,69,0.005177
1990,Mann,70,0.0056
1990,Mann,71,0.006123
1990,Mann,72,0.006754
1990,Mann,73,0.007502
1990,Mann,74,0.008388
1990,Mann,75,0.009432
1990,Mann,76,0.01066
1990,Mann,77,0.012113
1990,Mann,78,0.013924
1990,Mann,79,0.016069
1990,Mann,80,0.018352
1990,Mann,81,0.021072
1990,Mann,82,0.024327
1990,Mann,83,0.028223
1990,Mann,84,0.032856
1990,Mann,85,0.038302
1990,Mann,86,0.044654
1990,Mann,87,0.052075
1990,Mann,88,0.060767
1990,Mann,89,0.070976
1990,Mann,90,0.082904
1990,Mann,91,0.09672
1990,Mann,92,0.112487
1990,Mann,93,0.130236
1990,Mann,94,0.150004
1990,Mann,95,0.171732
1990,Mann,96,0.195414
1990,Mann,97,0.221471
1990,Mann,98,0.250538
1990,Mann,99,0.283401
1990,Mann,100,0.320352
1990,Mann,101,0.36133
1990,Mann,102,0.40552
1990,Mann,103,0.453031
1990,Mann,104,0.508437
1990,Mann,105,0.575326
1990,Mann,106,0.624462
1990,Mann,107,0.674742
1990,Mann,108,0.725299
1990,Mann,109,0.775006
1990,Mann,110,0.822467
1990,Mann,111,0.866196
1990,Mann,112,0.904727
1990,Mann,113,0.936779
1990,Mann,114,0.961578
1990,Mann,115,0.979095
1990,Mann,116,0.990124
1990,Mann,117,0.996124
1990,Mann,118,0.998824
1990,Mann,119,0.999767
1990,Mann,120,1.0
1991,Frau,0,0.005028
1991,Frau,1,0.000696
1991,Frau,2,0.000379
1991,Frau,3,9.4e-05
1991,Frau,4,9.3e-05
1991,Frau,5,0.00021
1991,Frau,6,9.4e-05
1991,Frau,7,0.00014
1991,Frau,8,0.0
1991,Frau,9,2.3e-05
1991,Frau,10,4.6e-05
1991,Frau,11,0.0
1991,Frau,12,9.1e-05
1991,Frau,13,0.000183
1991,Frau,14,4.5e-05
1991,Frau,15,0.000248
1991,Frau,16,0.000157
1991,Frau,17,0.0002
1991,Frau,18,0.000307
1991,Frau,19,0.00028
1991,Frau,20,0.000274
1991,Frau,21,0.000124
1991,Frau,22,0.000181
1991,Frau,23,0.000196
1991,Frau,24,0.000191
1991,Frau,25,0.000224
1991,Frau,26,0.000199
1991,Frau,27,0.000159
1991,Frau,28,0.000189
1991,Frau,29,0.000219
1991,Frau,30,0.000165
1991,Frau,31,0.000267
1991,Frau,32,0.000222
1991,Frau,33,0.000236
1991,Frau,34,0.000252
1991,Frau,35,0.000267
1991,Frau,36,0.000283
1991,Frau,37,0.000302
1991,Frau,38,0.000324
1991,Frau,39,0.000348
1991,Frau,40,0.000373
1991,Frau,41,0.000399
1991,Frau,42,0.000428
1991,Frau,43,0.00046
1991,Frau,44,0.000493
1991,Frau,45,0.000527
1991,Frau,46,0.000561
1991,Frau,47,0.000596
1991,Frau,48,0.000635
1991,Frau,49,0.00068
1991,Frau,50,0.000732
1991,Frau,51,0.00079
1991,Frau,52,0.000854
1991,Frau,53,0.000923
1991,Frau,54,0.000995
1991,Frau,55,0.001064
1991,Frau,56,0.00113
1991,Frau,57,0.001198
1991,Frau,58,0.001275
1991,Frau,59,0.001367
1991,Frau,60,0.001478
1991,Frau,61,0.001611
1991,Frau,62,0.001763
1991,Frau,63,0.001927
1991,Frau,64,0.002096
1991,Frau,65,0.002266
1991,Frau,66,0.002441
1991,Frau,67,0.002636
1991,Frau,68,0.002861
1991,Frau,69,0.003125
1991,Frau,70,0.003429
1991,Frau,71,0.003779
1991,Frau,72,0.00419
1991,Frau,73,0.004676
1991,Frau,74,0.00525
1991,Frau,75,0.005932
1991,Frau,76,0.006744
1991,Frau,77,0.00772
1991,Frau,78,0.008902
1991,Frau,79,0.010337
1991,Frau,80,0.012085
1991,Frau,81,0.014079
1991,Frau,82,0.01638
1991,Frau,83,0.019141
1991,Frau,84,0.022438
1991,Frau,85,0.02639
1991,Frau,86,0.031125
1991,Frau,87,0.036759
1991,Frau,88,0.043405
1991,Frau,89,0.05116
1991,Frau,90,0.060107
1991,Frau,91,0.070323
1991,Frau,92,0.081883
1991,Frau,93,0.094862
1991,Frau,94,0.10934
1991,Frau,95,0.125416
1991,Frau,96,0.143193
1991,Frau,97,0.162759
1991,Frau,98,0.184232
1991,Frau,99,0.207819
1991,Frau,100,0.233577
1991,Frau,101,0.261535
1991,Frau,102,0.291871
1991,Frau,103,0.324861
1991,Frau,104,0.36074
1991,Frau,105,0.398746
1991,Frau,106,0.438435
1991,Frau,107,0.482315
1991,Frau,108,0.528655
1991,Frau,109,0.577015
1991,Frau,110,0.627057
1991,Frau,111,0.678311
1991,Frau,112,0.729942
1991,Frau,113,0.780831
1991,Frau,114,0.829579
1991,Frau,115,0.874582
1991,Frau,116,0.914176
1991,Frau,117,0.946898
1991,Frau,118,0.971806
1991,Frau,119,0.988838
1991,Frau,120,1.0
1991,Mann,0,0.007241
1991,Mann,1,0.000385
1991,Mann,2,0.000334
1991,Mann,3,0.000265
1991,Mann,4,0.000329
1991,Mann,5,0.000241
1991,Mann,6,0.00011
1991,Mann,7,0.000153
1991,Mann,8,6.5e-05
1991,Mann,9,0.000174
1991,Mann,10,0.000131
1991,Mann,11,8.7e-05
1991,Mann,12,0.000108
1991,Mann,13,8.6e-05
1991,Mann,14,0.000257
1991,Mann,15,0.000255
1991,Mann,16,0.000295
1991,Mann,17,0.000335
1991,Mann,18,0.000497
1991,Mann,19,0.000533
1991,Mann,20,0.000647
1991,Mann,21,0.000477
1991,Mann,22,0.000352
1991,Mann,23,0.000418
1991,Mann,24,0.000572
1991,Mann,25,0.000376
1991,Mann,26,0.000419
1991,Mann,27,0.000427
1991,Mann,28,0.0004
1991,Mann,29,0.000409
1991,Mann,30,0.000608
1991,Mann,31,0.000698
1991,Mann,32,0.000493
1991,Mann,33,0.000497
1991,Mann,34,0.000503
1991,Mann,35,0.000515
1991,Mann,36,0.000533
1991,Mann,37,0.000557
1991,Mann,38,0.000587
1991,Mann,39,0.00062
1991,Mann,40,0.000654
1991,Mann,41,0.000689
1991,Mann,42,0.000723
1991,Mann,43,0.000755
1991,Mann,44,0.00079
1991,Mann,45,0.000835
1991,Mann,46,0.000896
1991,Mann,47,0.00097
1991,Mann,48,0.001055
1991,Mann,49,0.001146
1991,Mann,50,0.001239
1991,Mann,51,0.001332
1991,Mann,52,0.001425
1991,Mann,53,0.001521
1991,Mann,54,0.001626
1991,Mann,55,0.001744
1991,Mann,56,0.00187
1991,Mann,57,0.002006
1991,Mann,58,0.002155
1991,Mann,59,0.002327
1991,Mann,60,0.002526
1991,Mann,61,0.002752
1991,Mann,62,0.003003
1991,Mann,63,0.003277
1991,Mann,64,0.003557
1991,Mann,65,0.003837
1991,Mann,66,0.004116
1991,Mann,67,0.004401
1991,Mann,68,0.004706
1991,Mann,69,0.00505
1991,Mann,70,0.005466
1991,Mann,71,0.005981
1991,Mann,72,0.006602
1991,Mann,73,0.00734
1991,Mann,74,0.008214
1991,Mann,75,0.009245
1991,Mann,76,0.010458
1991,Mann,77,0.011895
1991,Mann,78,0.013689
1991,Mann,79,0.015814
1991,Mann,80,0.018068
1991,Mann,81,0.020754
1991,Mann,82,0.023967
1991,Mann,83,0.027815
1991,Mann,84,0.032392
1991,Mann,85,0.037775
1991,Mann,86,0.04406
1991,Mann,87,0.051406
1991,Mann,88,0.060017
1991,Mann,89,0.070137
1991,Mann,90,0.081967
1991,Mann,91,0.095683
1991,Mann,92,0.111349
1991,Mann,93,0.129004
1991,Mann,94,0.148687
1991,Mann,95,0.170346
1991,Mann,96,0.19398
1991,Mann,97,0.220006
1991,Mann,98,0.249056
1991,Mann,99,0.28191
1991,Mann,100,0.318867
1991,Mann,101,0.359871
1991,Mann,102,0.404122
1991,Mann,103,0.451728
1991,Mann,104,0.507221
1991,Mann,105,0.574171
1991,Mann,106,0.623555
1991,Mann,107,0.674087
1991,Mann,108,0.724894
1991,Mann,109,0.77479
1991,Mann,110,0.822428
1991,Mann,111,0.866332
1991,Mann,112,0.904979
1991,Mann,113,0.93708
1991,Mann,114,0.961867
1991,Mann,115,0.979325
1991,Mann,116,0.990277
1991,Mann,117,0.996205
1991,Mann,118,0.998857
1991,Mann,119,0.999775
1991,Mann,120,1.0
1992,Frau,0,0.005388
1992,Frau,1,0.000636
1992,Frau,2,0.000257
1992,Frau,3,0.000185
1992,Frau,4,9.3e-05
1992,Frau,5,0.000163
1992,Frau,6,7e-05
1992,Frau,7,2.3e-05
1992,Frau,8,9.3e-05
1992,Frau,9,6.9e-05
1992,Frau,10,4.6e-05
1992,Frau,11,4.6e-05
1992,Frau,12,4.6e-05
1992,Frau,13,0.000136
1992,Frau,14,0.000181
1992,Frau,15,0.000112
1992,Frau,16,0.000178
1992,Frau,17,6.6e-05
1992,Frau,18,0.000219
1992,Frau,19,0.00015
1992,Frau,20,0.000127
1992,Frau,21,0.000144
1992,Frau,22,0.000162
1992,Frau,23,0.000157
1992,Frau,24,0.000267
1992,Frau,25,0.000168
1992,Frau,26,0.000236
1992,Frau,27,0.000176
1992,Frau,28,0.000137
1992,Frau,29,0.000219
1992,Frau,30,0.000229
1992,Frau,31,0.000207
1992,Frau,32,0.00022
1992,Frau,33,0.000234
1992,Frau,34,0.00025
1992,Frau,35,0.000265
1992,Frau,36,0.00028
1992,Frau,37,0.000299
1992,Frau,38,0.00032
1992,Frau,39,0.000344
1992,Frau,40,0.000368
1992,Frau,41,0.000394
1992,Frau,42,0.000422
1992,Frau,43,0.000453
1992,Frau,44,0.000486
1992,Frau,45,0.000519
1992,Frau,46,0.000552
1992,Frau,47,0.000587
1992,Frau,48,0.000625
1992,Frau,49,0.000669
1992,Frau,50,0.000719
1992,Frau,51,0.000776
1992,Frau,52,0.000839
1992,Frau,53,0.000906
1992,Frau,54,0.000975
1992,Frau,55,0.001043
1992,Frau,56,0.001107
1992,Frau,57,0.001173
1992,Frau,58,0.001248
1992,Frau,59,0.001337
1992,Frau,60,0.001445
1992,Frau,61,0.001575
1992,Frau,62,0.001724
1992,Frau,63,0.001884
1992,Frau,64,0.002049
1992,Frau,65,0.002215
1992,Frau,66,0.002386
1992,Frau,67,0.002577
1992,Frau,68,0.002799
1992,Frau,69,0.003059
1992,Frau,70,0.003359
1992,Frau,71,0.003704
1992,Frau,72,0.00411
1992,Frau,73,0.00459
1992,Frau,74,0.005158
1992,Frau,75,0.005833
1992,Frau,76,0.006638
1992,Frau,77,0.007605
1992,Frau,78,0.008777
1992,Frau,79,0.010198
1992,Frau,80,0.011929
1992,Frau,81,0.013903
1992,Frau,82,0.016176
1992,Frau,83,0.018903
1992,Frau,84,0.022161
1992,Frau,85,0.026065
1992,Frau,86,0.030746
1992,Frau,87,0.036318
1992,Frau,88,0.042894
1992,Frau,89,0.050575
1992,Frau,90,0.059443
1992,Frau,91,0.06958
1992,Frau,92,0.081062
1992,Frau,93,0.093965
1992,Frau,94,0.108372
1992,Frau,95,0.124383
1992,Frau,96,0.142103
1992,Frau,97,0.16162
1992,Frau,98,0.183053
1992,Frau,99,0.206609
1992,Frau,100,0.232348
1992,Frau,101,0.260299
1992,Frau,102,0.290641
1992,Frau,103,0.323648
1992,Frau,104,0.359556
1992,Frau,105,0.397611
1992,Frau,106,0.437372
1992,Frau,107,0.481327
1992,Frau,108,0.527645
1992,Frau,109,0.576031
1992,Frau,110,0.626234
1992,Frau,111,0.677666
1992,Frau,112,0.72948
1992,Frau,113,0.780546
1992,Frau,114,0.829453
1992,Frau,115,0.874582
1992,Frau,116,0.914258
1992,Frau,117,0.947012
1992,Frau,118,0.971907
1992,Frau,119,0.988895
1992,Frau,120,1.0
1992,Mann,0,0.007095
1992,Mann,1,0.000584
1992,Mann,2,0.000356
1992,Mann,3,0.000265
1992,Mann,4,0.000221
1992,Mann,5,0.000111
1992,Mann,6,0.000199
1992,Mann,7,0.000132
1992,Mann,8,0.000242
1992,Mann,9,4.4e-05
1992,Mann,10,6.6e-05
1992,Mann,11,6.6e-05
1992,Mann,12,0.000109
1992,Mann,13,0.000195
1992,Mann,14,0.000194
1992,Mann,15,0.000299
1992,Mann,16,0.000255
1992,Mann,17,0.000526
1992,Mann,18,0.000314
1992,Mann,19,0.000515
1992,Mann,20,0.000488
1992,Mann,21,0.000461
1992,Mann,22,0.000529
1992,Mann,23,0.000363
1992,Mann,24,0.000592
1992,Mann,25,0.000632
1992,Mann,26,0.000405
1992,Mann,27,0.000447
1992,Mann,28,0.000504
1992,Mann,29,0.000442
1992,Mann,30,0.00046
1992,Mann,31,0.000482
1992,Mann,32,0.000486
1992,Mann,33,0.00049
1992,Mann,34,0.000496
1992,Mann,35,0.000507
1992,Mann,36,0.000524
1992,Mann,37,0.000548
1992,Mann,38,0.000577
1992,Mann,39,0.000609
1992,Mann,40,0.000643
1992,Mann,41,0.000677
1992,Mann,42,0.000709
1992,Mann,43,0.000741
1992,Mann,44,0.000775
1992,Mann,45,0.000818
1992,Mann,46,0.000878
1992,Mann,47,0.00095
1992,Mann,48,0.001033
1992,Mann,49,0.001122
1992,Mann,50,0.001213
1992,Mann,51,0.001303
1992,Mann,52,0.001394
1992,Mann,53,0.001487
1992,Mann,54,0.001588
1992,Mann,55,0.001703
1992,Mann,56,0.001826
1992,Mann,57,0.001958
1992,Mann,58,0.002103
1992,Mann,59,0.00227
1992,Mann,60,0.002463
1992,Mann,61,0.002683
1992,Mann,62,0.002928
1992,Mann,63,0.003194
1992,Mann,64,0.003467
1992,Mann,65,0.00374
1992,Mann,66,0.004012
1992,Mann,67,0.004291
1992,Mann,68,0.004589
1992,Mann,69,0.004927
1992,Mann,70,0.005336
1992,Mann,71,0.005842
1992,Mann,72,0.006455
1992,Mann,73,0.007181
1992,Mann,74,0.008044
1992,Mann,75,0.009062
1992,Mann,76,0.010261
1992,Mann,77,0.011682
1992,Mann,78,0.013459
1992,Mann,79,0.015564
1992,Mann,80,0.01779
1992,Mann,81,0.020442
1992,Mann,82,0.023615
1992,Mann,83,0.027415
1992,Mann,84,0.031936
1992,Mann,85,0.037258
1992,Mann,86,0.043475
1992,Mann,87,0.050747
1992,Mann,88,0.059277
1992,Mann,89,0.069307
1992,Mann,90,0.081042
1992,Mann,91,0.094657
1992,Mann,92,0.110223
1992,Mann,93,0.127782
1992,Mann,94,0.147381
1992,Mann,95,0.168971
1992,Mann,96,0.192556
1992,Mann,97,0.21855
1992,Mann,98,0.24758
1992,Mann,99,0.280425
1992,Mann,100,0.317385
1992,Mann,101,0.358415
1992,Mann,102,0.402724
1992,Mann,103,0.450422
1992,Mann,104,0.506
1992,Mann,105,0.57301
1992,Mann,106,0.622639
1992,Mann,107,0.673423
1992,Mann,108,0.724428
1992,Mann,109,0.774519
1992,Mann,110,0.822376
1992,Mann,111,0.866457
1992,Mann,112,0.90522
1992,Mann,113,0.937371
1992,Mann,114,0.962146
1992,Mann,115,0.979548
1992,Mann,116,0.990424
1992,Mann,117,0.996284
1992,Mann,118,0.998889
1992,Mann,119,0.999783
1992,Mann,120,1.0
1993,Frau,0,0.004996
1993,Frau,1,0.000439
1993,Frau,2,0.000291
1993,Frau,3,0.000339
1993,Frau,4,9.7e-05
1993,Frau,5,7.3e-05
1993,Frau,6,0.000122
1993,Frau,7,9.7e-05
1993,Frau,8,0.000121
1993,Frau,9,7.2e-05
1993,Frau,10,9.6e-05
1993,Frau,11,0.000119
1993,Frau,12,0.000119
1993,Frau,13,4.7e-05
1993,Frau,14,9.4e-05
1993,Frau,15,0.000117
1993,Frau,16,0.000116
1993,Frau,17,0.000138
1993,Frau,18,0.000136
1993,Frau,19,4.4e-05
1993,Frau,20,0.000174
1993,Frau,21,0.000128
1993,Frau,22,0.000187
1993,Frau,23,0.000142
1993,Frau,24,0.000218
1993,Frau,25,7.8e-05
1993,Frau,26,7.5e-05
1993,Frau,27,0.000182
1993,Frau,28,0.000267
1993,Frau,29,0.000195
1993,Frau,30,0.000193
1993,Frau,31,0.000205
1993,Frau,32,0.000218
1993,Frau,33,0.000232
1993,Frau,34,0.000247
1993,Frau,35,0.000262
1993,Frau,36,0.000278
1993,Frau,37,0.000296
1993,Frau,38,0.000317
1993,Frau,39,0.00034
1993,Frau,40,0.000364
1993,Frau,41,0.000389
1993,Frau,42,0.000417
1993,Frau,43,0.000447
1993,Frau,44,0.000479
1993,Frau,45,0.000511
1993,Frau,46,0.000544
1993,Frau,47,0.000577
1993,Frau,48,0.000615
1993,Frau,49,0.000657
1993,Frau,50,0.000707
1993,Frau,51,0.000762
1993,Frau,52,0.000823
1993,Frau,53,0.000889
1993,Frau,54,0.000956
1993,Frau,55,0.001022
1993,Frau,56,0.001085
1993,Frau,57,0.001149
1993,Frau,58,0.001222
1993,Frau,59,0.001308
1993,Frau,60,0.001414
1993,Frau,61,0.00154
1993,Frau,62,0.001685
1993,Frau,63,0.001842
1993,Frau,64,0.002003
1993,Frau,65,0.002165
1993,Frau,66,0.002333
1993,Frau,67,0.002521
1993,Frau,68,0.002738
1993,Frau,69,0.002994
1993,Frau,70,0.003289
1993,Frau,71,0.00363
1993,Frau,72,0.004031
1993,Frau,73,0.004506
1993,Frau,74,0.005068
1993,Frau,75,0.005737
1993,Frau,76,0.006534
1993,Frau,77,0.007493
1993,Frau,78,0.008654
1993,Frau,79,0.010062
1993,Frau,80,0.011778
1993,Frau,81,0.01373
1993,Frau,82,0.015976
1993,Frau,83,0.018669
1993,Frau,84,0.021888
1993,Frau,85,0.025747
1993,Frau,86,0.030373
1993,Frau,87,0.035883
1993,Frau,88,0.042391
1993,Frau,89,0.049998
1993,Frau,90,0.058788
1993,Frau,91,0.068846
1993,Frau,92,0.08025
1993,Frau,93,0.093078
1993,Frau,94,0.107414
1993,Frau,95,0.123361
1993,Frau,96,0.141023
1993,Frau,97,0.160492
1993,Frau,98,0.181885
1993,Frau,99,0.205411
1993,Frau,100,0.23113
1993,Frau,101,0.259074
1993,Frau,102,0.289421
1993,Frau,103,0.322444
1993,Frau,104,0.358381
1993,Frau,105,0.396484
1993,Frau,106,0.436315
1993,Frau,107,0.480218
1993,Frau,108,0.526524
1993,Frau,109,0.575049
1993,Frau,110,0.625413
1993,Frau,111,0.67702
1993,Frau,112,0.729017
1993,Frau,113,0.780259
1993,Frau,114,0.829324
1993,Frau,115,0.874578
1993,Frau,116,0.914336
1993,Frau,117,0.947123
1993,Frau,118,0.972005
1993,Frau,119,0.988949
1993,Frau,120,1.0
1993,Mann,0,0.00578
1993,Mann,1,0.000761
1993,Mann,2,0.000389
1993,Mann,3,0.000183
1993,Mann,4,0.000274
1993,Mann,5,0.00023
1993,Mann,6,6.9e-05
1993,Mann,7,6.9e-05
1993,Mann,8,0.000138
1993,Mann,9,0.000229
1993,Mann,10,6.8e-05
1993,Mann,11,0.000158
1993,Mann,12,0.00018
1993,Mann,13,0.000112
1993,Mann,14,8.9e-05
1993,Mann,15,0.000198
1993,Mann,16,0.000306
1993,Mann,17,0.000568
1993,Mann,18,0.000474
1993,Mann,19,0.000381
1993,Mann,20,0.00027
1993,Mann,21,0.000491
1993,Mann,22,0.00046
1993,Mann,23,0.000407
1993,Mann,24,0.000228
1993,Mann,25,0.000444
1993,Mann,26,0.000326
1993,Mann,27,0.000512
1993,Mann,28,0.000584
1993,Mann,29,0.000395
1993,Mann,30,0.000468
1993,Mann,31,0.000476
1993,Mann,32,0.00048
1993,Mann,33,0.000483
1993,Mann,34,0.000488
1993,Mann,35,0.000499
1993,Mann,36,0.000516
1993,Mann,37,0.000539
1993,Mann,38,0.000567
1993,Mann,39,0.000599
1993,Mann,40,0.000632
1993,Mann,41,0.000665
1993,Mann,42,0.000696
1993,Mann,43,0.000727
1993,Mann,44,0.00076
1993,Mann,45,0.000802
1993,Mann,46,0.00086
1993,Mann,47,0.000931
1993,Mann,48,0.001012
1993,Mann,49,0.001099
1993,Mann,50,0.001187
1993,Mann,51,0.001275
1993,Mann,52,0.001363
1993,Mann,53,0.001453
1993,Mann,54,0.001552
1993,Mann,55,0.001664
1993,Mann,56,0.001783
1993,Mann,57,0.001911
1993,Mann,58,0.002051
1993,Mann,59,0.002214
1993,Mann,60,0.002402
1993,Mann,61,0.002616
1993,Mann,62,0.002854
1993,Mann,63,0.003113
1993,Mann,64,0.003379
1993,Mann,65,0.003645
1993,Mann,66,0.00391
1993,Mann,67,0.004183
1993,Mann,68,0.004475
1993,Mann,69,0.004807
1993,Mann,70,0.005209
1993,Mann,71,0.005707
1993,Mann,72,0.00631
1993,Mann,73,0.007027
1993,Mann,74,0.007878
1993,Mann,75,0.008884
1993,Mann,76,0.010069
1993,Mann,77,0.011474
1993,Mann,78,0.013234
1993,Mann,79,0.01532
1993,Mann,80,0.017518
1993,Mann,81,0.020136
1993,Mann,82,0.02327
1993,Mann,83,0.027022
1993,Mann,84,0.031489
1993,Mann,85,0.036749
1993,Mann,86,0.042899
1993,Mann,87,0.050098
1993,Mann,88,0.058547
1993,Mann,89,0.068489
1993,Mann,90,0.080128
1993,Mann,91,0.093643
1993,Mann,92,0.109108
1993,Mann,93,0.126572
1993,Mann,94,0.146086
1993,Mann,95,0.167606
1993,Mann,96,0.191141
1993,Mann,97,0.217102
1993,Mann,98,0.246112
1993,Mann,99,0.278946
1993,Mann,100,0.315908
1993,Mann,101,0.356961
1993,Mann,102,0.401327
1993,Mann,103,0.449113
1993,Mann,104,0.504774
1993,Mann,105,0.571842
1993,Mann,106,0.621714
1993,Mann,107,0.672697
1993,Mann,108,0.723901
1993,Mann,109,0.774236
1993,Mann,110,0.822312
1993,Mann,111,0.866569
1993,Mann,112,0.90545
1993,Mann,113,0.937652
1993,Mann,114,0.962416
1993,Mann,115,0.979764
1993,Mann,116,0.990567
1993,Mann,117,0.996359
1993,Mann,118,0.998919
1993,Mann,119,0.999791
1993,Mann,120,1.0
1994,Frau,0,0.004668
1994,Frau,1,0.000295
1994,Frau,2,0.000245
1994,Frau,3,9.8e-05
1994,Frau,4,0.000221
1994,Frau,5,4.9e-05
1994,Frau,6,0.000148
1994,Frau,7,9.8e-05
1994,Frau,8,7.3e-05
1994,Frau,9,9.7e-05
1994,Frau,10,4.8e-05
1994,Frau,11,7.2e-05
1994,Frau,12,0.00012
1994,Frau,13,4.8e-05
1994,Frau,14,0.000189
1994,Frau,15,4.7e-05
1994,Frau,16,0.000188
1994,Frau,17,0.000256
1994,Frau,18,6.9e-05
1994,Frau,19,0.00018
1994,Frau,20,8.8e-05
1994,Frau,21,0.000172
1994,Frau,22,0.00019
1994,Frau,23,0.000145
1994,Frau,24,0.000263
1994,Frau,25,0.000257
1994,Frau,26,0.000133
1994,Frau,27,0.000167
1994,Frau,28,0.000193
1994,Frau,29,0.00018
1994,Frau,30,0.000192
1994,Frau,31,0.000204
1994,Frau,32,0.000216
1994,Frau,33,0.00023
1994,Frau,34,0.000245
1994,Frau,35,0.000259
1994,Frau,36,0.000275
1994,Frau,37,0.000293
1994,Frau,38,0.000313
1994,Frau,39,0.000336
1994,Frau,40,0.000359
1994,Frau,41,0.000384
1994,Frau,42,0.000412
1994,Frau,43,0.000441
1994,Frau,44,0.000472
1994,Frau,45,0.000504
1994,Frau,46,0.000536
1994,Frau,47,0.000569
1994,Frau,48,0.000605
1994,Frau,49,0.000646
1994,Frau,50,0.000695
1994,Frau,51,0.000749
1994,Frau,52,0.000808
1994,Frau,53,0.000872
1994,Frau,54,0.000938
1994,Frau,55,0.001002
1994,Frau,56,0.001063
1994,Frau,57,0.001125
1994,Frau,58,0.001195
1994,Frau,59,0.00128
1994,Frau,60,0.001383
1994,Frau,61,0.001506
1994,Frau,62,0.001648
1994,Frau,63,0.0018
1994,Frau,64,0.001957
1994,Frau,65,0.002117
1994,Frau,66,0.002281
1994,Frau,67,0.002465
1994,Frau,68,0.002679
1994,Frau,69,0.00293
1994,Frau,70,0.003221
1994,Frau,71,0.003558
1994,Frau,72,0.003954
1994,Frau,73,0.004424
1994,Frau,74,0.00498
1994,Frau,75,0.005643
1994,Frau,76,0.006433
1994,Frau,77,0.007383
1994,Frau,78,0.008534
1994,Frau,79,0.009929
1994,Frau,80,0.01163
1994,Frau,81,0.013561
1994,Frau,82,0.01578
1994,Frau,83,0.018441
1994,Frau,84,0.021621
1994,Frau,85,0.025433
1994,Frau,86,0.030007
1994,Frau,87,0.035455
1994,Frau,88,0.041895
1994,Frau,89,0.049428
1994,Frau,90,0.058141
1994,Frau,91,0.068121
1994,Frau,92,0.079447
1994,Frau,93,0.0922
1994,Frau,94,0.106467
1994,Frau,95,0.12235
1994,Frau,96,0.139955
1994,Frau,97,0.159375
1994,Frau,98,0.180729
1994,Frau,99,0.204224
1994,Frau,100,0.229923
1994,Frau,101,0.257859
1994,Frau,102,0.288211
1994,Frau,103,0.321251
1994,Frau,104,0.357215
1994,Frau,105,0.395364
1994,Frau,106,0.435134
1994,Frau,107,0.478989
1994,Frau,108,0.525408
1994,Frau,109,0.574071
1994,Frau,110,0.624593
1994,Frau,111,0.676375
1994,Frau,112,0.728552
1994,Frau,113,0.77997
1994,Frau,114,0.829192
1994,Frau,115,0.874571
1994,Frau,116,0.91441
1994,Frau,117,0.94723
1994,Frau,118,0.972101
1994,Frau,119,0.989003
1994,Frau,120,1.0
1994,Mann,0,0.005584
1994,Mann,1,0.000303
1994,Mann,2,0.000301
1994,Mann,3,0.000232
1994,Mann,4,0.000162
1994,Mann,5,0.000162
1994,Mann,6,0.000116
1994,Mann,7,0.000163
1994,Mann,8,6.9e-05
1994,Mann,9,4.6e-05
1994,Mann,10,0.000137
1994,Mann,11,4.6e-05
1994,Mann,12,6.8e-05
1994,Mann,13,0.000113
1994,Mann,14,8.9e-05
1994,Mann,15,0.000155
1994,Mann,16,0.000199
1994,Mann,17,0.000374
1994,Mann,18,0.000522
1994,Mann,19,0.000341
1994,Mann,20,0.000439
1994,Mann,21,0.000513
1994,Mann,22,0.000438
1994,Mann,23,0.000392
1994,Mann,24,0.000442
1994,Mann,25,0.000488
1994,Mann,26,0.000329
1994,Mann,27,0.000498
1994,Mann,28,0.000546
1994,Mann,29,0.000451
1994,Mann,30,0.000463
1994,Mann,31,0.00047
1994,Mann,32,0.000473
1994,Mann,33,0.000476
1994,Mann,34,0.000481
1994,Mann,35,0.000492
1994,Mann,36,0.000508
1994,Mann,37,0.000531
1994,Mann,38,0.000558
1994,Mann,39,0.000589
1994,Mann,40,0.000621
1994,Mann,41,0.000653
1994,Mann,42,0.000684
1994,Mann,43,0.000713
1994,Mann,44,0.000746
1994,Mann,45,0.000787
1994,Mann,46,0.000843
1994,Mann,47,0.000913
1994,Mann,48,0.000992
1994,Mann,49,0.001076
1994,Mann,50,0.001162
1994,Mann,51,0.001248
1994,Mann,52,0.001333
1994,Mann,53,0.001421
1994,Mann,54,0.001517
1994,Mann,55,0.001625
1994,Mann,56,0.001741
1994,Mann,57,0.001865
1994,Mann,58,0.002002
1994,Mann,59,0.00216
1994,Mann,60,0.002342
1994,Mann,61,0.00255
1994,Mann,62,0.002782
1994,Mann,63,0.003035
1994,Mann,64,0.003293
1994,Mann,65,0.003553
1994,Mann,66,0.003811
1994,Mann,67,0.004077
1994,Mann,68,0.004363
1994,Mann,69,0.004689
1994,Mann,70,0.005085
1994,Mann,71,0.005575
1994,Mann,72,0.00617
1994,Mann,73,0.006877
1994,Mann,74,0.007717
1994,Mann,75,0.00871
1994,Mann,76,0.009882
1994,Mann,77,0.011271
1994,Mann,78,0.013015
1994,Mann,79,0.015082
1994,Mann,80,0.017252
1994,Mann,81,0.019838
1994,Mann,82,0.022931
1994,Mann,83,0.026637
1994,Mann,84,0.031049
1994,Mann,85,0.036248
1994,Mann,86,0.042332
1994,Mann,87,0.049458
1994,Mann,88,0.057827
1994,Mann,89,0.06768
1994,Mann,90,0.079224
1994,Mann,91,0.092639
1994,Mann,92,0.108004
1994,Mann,93,0.125373
1994,Mann,94,0.144801
1994,Mann,95,0.166251
1994,Mann,96,0.189735
1994,Mann,97,0.215662
1994,Mann,98,0.244651
1994,Mann,99,0.277472
1994,Mann,100,0.314435
1994,Mann,101,0.355509
1994,Mann,102,0.399929
1994,Mann,103,0.447803
1994,Mann,104,0.503545
1994,Mann,105,0.570668
1994,Mann,106,0.620736
1994,Mann,107,0.671912
1994,Mann,108,0.723364
1994,Mann,109,0.773942
1994,Mann,110,0.822237
1994,Mann,111,0.86667
1994,Mann,112,0.905668
1994,Mann,113,0.937923
1994,Mann,114,0.962679
1994,Mann,115,0.979974
1994,Mann,116,0.990705
1994,Mann,117,0.996433
1994,Mann,118,0.998948
1994,Mann,119,0.999798
1994,Mann,120,1.0
1995,Frau,0,0.00437
1995,Frau,1,0.000517
1995,Frau,2,0.000148
1995,Frau,3,0.000197
1995,Frau,4,9.9e-05
1995,Frau,5,2.5e-05
1995,Frau,6,0.000125
1995,Frau,7,0.000124
1995,Frau,8,0.000123
1995,Frau,9,0.000123
1995,Frau,10,9.8e-05
1995,Frau,11,4.9e-05
1995,Frau,12,7.3e-05
1995,Frau,13,2.4e-05
1995,Frau,14,0.00012
1995,Frau,15,0.000119
1995,Frau,16,2.4e-05
1995,Frau,17,0.000117
1995,Frau,18,0.000207
1995,Frau,19,6.7e-05
1995,Frau,20,0.000175
1995,Frau,21,4.3e-05
1995,Frau,22,0.000127
1995,Frau,23,0.000187
1995,Frau,24,0.000183
1995,Frau,25,0.000218
1995,Frau,26,0.000115
1995,Frau,27,0.000154
1995,Frau,28,0.000168
1995,Frau,29,0.000179
1995,Frau,30,0.00019
1995,Frau,31,0.000202
1995,Frau,32,0.000214
1995,Frau,33,0.000228
1995,Frau,34,0.000243
1995,Frau,35,0.000257
1995,Frau,36,0.000272
1995,Frau,37,0.00029
1995,Frau,38,0.00031
1995,Frau,39,0.000332
1995,Frau,40,0.000355
1995,Frau,41,0.000379
1995,Frau,42,0.000406
1995,Frau,43,0.000435
1995,Frau,44,0.000466
1995,Frau,45,0.000497
1995,Frau,46,0.000528
1995,Frau,47,0.00056
1995,Frau,48,0.000595
1995,Frau,49,0.000636
1995,Frau,50,0.000683
1995,Frau,51,0.000735
1995,Frau,52,0.000794
1995,Frau,53,0.000856
1995,Frau,54,0.00092
1995,Frau,55,0.000982
1995,Frau,56,0.001041
1995,Frau,57,0.001101
1995,Frau,58,0.00117
1995,Frau,59,0.001252
1995,Frau,60,0.001352
1995,Frau,61,0.001472
1995,Frau,62,0.001611
1995,Frau,63,0.00176
1995,Frau,64,0.001913
1995,Frau,65,0.002069
1995,Frau,66,0.00223
1995,Frau,67,0.00241
1995,Frau,68,0.002621
1995,Frau,69,0.002868
1995,Frau,70,0.003155
1995,Frau,71,0.003487
1995,Frau,72,0.003879
1995,Frau,73,0.004343
1995,Frau,74,0.004895
1995,Frau,75,0.005551
1995,Frau,76,0.006334
1995,Frau,77,0.007276
1995,Frau,78,0.008417
1995,Frau,79,0.0098
1995,Frau,80,0.011485
1995,Frau,81,0.013395
1995,Frau,82,0.015587
1995,Frau,83,0.018216
1995,Frau,84,0.021358
1995,Frau,85,0.025126
1995,Frau,86,0.029646
1995,Frau,87,0.035034
1995,Frau,88,0.041406
1995,Frau,89,0.048866
1995,Frau,90,0.057503
1995,Frau,91,0.067404
1995,Frau,92,0.078654
1995,Frau,93,0.091333
1995,Frau,94,0.10553
1995,Frau,95,0.121349
1995,Frau,96,0.138897
1995,Frau,97,0.158269
1995,Frau,98,0.179584
1995,Frau,99,0.203048
1995,Frau,100,0.228727
1995,Frau,101,0.256656
1995,Frau,102,0.287012
1995,Frau,103,0.320067
1995,Frau,104,0.356057
1995,Frau,105,0.394123
1995,Frau,106,0.433826
1995,Frau,107,0.477767
1995,Frau,108,0.524296
1995,Frau,109,0.573095
1995,Frau,110,0.623776
1995,Frau,111,0.67573
1995,Frau,112,0.728086
1995,Frau,113,0.779679
1995,Frau,114,0.829057
1995,Frau,115,0.87456
1995,Frau,116,0.914481
1995,Frau,117,0.947334
1995,Frau,118,0.972195
1995,Frau,119,0.989055
1995,Frau,120,1.0
1995,Mann,0,0.005567
1995,Mann,1,0.000658
1995,Mann,2,0.000235
1995,Mann,3,0.000212
1995,Mann,4,0.000141
1995,Mann,5,0.000142
1995,Mann,6,0.0
1995,Mann,7,7.1e-05
1995,Mann,8,7.1e-05
1995,Mann,9,0.00014
1995,Mann,10,7e-05
1995,Mann,11,0.0
1995,Mann,12,0.000138
1995,Mann,13,0.000137
1995,Mann,14,0.000136
1995,Mann,15,0.000136
1995,Mann,16,0.00018
1995,Mann,17,0.000245
1995,Mann,18,0.000415
1995,Mann,19,0.000578
1995,Mann,20,0.000441
1995,Mann,21,0.000388
1995,Mann,22,0.000403
1995,Mann,23,0.000514
1995,Mann,24,0.000427
1995,Mann,25,0.000416
1995,Mann,26,0.000479
1995,Mann,27,0.000422
1995,Mann,28,0.000431
1995,Mann,29,0.000445
1995,Mann,30,0.000457
1995,Mann,31,0.000464
1995,Mann,32,0.000467
1995,Mann,33,0.00047
1995,Mann,34,0.000475
1995,Mann,35,0.000485
1995,Mann,36,0.000501
1995,Mann,37,0.000523
1995,Mann,38,0.00055
1995,Mann,39,0.00058
1995,Mann,40,0.000611
1995,Mann,41,0.000642
1995,Mann,42,0.000672
1995,Mann,43,0.000701
1995,Mann,44,0.000732
1995,Mann,45,0.000772
1995,Mann,46,0.000827
1995,Mann,47,0.000895
1995,Mann,48,0.000972
1995,Mann,49,0.001054
1995,Mann,50,0.001138
1995,Mann,51,0.001222
1995,Mann,52,0.001305
1995,Mann,53,0.00139
1995,Mann,54,0.001483
1995,Mann,55,0.001588
1995,Mann,56,0.0017
1995,Mann,57,0.00182
1995,Mann,58,0.001953
1995,Mann,59,0.002107
1995,Mann,60,0.002284
1995,Mann,61,0.002486
1995,Mann,62,0.002712
1995,Mann,63,0.002958
1995,Mann,64,0.00321
1995,Mann,65,0.003462
1995,Mann,66,0.003714
1995,Mann,67,0.003975
1995,Mann,68,0.004255
1995,Mann,69,0.004575
1995,Mann,70,0.004964
1995,Mann,71,0.005447
1995,Mann,72,0.006033
1995,Mann,73,0.00673
1995,Mann,74,0.007559
1995,Mann,75,0.008541
1995,Mann,76,0.009699
1995,Mann,77,0.011073
1995,Mann,78,0.012801
1995,Mann,79,0.01485
1995,Mann,80,0.016993
1995,Mann,81,0.019545
1995,Mann,82,0.0226
1995,Mann,83,0.026259
1995,Mann,84,0.030617
1995,Mann,85,0.035756
1995,Mann,86,0.041773
1995,Mann,87,0.048827
1995,Mann,88,0.057116
1995,Mann,89,0.066882
1995,Mann,90,0.078331
1995,Mann,91,0.091645
1995,Mann,92,0.10691
1995,Mann,93,0.124185
1995,Mann,94,0.143527
1995,Mann,95,0.164907
1995,Mann,96,0.18834
1995,Mann,97,0.214232
1995,Mann,98,0.243198
1995,Mann,99,0.276005
1995,Mann,100,0.312967
1995,Mann,101,0.354059
1995,Mann,102,0.398532
1995,Mann,103,0.446491
1995,Mann,104,0.502311
1995,Mann,105,0.569456
1995,Mann,106,0.619704
1995,Mann,107,0.671117
1995,Mann,108,0.722816
1995,Mann,109,0.773636
1995,Mann,110,0.82215
1995,Mann,111,0.866759
1995,Mann,112,0.905876
1995,Mann,113,0.938184
1995,Mann,114,0.962932
1995,Mann,115,0.980177
1995,Mann,116,0.990839
1995,Mann,117,0.996503
1995,Mann,118,0.998976
1995,Mann,119,0.999805
1995,Mann,120,1.0
1996,Frau,0,0.003946
1996,Frau,1,0.00022
1996,Frau,2,0.000269
1996,Frau,3,0.000122
1996,Frau,4,0.000123
1996,Frau,5,9.9e-05
1996,Frau,6,0.000148
1996,Frau,7,9.8e-05
1996,Frau,8,0.0
1996,Frau,9,4.9e-05
1996,Frau,10,0.000121
1996,Frau,11,4.8e-05
1996,Frau,12,7.2e-05
1996,Frau,13,7.1e-05
1996,Frau,14,2.4e-05
1996,Frau,15,4.7e-05
1996,Frau,16,0.000117
1996,Frau,17,0.000116
1996,Frau,18,0.000204
1996,Frau,19,0.000156
1996,Frau,20,2.2e-05
1996,Frau,21,6.4e-05
1996,Frau,22,0.000233
1996,Frau,23,0.000146
1996,Frau,24,0.000162
1996,Frau,25,0.000176
1996,Frau,26,0.000114
1996,Frau,27,0.000158
1996,Frau,28,0.000167
1996,Frau,29,0.000178
1996,Frau,30,0.000189
1996,Frau,31,0.000201
1996,Frau,32,0.000213
1996,Frau,33,0.000226
1996,Frau,34,0.000241
1996,Frau,35,0.000255
1996,Frau,36,0.000269
1996,Frau,37,0.000287
1996,Frau,38,0.000307
1996,Frau,39,0.000328
1996,Frau,40,0.000351
1996,Frau,41,0.000375
1996,Frau,42,0.000401
1996,Frau,43,0.00043
1996,Frau,44,0.000459
1996,Frau,45,0.00049
1996,Frau,46,0.00052
1996,Frau,47,0.000551
1996,Frau,48,0.000585
1996,Frau,49,0.000625
1996,Frau,50,0.000671
1996,Frau,51,0.000722
1996,Frau,52,0.000779
1996,Frau,53,0.00084
1996,Frau,54,0.000902
1996,Frau,55,0.000963
1996,Frau,56,0.00102
1996,Frau,57,0.001078
1996,Frau,58,0.001145
1996,Frau,59,0.001225
1996,Frau,60,0.001322
1996,Frau,61,0.00144
1996,Frau,62,0.001574
1996,Frau,63,0.00172
1996,Frau,64,0.00187
1996,Frau,65,0.002022
1996,Frau,66,0.002179
1996,Frau,67,0.002357
1996,Frau,68,0.002564
1996,Frau,69,0.002807
1996,Frau,70,0.00309
1996,Frau,71,0.003418
1996,Frau,72,0.003805
1996,Frau,73,0.004265
1996,Frau,74,0.004811
1996,Frau,75,0.005461
1996,Frau,76,0.006238
1996,Frau,77,0.007172
1996,Frau,78,0.008303
1996,Frau,79,0.009673
1996,Frau,80,0.011344
1996,Frau,81,0.013234
1996,Frau,82,0.015399
1996,Frau,83,0.017996
1996,Frau,84,0.0211
1996,Frau,85,0.024823
1996,Frau,86,0.029291
1996,Frau,87,0.034619
1996,Frau,88,0.040924
1996,Frau,89,0.048311
1996,Frau,90,0.056872
1996,Frau,91,0.066697
1996,Frau,92,0.07787
1996,Frau,93,0.090475
1996,Frau,94,0.104603
1996,Frau,95,0.120359
1996,Frau,96,0.137851
1996,Frau,97,0.157174
1996,Frau,98,0.17845
1996,Frau,99,0.201884
1996,Frau,100,0.227542
1996,Frau,101,0.255463
1996,Frau,102,0.285823
1996,Frau,103,0.318893
1996,Frau,104,0.354783
1996,Frau,105,0.392758
1996,Frau,106,0.432526
1996,Frau,107,0.47655
1996,Frau,108,0.523189
1996,Frau,109,0.572123
1996,Frau,110,0.62296
1996,Frau,111,0.675085
1996,Frau,112,0.72762
1996,Frau,113,0.779386
1996,Frau,114,0.828919
1996,Frau,115,0.874546
1996,Frau,116,0.914548
1996,Frau,117,0.947435
1996,Frau,118,0.972285
1996,Frau,119,0.989106
1996,Frau,120,1.0
1996,Mann,0,0.005297
1996,Mann,1,0.000602
1996,Mann,2,0.000255
1996,Mann,3,0.000116
1996,Mann,4,0.000371
1996,Mann,5,0.000141
1996,Mann,6,9.3e-05
1996,Mann,7,9.3e-05
1996,Mann,8,0.000116
1996,Mann,9,0.000138
1996,Mann,10,6.9e-05
1996,Mann,11,0.000114
1996,Mann,12,0.000136
1996,Mann,13,0.000202
1996,Mann,14,9e-05
1996,Mann,15,0.000268
1996,Mann,16,0.000355
1996,Mann,17,0.000263
1996,Mann,18,0.00041
1996,Mann,19,0.0004
1996,Mann,20,0.000266
1996,Mann,21,0.000486
1996,Mann,22,0.000479
1996,Mann,23,0.000431
1996,Mann,24,0.000708
1996,Mann,25,0.000522
1996,Mann,26,0.000416
1996,Mann,27,0.000412
1996,Mann,28,0.000427
1996,Mann,29,0.00044
1996,Mann,30,0.000452
1996,Mann,31,0.000459
1996,Mann,32,0.000462
1996,Mann,33,0.000464
1996,Mann,34,0.000468
1996,Mann,35,0.000478
1996,Mann,36,0.000493
1996,Mann,37,0.000515
1996,Mann,38,0.000541
1996,Mann,39,0.000571
1996,Mann,40,0.000601
1996,Mann,41,0.000632
1996,Mann,42,0.000661
1996,Mann,43,0.000688
1996,Mann,44,0.000719
1996,Mann,45,0.000758
1996,Mann,46,0.000811
1996,Mann,47,0.000877
1996,Mann,48,0.000953
1996,Mann,49,0.001033
1996,Mann,50,0.001115
1996,Mann,51,0.001196
1996,Mann,52,0.001277
1996,Mann,53,0.001359
1996,Mann,54,0.001449
1996,Mann,55,0.001551
1996,Mann,56,0.00166
1996,Mann,57,0.001777
1996,Mann,58,0.001906
1996,Mann,59,0.002055
1996,Mann,60,0.002227
1996,Mann,61,0.002424
1996,Mann,62,0.002644
1996,Mann,63,0.002883
1996,Mann,64,0.003128
1996,Mann,65,0.003374
1996,Mann,66,0.00362
1996,Mann,67,0.003874
1996,Mann,68,0.004149
1996,Mann,69,0.004463
1996,Mann,70,0.004846
1996,Mann,71,0.005322
1996,Mann,72,0.005899
1996,Mann,73,0.006587
1996,Mann,74,0.007406
1996,Mann,75,0.008375
1996,Mann,76,0.00952
1996,Mann,77,0.01088
1996,Mann,78,0.012593
1996,Mann,79,0.014622
1996,Mann,80,0.016739
1996,Mann,81,0.019259
1996,Mann,82,0.022275
1996,Mann,83,0.025888
1996,Mann,84,0.030193
1996,Mann,85,0.035272
1996,Mann,86,0.041224
1996,Mann,87,0.048205
1996,Mann,88,0.056416
1996,Mann,89,0.066094
1996,Mann,90,0.077448
1996,Mann,91,0.090663
1996,Mann,92,0.105828
1996,Mann,93,0.123007
1996,Mann,94,0.142264
1996,Mann,95,0.163573
1996,Mann,96,0.186954
1996,Mann,97,0.21281
1996,Mann,98,0.241753
1996,Mann,99,0.274545
1996,Mann,100,0.311503
1996,Mann,101,0.352613
1996,Mann,102,0.397136
1996,Mann,103,0.445178
1996,Mann,104,0.501018
1996,Mann,105,0.568205
1996,Mann,106,0.618666
1996,Mann,107,0.670313
1996,Mann,108,0.722258
1996,Mann,109,0.77332
1996,Mann,110,0.822051
1996,Mann,111,0.866837
1996,Mann,112,0.906074
1996,Mann,113,0.938436
1996,Mann,114,0.963179
1996,Mann,115,0.980374
1996,Mann,116,0.990969
1996,Mann,117,0.996571
1996,Mann,118,0.999003
1996,Mann,119,0.999812
1996,Mann,120,1.0
1997,Frau,0,0.004641
1997,Frau,1,0.000452
1997,Frau,2,0.000175
1997,Frau,3,0.000126
1997,Frau,4,0.000306
1997,Frau,5,7.6e-05
1997,Frau,6,0.000102
1997,Frau,7,0.000101
1997,Frau,8,7.6e-05
1997,Frau,9,0.000151
1997,Frau,10,5e-05
1997,Frau,11,2.5e-05
1997,Frau,12,0.000147
1997,Frau,13,0.000122
1997,Frau,14,2.4e-05
1997,Frau,15,4.8e-05
1997,Frau,16,0.00019
1997,Frau,17,0.000117
1997,Frau,18,0.000184
1997,Frau,19,0.000203
1997,Frau,20,6.7e-05
1997,Frau,21,0.000219
1997,Frau,22,0.000216
1997,Frau,23,0.000169
1997,Frau,24,0.000123
1997,Frau,25,0.000273
1997,Frau,26,0.00015
1997,Frau,27,0.000157
1997,Frau,28,0.000166
1997,Frau,29,0.000177
1997,Frau,30,0.000188
1997,Frau,31,0.000199
1997,Frau,32,0.000211
1997,Frau,33,0.000224
1997,Frau,34,0.000238
1997,Frau,35,0.000252
1997,Frau,36,0.000267
1997,Frau,37,0.000284
1997,Frau,38,0.000303
1997,Frau,39,0.000325
1997,Frau,40,0.000347
1997,Frau,41,0.00037
1997,Frau,42,0.000396
1997,Frau,43,0.000424
1997,Frau,44,0.000453
1997,Frau,45,0.000483
1997,Frau,46,0.000512
1997,Frau,47,0.000543
1997,Frau,48,0.000576
1997,Frau,49,0.000615
1997,Frau,50,0.00066
1997,Frau,51,0.00071
1997,Frau,52,0.000765
1997,Frau,53,0.000824
1997,Frau,54,0.000885
1997,Frau,55,0.000944
1997,Frau,56,0.000999
1997,Frau,57,0.001056
1997,Frau,58,0.00112
1997,Frau,59,0.001198
1997,Frau,60,0.001293
1997,Frau,61,0.001407
1997,Frau,62,0.001539
1997,Frau,63,0.001681
1997,Frau,64,0.001827
1997,Frau,65,0.001976
1997,Frau,66,0.00213
1997,Frau,67,0.002304
1997,Frau,68,0.002508
1997,Frau,69,0.002748
1997,Frau,70,0.003027
1997,Frau,71,0.00335
1997,Frau,72,0.003733
1997,Frau,73,0.004188
1997,Frau,74,0.004729
1997,Frau,75,0.005374
1997,Frau,76,0.006144
1997,Frau,77,0.00707
1997,Frau,78,0.008191
1997,Frau,79,0.00955
1997,Frau,80,0.011205
1997,Frau,81,0.013076
1997,Frau,82,0.015215
1997,Frau,83,0.01778
1997,Frau,84,0.020847
1997,Frau,85,0.024526
1997,Frau,86,0.028942
1997,Frau,87,0.03421
1997,Frau,88,0.040449
1997,Frau,89,0.047764
1997,Frau,90,0.05625
1997,Frau,91,0.065998
1997,Frau,92,0.077095
1997,Frau,93,0.089627
1997,Frau,94,0.103686
1997,Frau,95,0.119379
1997,Frau,96,0.136815
1997,Frau,97,0.156091
1997,Frau,98,0.177327
1997,Frau,99,0.20073
1997,Frau,100,0.226368
1997,Frau,101,0.25428
1997,Frau,102,0.284644
1997,Frau,103,0.31761
1997,Frau,104,0.353392
1997,Frau,105,0.391402
1997,Frau,106,0.431234
1997,Frau,107,0.47534
1997,Frau,108,0.522088
1997,Frau,109,0.571155
1997,Frau,110,0.622146
1997,Frau,111,0.674442
1997,Frau,112,0.727153
1997,Frau,113,0.779091
1997,Frau,114,0.828779
1997,Frau,115,0.874528
1997,Frau,116,0.914612
1997,Frau,117,0.947533
1997,Frau,118,0.972374
1997,Frau,119,0.989155
1997,Frau,120,1.0
1997,Mann,0,0.00468
1997,Mann,1,0.000525
1997,Mann,2,0.000237
1997,Mann,3,0.000214
1997,Mann,4,9.7e-05
1997,Mann,5,0.000169
1997,Mann,6,0.000168
1997,Mann,7,9.6e-05
1997,Mann,8,0.000167
1997,Mann,9,4.7e-05
1997,Mann,10,9.4e-05
1997,Mann,11,0.000116
1997,Mann,12,9.3e-05
1997,Mann,13,4.6e-05
1997,Mann,14,0.000115
1997,Mann,15,0.000137
1997,Mann,16,0.000226
1997,Mann,17,0.00029
1997,Mann,18,0.000394
1997,Mann,19,0.000377
1997,Mann,20,0.000454
1997,Mann,21,0.000653
1997,Mann,22,0.000361
1997,Mann,23,0.000492
1997,Mann,24,0.000346
1997,Mann,25,0.000286
1997,Mann,26,0.000395
1997,Mann,27,0.000408
1997,Mann,28,0.000422
1997,Mann,29,0.000436
1997,Mann,30,0.000447
1997,Mann,31,0.000453
1997,Mann,32,0.000456
1997,Mann,33,0.000458
1997,Mann,34,0.000462
1997,Mann,35,0.000471
1997,Mann,36,0.000487
1997,Mann,37,0.000508
1997,Mann,38,0.000533
1997,Mann,39,0.000562
1997,Mann,40,0.000592
1997,Mann,41,0.000621
1997,Mann,42,0.00065
1997,Mann,43,0.000676
1997,Mann,44,0.000706
1997,Mann,45,0.000744
1997,Mann,46,0.000796
1997,Mann,47,0.00086
1997,Mann,48,0.000934
1997,Mann,49,0.001013
1997,Mann,50,0.001092
1997,Mann,51,0.001171
1997,Mann,52,0.001249
1997,Mann,53,0.001329
1997,Mann,54,0.001417
1997,Mann,55,0.001516
1997,Mann,56,0.001621
1997,Mann,57,0.001735
1997,Mann,58,0.00186
1997,Mann,59,0.002004
1997,Mann,60,0.002172
1997,Mann,61,0.002363
1997,Mann,62,0.002577
1997,Mann,63,0.00281
1997,Mann,64,0.003048
1997,Mann,65,0.003288
1997,Mann,66,0.003528
1997,Mann,67,0.003776
1997,Mann,68,0.004045
1997,Mann,69,0.004354
1997,Mann,70,0.004731
1997,Mann,71,0.005199
1997,Mann,72,0.005768
1997,Mann,73,0.006447
1997,Mann,74,0.007256
1997,Mann,75,0.008214
1997,Mann,76,0.009346
1997,Mann,77,0.010691
1997,Mann,78,0.012389
1997,Mann,79,0.014401
1997,Mann,80,0.01649
1997,Mann,81,0.018979
1997,Mann,82,0.021957
1997,Mann,83,0.025524
1997,Mann,84,0.029776
1997,Mann,85,0.034796
1997,Mann,86,0.040683
1997,Mann,87,0.047593
1997,Mann,88,0.055725
1997,Mann,89,0.065317
1997,Mann,90,0.076576
1997,Mann,91,0.089692
1997,Mann,92,0.104757
1997,Mann,93,0.121841
1997,Mann,94,0.141012
1997,Mann,95,0.16225
1997,Mann,96,0.185578
1997,Mann,97,0.211398
1997,Mann,98,0.240315
1997,Mann,99,0.27309
1997,Mann,100,0.310044
1997,Mann,101,0.35117
1997,Mann,102,0.395741
1997,Mann,103,0.443799
1997,Mann,104,0.499664
1997,Mann,105,0.566949
1997,Mann,106,0.61762
1997,Mann,107,0.6695
1997,Mann,108,0.72169
1997,Mann,109,0.772992
1997,Mann,110,0.821942
1997,Mann,111,0.866904
1997,Mann,112,0.906261
1997,Mann,113,0.938679
1997,Mann,114,0.963417
1997,Mann,115,0.980565
1997,Mann,116,0.991094
1997,Mann,117,0.996637
1997,Mann,118,0.999028
1997,Mann,119,0.999818
1997,Mann,120,1.0
1998,Frau,0,0.003986
1998,Frau,1,0.000331
1998,Frau,2,0.000102
1998,Frau,3,0.000182
1998,Frau,4,0.000207
1998,Frau,5,0.000103
1998,Frau,6,0.00018
1998,Frau,7,5.1e-05
1998,Frau,8,7.7e-05
1998,Frau,9,2.5e-05
1998,Frau,10,0.000101
1998,Frau,11,0.000125
1998,Frau,12,9.9e-05
1998,Frau,13,0.000123
1998,Frau,14,2.4e-05
1998,Frau,15,0.000218
1998,Frau,16,0.00012
1998,Frau,17,9.4e-05
1998,Frau,18,0.000209
1998,Frau,19,0.000251
1998,Frau,20,0.000181
1998,Frau,21,8.9e-05
1998,Frau,22,0.000197
1998,Frau,23,6.4e-05
1998,Frau,24,0.000114
1998,Frau,25,0.000146
1998,Frau,26,0.00015
1998,Frau,27,0.000156
1998,Frau,28,0.000165
1998,Frau,29,0.000175
1998,Frau,30,0.000186
1998,Frau,31,0.000198
1998,Frau,32,0.000209
1998,Frau,33,0.000222
1998,Frau,34,0.000236
1998,Frau,35,0.00025
1998,Frau,36,0.000264
1998,Frau,37,0.000281
1998,Frau,38,0.0003
1998,Frau,39,0.000321
1998,Frau,40,0.000343
1998,Frau,41,0.000366
1998,Frau,42,0.000391
1998,Frau,43,0.000419
1998,Frau,44,0.000447
1998,Frau,45,0.000476
1998,Frau,46,0.000505
1998,Frau,47,0.000535
1998,Frau,48,0.000567
1998,Frau,49,0.000605
1998,Frau,50,0.000648
1998,Frau,51,0.000697
1998,Frau,52,0.000751
1998,Frau,53,0.000808
1998,Frau,54,0.000868
1998,Frau,55,0.000925
1998,Frau,56,0.000979
1998,Frau,57,0.001034
1998,Frau,58,0.001096
1998,Frau,59,0.001172
1998,Frau,60,0.001264
1998,Frau,61,0.001376
1998,Frau,62,0.001504
1998,Frau,63,0.001642
1998,Frau,64,0.001785
1998,Frau,65,0.001931
1998,Frau,66,0.002082
1998,Frau,67,0.002253
1998,Frau,68,0.002453
1998,Frau,69,0.002689
1998,Frau,70,0.002964
1998,Frau,71,0.003284
1998,Frau,72,0.003663
1998,Frau,73,0.004113
1998,Frau,74,0.004649
1998,Frau,75,0.005288
1998,Frau,76,0.006052
1998,Frau,77,0.006971
1998,Frau,78,0.008082
1998,Frau,79,0.009429
1998,Frau,80,0.01107
1998,Frau,81,0.012921
1998,Frau,82,0.015035
1998,Frau,83,0.017569
1998,Frau,84,0.020599
1998,Frau,85,0.024234
1998,Frau,86,0.028598
1998,Frau,87,0.033807
1998,Frau,88,0.03998
1998,Frau,89,0.047225
1998,Frau,90,0.055636
1998,Frau,91,0.065307
1998,Frau,92,0.076329
1998,Frau,93,0.088789
1998,Frau,94,0.10278
1998,Frau,95,0.11841
1998,Frau,96,0.13579
1998,Frau,97,0.155018
1998,Frau,98,0.176215
1998,Frau,99,0.199588
1998,Frau,100,0.225205
1998,Frau,101,0.253109
1998,Frau,102,0.283369
1998,Frau,103,0.316219
1998,Frau,104,0.352011
1998,Frau,105,0.390055
1998,Frau,106,0.429949
1998,Frau,107,0.474136
1998,Frau,108,0.520991
1998,Frau,109,0.57019
1998,Frau,110,0.621334
1998,Frau,111,0.673799
1998,Frau,112,0.726685
1998,Frau,113,0.778795
1998,Frau,114,0.828636
1998,Frau,115,0.874508
1998,Frau,116,0.914673
1998,Frau,117,0.947628
1998,Frau,118,0.97246
1998,Frau,119,0.989204
1998,Frau,120,1.0
1998,Mann,0,0.005752
1998,Mann,1,0.000507
1998,Mann,2,0.000339
1998,Mann,3,0.000222
1998,Mann,4,0.000173
1998,Mann,5,2.5e-05
1998,Mann,6,0.000122
1998,Mann,7,0.000121
1998,Mann,8,7.3e-05
1998,Mann,9,9.6e-05
1998,Mann,10,9.5e-05
1998,Mann,11,4.7e-05
1998,Mann,12,9.4e-05
1998,Mann,13,0.000163
1998,Mann,14,0.000116
1998,Mann,15,6.9e-05
1998,Mann,16,0.000364
1998,Mann,17,0.000246
1998,Mann,18,0.000324
1998,Mann,19,0.000424
1998,Mann,20,0.000589
1998,Mann,21,0.000417
1998,Mann,22,0.00049
1998,Mann,23,0.000498
1998,Mann,24,0.000384
1998,Mann,25,0.000382
1998,Mann,26,0.000391
1998,Mann,27,0.000404
1998,Mann,28,0.000418
1998,Mann,29,0.000431
1998,Mann,30,0.000442
1998,Mann,31,0.000448
1998,Mann,32,0.000451
1998,Mann,33,0.000453
1998,Mann,34,0.000457
1998,Mann,35,0.000465
1998,Mann,36,0.00048
1998,Mann,37,0.0005
1998,Mann,38,0.000526
1998,Mann,39,0.000553
1998,Mann,40,0.000583
1998,Mann,41,0.000611
1998,Mann,42,0.000639
1998,Mann,43,0.000665
1998,Mann,44,0.000693
1998,Mann,45,0.00073
1998,Mann,46,0.000781
1998,Mann,47,0.000844
1998,Mann,48,0.000916
1998,Mann,49,0.000993
1998,Mann,50,0.00107
1998,Mann,51,0.001147
1998,Mann,52,0.001223
1998,Mann,53,0.0013
1998,Mann,54,0.001385
1998,Mann,55,0.001481
1998,Mann,56,0.001584
1998,Mann,57,0.001694
1998,Mann,58,0.001815
1998,Mann,59,0.001955
1998,Mann,60,0.002118
1998,Mann,61,0.002304
1998,Mann,62,0.002512
1998,Mann,63,0.002738
1998,Mann,64,0.002971
1998,Mann,65,0.003204
1998,Mann,66,0.003437
1998,Mann,67,0.00368
1998,Mann,68,0.003944
1998,Mann,69,0.004248
1998,Mann,70,0.004618
1998,Mann,71,0.00508
1998,Mann,72,0.005641
1998,Mann,73,0.006311
1998,Mann,74,0.007109
1998,Mann,75,0.008056
1998,Mann,76,0.009176
1998,Mann,77,0.010507
1998,Mann,78,0.01219
1998,Mann,79,0.014184
1998,Mann,80,0.016248
1998,Mann,81,0.018705
1998,Mann,82,0.021645
1998,Mann,83,0.025167
1998,Mann,84,0.029367
1998,Mann,85,0.034328
1998,Mann,86,0.04015
1998,Mann,87,0.04699
1998,Mann,88,0.055043
1998,Mann,89,0.064549
1998,Mann,90,0.075715
1998,Mann,91,0.088731
1998,Mann,92,0.103697
1998,Mann,93,0.120686
1998,Mann,94,0.139771
1998,Mann,95,0.160937
1998,Mann,96,0.184212
1998,Mann,97,0.209994
1998,Mann,98,0.238886
1998,Mann,99,0.271643
1998,Mann,100,0.308591
1998,Mann,101,0.34973
1998,Mann,102,0.394287
1998,Mann,103,0.442355
1998,Mann,104,0.498308
1998,Mann,105,0.565688
1998,Mann,106,0.616567
1998,Mann,107,0.668679
1998,Mann,108,0.721112
1998,Mann,109,0.772654
1998,Mann,110,0.821822
1998,Mann,111,0.866961
1998,Mann,112,0.906438
1998,Mann,113,0.938912
1998,Mann,114,0.963648
1998,Mann,115,0.98075
1998,Mann,116,0.991216
1998,Mann,117,0.996701
1998,Mann,118,0.999053
1998,Mann,119,0.999824
1998,Mann,120,1.0
1999,Frau,0,0.004043
1999,Frau,1,0.000362
1999,Frau,2,0.000185
1999,Frau,3,0.000212
1999,Frau,4,0.000105
1999,Frau,5,0.000105
1999,Frau,6,7.9e-05
1999,Frau,7,5.2e-05
1999,Frau,8,5.2e-05
1999,Frau,9,5.1e-05
1999,Frau,10,2.5e-05
1999,Frau,11,5e-05
1999,Frau,12,2.5e-05
1999,Frau,13,5e-05
1999,Frau,14,7.4e-05
1999,Frau,15,0.000122
1999,Frau,16,0.000121
1999,Frau,17,0.000119
1999,Frau,18,0.000141
1999,Frau,19,0.000139
1999,Frau,20,0.000182
1999,Frau,21,0.000157
1999,Frau,22,0.000176
1999,Frau,23,0.00014
1999,Frau,24,0.000146
1999,Frau,25,0.000145
1999,Frau,26,0.000149
1999,Frau,27,0.000155
1999,Frau,28,0.000164
1999,Frau,29,0.000174
1999,Frau,30,0.000185
1999,Frau,31,0.000196
1999,Frau,32,0.000208
1999,Frau,33,0.000221
1999,Frau,34,0.000235
1999,Frau,35,0.000248
1999,Frau,36,0.000262
1999,Frau,37,0.000278
1999,Frau,38,0.000297
1999,Frau,39,0.000318
1999,Frau,40,0.000339
1999,Frau,41,0.000362
1999,Frau,42,0.000387
1999,Frau,43,0.000413
1999,Frau,44,0.000441
1999,Frau,45,0.000469
1999,Frau,46,0.000498
1999,Frau,47,0.000526
1999,Frau,48,0.000558
1999,Frau,49,0.000595
1999,Frau,50,0.000637
1999,Frau,51,0.000685
1999,Frau,52,0.000738
1999,Frau,53,0.000793
1999,Frau,54,0.000851
1999,Frau,55,0.000907
1999,Frau,56,0.000958
1999,Frau,57,0.001012
1999,Frau,58,0.001073
1999,Frau,59,0.001146
1999,Frau,60,0.001236
1999,Frau,61,0.001345
1999,Frau,62,0.00147
1999,Frau,63,0.001605
1999,Frau,64,0.001745
1999,Frau,65,0.001887
1999,Frau,66,0.002035
1999,Frau,67,0.002203
1999,Frau,68,0.002399
1999,Frau,69,0.002632
1999,Frau,70,0.002904
1999,Frau,71,0.00322
1999,Frau,72,0.003594
1999,Frau,73,0.00404
1999,Frau,74,0.004571
1999,Frau,75,0.005204
1999,Frau,76,0.005962
1999,Frau,77,0.006873
1999,Frau,78,0.007976
1999,Frau,79,0.009311
1999,Frau,80,0.010938
1999,Frau,81,0.01277
1999,Frau,82,0.014858
1999,Frau,83,0.017361
1999,Frau,84,0.020355
1999,Frau,85,0.023947
1999,Frau,86,0.02826
1999,Frau,87,0.033411
1999,Frau,88,0.039518
1999,Frau,89,0.046692
1999,Frau,90,0.055029
1999,Frau,91,0.064625
1999,Frau,92,0.075572
1999,Frau,93,0.08796
1999,Frau,94,0.101883
1999,Frau,95,0.117451
1999,Frau,96,0.134776
1999,Frau,97,0.153956
1999,Frau,98,0.175114
1999,Frau,99,0.198456
1999,Frau,100,0.224053
1999,Frau,101,0.251857
1999,Frau,102,0.281999
1999,Frau,103,0.314839
1999,Frau,104,0.350639
1999,Frau,105,0.388717
1999,Frau,106,0.428672
1999,Frau,107,0.472939
1999,Frau,108,0.5199
1999,Frau,109,0.569229
1999,Frau,110,0.620525
1999,Frau,111,0.673157
1999,Frau,112,0.726218
1999,Frau,113,0.778497
1999,Frau,114,0.828491
1999,Frau,115,0.874485
1999,Frau,116,0.91473
1999,Frau,117,0.94772
1999,Frau,118,0.972545
1999,Frau,119,0.989251
1999,Frau,120,1.0
1999,Mann,0,0.005292
1999,Mann,1,0.000343
1999,Mann,2,0.000477
1999,Mann,3,0.0002
1999,Mann,4,0.0001
1999,Mann,5,7.4e-05
1999,Mann,6,0.000197
1999,Mann,7,0.000123
1999,Mann,8,0.000146
1999,Mann,9,7.2e-05
1999,Mann,10,7.2e-05
1999,Mann,11,0.00012
1999,Mann,12,7.1e-05
1999,Mann,13,9.4e-05
1999,Mann,14,4.7e-05
1999,Mann,15,0.000231
1999,Mann,16,0.000184
1999,Mann,17,0.000201
1999,Mann,18,0.00035
1999,Mann,19,0.000451
1999,Mann,20,0.000383
1999,Mann,21,0.000399
1999,Mann,22,0.000329
1999,Mann,23,0.000449
1999,Mann,24,0.000376
1999,Mann,25,0.000379
1999,Mann,26,0.000387
1999,Mann,27,0.0004
1999,Mann,28,0.000414
1999,Mann,29,0.000427
1999,Mann,30,0.000438
1999,Mann,31,0.000444
1999,Mann,32,0.000446
1999,Mann,33,0.000447
1999,Mann,34,0.000451
1999,Mann,35,0.000459
1999,Mann,36,0.000474
1999,Mann,37,0.000494
1999,Mann,38,0.000518
1999,Mann,39,0.000545
1999,Mann,40,0.000574
1999,Mann,41,0.000602
1999,Mann,42,0.000629
1999,Mann,43,0.000654
1999,Mann,44,0.000682
1999,Mann,45,0.000717
1999,Mann,46,0.000767
1999,Mann,47,0.000828
1999,Mann,48,0.000899
1999,Mann,49,0.000973
1999,Mann,50,0.001049
1999,Mann,51,0.001124
1999,Mann,52,0.001197
1999,Mann,53,0.001272
1999,Mann,54,0.001355
1999,Mann,55,0.001448
1999,Mann,56,0.001547
1999,Mann,57,0.001654
1999,Mann,58,0.001771
1999,Mann,59,0.001907
1999,Mann,60,0.002066
1999,Mann,61,0.002246
1999,Mann,62,0.002449
1999,Mann,63,0.002668
1999,Mann,64,0.002894
1999,Mann,65,0.003121
1999,Mann,66,0.003349
1999,Mann,67,0.003587
1999,Mann,68,0.003845
1999,Mann,69,0.004144
1999,Mann,70,0.004509
1999,Mann,71,0.004964
1999,Mann,72,0.005517
1999,Mann,73,0.006178
1999,Mann,74,0.006967
1999,Mann,75,0.007903
1999,Mann,76,0.00901
1999,Mann,77,0.010327
1999,Mann,78,0.011996
1999,Mann,79,0.013972
1999,Mann,80,0.01601
1999,Mann,81,0.018437
1999,Mann,82,0.02134
1999,Mann,83,0.024817
1999,Mann,84,0.028965
1999,Mann,85,0.033868
1999,Mann,86,0.039626
1999,Mann,87,0.046395
1999,Mann,88,0.054371
1999,Mann,89,0.063791
1999,Mann,90,0.074863
1999,Mann,91,0.087781
1999,Mann,92,0.102647
1999,Mann,93,0.119541
1999,Mann,94,0.13854
1999,Mann,95,0.159634
1999,Mann,96,0.182855
1999,Mann,97,0.208599
1999,Mann,98,0.237464
1999,Mann,99,0.270202
1999,Mann,100,0.307142
1999,Mann,101,0.348238
1999,Mann,102,0.392773
1999,Mann,103,0.44091
1999,Mann,104,0.496949
1999,Mann,105,0.564422
1999,Mann,106,0.615507
1999,Mann,107,0.66785
1999,Mann,108,0.720526
1999,Mann,109,0.772307
1999,Mann,110,0.821691
1999,Mann,111,0.867007
1999,Mann,112,0.906605
1999,Mann,113,0.939137
1999,Mann,114,0.963871
1999,Mann,115,0.98093
1999,Mann,116,0.991334
1999,Mann,117,0.996762
1999,Mann,118,0.999077
1999,Mann,119,0.99983
1999,Mann,120,1.0
2000,Frau,0,0.00409
2000,Frau,1,0.000388
2000,Frau,2,0.000167
2000,Frau,3,0.000138
2000,Frau,4,0.000137
2000,Frau,5,5.5e-05
2000,Frau,6,0.000109
2000,Frau,7,2.7e-05
2000,Frau,8,2.7e-05
2000,Frau,9,0.000158
2000,Frau,10,0.000101
2000,Frau,11,5e-05
2000,Frau,12,9.9e-05
2000,Frau,13,7.4e-05
2000,Frau,14,7.3e-05
2000,Frau,15,0.000121
2000,Frau,16,2.4e-05
2000,Frau,17,9.4e-05
2000,Frau,18,0.000186
2000,Frau,19,0.000184
2000,Frau,20,0.000159
2000,Frau,21,8.9e-05
2000,Frau,22,0.000145
2000,Frau,23,0.000149
2000,Frau,24,0.000145
2000,Frau,25,0.000144
2000,Frau,26,0.000148
2000,Frau,27,0.000154
2000,Frau,28,0.000163
2000,Frau,29,0.000173
2000,Frau,30,0.000184
2000,Frau,31,0.000195
2000,Frau,32,0.000206
2000,Frau,33,0.000219
2000,Frau,34,0.000233
2000,Frau,35,0.000246
2000,Frau,36,0.00026
2000,Frau,37,0.000276
2000,Frau,38,0.000294
2000,Frau,39,0.000315
2000,Frau,40,0.000336
2000,Frau,41,0.000358
2000,Frau,42,0.000382
2000,Frau,43,0.000408
2000,Frau,44,0.000436
2000,Frau,45,0.000463
2000,Frau,46,0.000491
2000,Frau,47,0.000519
2000,Frau,48,0.000549
2000,Frau,49,0.000585
2000,Frau,50,0.000627
2000,Frau,51,0.000673
2000,Frau,52,0.000724
2000,Frau,53,0.000779
2000,Frau,54,0.000835
2000,Frau,55,0.000889
2000,Frau,56,0.000939
2000,Frau,57,0.000991
2000,Frau,58,0.00105
2000,Frau,59,0.001121
2000,Frau,60,0.001208
2000,Frau,61,0.001314
2000,Frau,62,0.001436
2000,Frau,63,0.001568
2000,Frau,64,0.001704
2000,Frau,65,0.001844
2000,Frau,66,0.001989
2000,Frau,67,0.002153
2000,Frau,68,0.002347
2000,Frau,69,0.002576
2000,Frau,70,0.002844
2000,Frau,71,0.003157
2000,Frau,72,0.003527
2000,Frau,73,0.003969
2000,Frau,74,0.004495
2000,Frau,75,0.005123
2000,Frau,76,0.005874
2000,Frau,77,0.006779
2000,Frau,78,0.007872
2000,Frau,79,0.009196
2000,Frau,80,0.010809
2000,Frau,81,0.012622
2000,Frau,82,0.014685
2000,Frau,83,0.017158
2000,Frau,84,0.020116
2000,Frau,85,0.023664
2000,Frau,86,0.027927
2000,Frau,87,0.03302
2000,Frau,88,0.039063
2000,Frau,89,0.046167
2000,Frau,90,0.05443
2000,Frau,91,0.063952
2000,Frau,92,0.074824
2000,Frau,93,0.08714
2000,Frau,94,0.100996
2000,Frau,95,0.116502
2000,Frau,96,0.133772
2000,Frau,97,0.152905
2000,Frau,98,0.174024
2000,Frau,99,0.197336
2000,Frau,100,0.222837
2000,Frau,101,0.250525
2000,Frau,102,0.28064
2000,Frau,103,0.313469
2000,Frau,104,0.349277
2000,Frau,105,0.387387
2000,Frau,106,0.427403
2000,Frau,107,0.471749
2000,Frau,108,0.518814
2000,Frau,109,0.568273
2000,Frau,110,0.619719
2000,Frau,111,0.672517
2000,Frau,112,0.72575
2000,Frau,113,0.778198
2000,Frau,114,0.828343
2000,Frau,115,0.874459
2000,Frau,116,0.914785
2000,Frau,117,0.94781
2000,Frau,118,0.972627
2000,Frau,119,0.989297
2000,Frau,120,1.0
2000,Mann,0,0.005322
2000,Mann,1,0.000287
2000,Mann,2,0.000366
2000,Mann,3,0.000155
2000,Mann,4,0.000206
2000,Mann,5,0.000231
2000,Mann,6,0.000178
2000,Mann,7,0.000126
2000,Mann,8,0.0002
2000,Mann,9,5e-05
2000,Mann,10,9.5e-05
2000,Mann,11,7.1e-05
2000,Mann,12,4.7e-05
2000,Mann,13,9.3e-05
2000,Mann,14,9.2e-05
2000,Mann,15,0.000159
2000,Mann,16,0.000267
2000,Mann,17,0.000351
2000,Mann,18,0.000389
2000,Mann,19,0.00051
2000,Mann,20,0.000609
2000,Mann,21,0.000351
2000,Mann,22,0.00033
2000,Mann,23,0.000374
2000,Mann,24,0.000373
2000,Mann,25,0.000375
2000,Mann,26,0.000384
2000,Mann,27,0.000397
2000,Mann,28,0.00041
2000,Mann,29,0.000423
2000,Mann,30,0.000434
2000,Mann,31,0.000439
2000,Mann,32,0.000441
2000,Mann,33,0.000442
2000,Mann,34,0.000446
2000,Mann,35,0.000454
2000,Mann,36,0.000467
2000,Mann,37,0.000487
2000,Mann,38,0.000511
2000,Mann,39,0.000538
2000,Mann,40,0.000565
2000,Mann,41,0.000593
2000,Mann,42,0.000619
2000,Mann,43,0.000643
2000,Mann,44,0.00067
2000,Mann,45,0.000705
2000,Mann,46,0.000753
2000,Mann,47,0.000813
2000,Mann,48,0.000882
2000,Mann,49,0.000955
2000,Mann,50,0.001028
2000,Mann,51,0.001101
2000,Mann,52,0.001172
2000,Mann,53,0.001245
2000,Mann,54,0.001325
2000,Mann,55,0.001415
2000,Mann,56,0.001511
2000,Mann,57,0.001615
2000,Mann,58,0.001728
2000,Mann,59,0.001861
2000,Mann,60,0.002014
2000,Mann,61,0.00219
2000,Mann,62,0.002387
2000,Mann,63,0.0026
2000,Mann,64,0.00282
2000,Mann,65,0.003041
2000,Mann,66,0.003263
2000,Mann,67,0.003496
2000,Mann,68,0.003749
2000,Mann,69,0.004042
2000,Mann,70,0.004402
2000,Mann,71,0.00485
2000,Mann,72,0.005396
2000,Mann,73,0.006049
2000,Mann,74,0.006828
2000,Mann,75,0.007753
2000,Mann,76,0.008849
2000,Mann,77,0.010152
2000,Mann,78,0.011806
2000,Mann,79,0.013766
2000,Mann,80,0.015778
2000,Mann,81,0.018174
2000,Mann,82,0.02104
2000,Mann,83,0.024474
2000,Mann,84,0.028571
2000,Mann,85,0.033416
2000,Mann,86,0.03911
2000,Mann,87,0.04581
2000,Mann,88,0.053709
2000,Mann,89,0.063042
2000,Mann,90,0.074022
2000,Mann,91,0.086841
2000,Mann,92,0.101608
2000,Mann,93,0.118407
2000,Mann,94,0.13732
2000,Mann,95,0.158342
2000,Mann,96,0.181509
2000,Mann,97,0.207214
2000,Mann,98,0.236051
2000,Mann,99,0.268768
2000,Mann,100,0.30565
2000,Mann,101,0.346695
2000,Mann,102,0.391262
2000,Mann,103,0.439464
2000,Mann,104,0.495588
2000,Mann,105,0.563151
2000,Mann,106,0.614442
2000,Mann,107,0.667013
2000,Mann,108,0.71993
2000,Mann,109,0.771949
2000,Mann,110,0.82155
2000,Mann,111,0.867043
2000,Mann,112,0.906763
2000,Mann,113,0.939354
2000,Mann,114,0.964088
2000,Mann,115,0.981104
2000,Mann,116,0.991448
2000,Mann,117,0.996821
2000,Mann,118,0.9991
2000,Mann,119,0.999836
2000,Mann,120,1.0
2001,Frau,0,0.004354
2001,Frau,1,0.000169
2001,Frau,2,0.00025
2001,Frau,3,8.3e-05
2001,Frau,4,5.5e-05
2001,Frau,5,0.000165
2001,Frau,6,8.2e-05
2001,Frau,7,0.0
2001,Frau,8,8.1e-05
2001,Frau,9,2.7e-05
2001,Frau,10,5.3e-05
2001,Frau,11,7.9e-05
2001,Frau,12,7.8e-05
2001,Frau,13,0.000206
2001,Frau,14,0.000102
2001,Frau,15,0.000127
2001,Frau,16,0.000176
2001,Frau,17,0.000224
2001,Frau,18,9.8e-05
2001,Frau,19,0.000121
2001,Frau,20,0.000357
2001,Frau,21,0.000154
2001,Frau,22,0.000157
2001,Frau,23,0.000149
2001,Frau,24,0.000144
2001,Frau,25,0.000144
2001,Frau,26,0.000147
2001,Frau,27,0.000153
2001,Frau,28,0.000162
2001,Frau,29,0.000172
2001,Frau,30,0.000183
2001,Frau,31,0.000194
2001,Frau,32,0.000205
2001,Frau,33,0.000217
2001,Frau,34,0.000231
2001,Frau,35,0.000244
2001,Frau,36,0.000257
2001,Frau,37,0.000273
2001,Frau,38,0.000291
2001,Frau,39,0.000311
2001,Frau,40,0.000332
2001,Frau,41,0.000354
2001,Frau,42,0.000378
2001,Frau,43,0.000403
2001,Frau,44,0.00043
2001,Frau,45,0.000457
2001,Frau,46,0.000484
2001,Frau,47,0.000511
2001,Frau,48,0.000541
2001,Frau,49,0.000576
2001,Frau,50,0.000616
2001,Frau,51,0.000661
2001,Frau,52,0.000711
2001,Frau,53,0.000764
2001,Frau,54,0.000818
2001,Frau,55,0.000871
2001,Frau,56,0.00092
2001,Frau,57,0.00097
2001,Frau,58,0.001027
2001,Frau,59,0.001096
2001,Frau,60,0.001181
2001,Frau,61,0.001284
2001,Frau,62,0.001403
2001,Frau,63,0.001532
2001,Frau,64,0.001665
2001,Frau,65,0.001801
2001,Frau,66,0.001943
2001,Frau,67,0.002105
2001,Frau,68,0.002295
2001,Frau,69,0.002521
2001,Frau,70,0.002786
2001,Frau,71,0.003095
2001,Frau,72,0.003461
2001,Frau,73,0.003899
2001,Frau,74,0.00442
2001,Frau,75,0.005043
2001,Frau,76,0.005789
2001,Frau,77,0.006686
2001,Frau,78,0.007771
2001,Frau,79,0.009084
2001,Frau,80,0.010683
2001,Frau,81,0.012477
2001,Frau,82,0.014516
2001,Frau,83,0.016958
2001,Frau,84,0.019881
2001,Frau,85,0.023387
2001,Frau,86,0.0276
2001,Frau,87,0.032636
2001,Frau,88,0.038615
2001,Frau,89,0.045649
2001,Frau,90,0.053839
2001,Frau,91,0.063286
2001,Frau,92,0.074085
2001,Frau,93,0.08633
2001,Frau,94,0.100119
2001,Frau,95,0.115564
2001,Frau,96,0.132778
2001,Frau,97,0.151864
2001,Frau,98,0.172945
2001,Frau,99,0.196169
2001,Frau,100,0.221559
2001,Frau,101,0.249204
2001,Frau,102,0.279291
2001,Frau,103,0.312109
2001,Frau,104,0.347924
2001,Frau,105,0.386066
2001,Frau,106,0.426141
2001,Frau,107,0.470565
2001,Frau,108,0.517733
2001,Frau,109,0.56732
2001,Frau,110,0.618915
2001,Frau,111,0.671877
2001,Frau,112,0.725283
2001,Frau,113,0.777898
2001,Frau,114,0.828194
2001,Frau,115,0.874431
2001,Frau,116,0.914837
2001,Frau,117,0.947897
2001,Frau,118,0.972707
2001,Frau,119,0.989341
2001,Frau,120,1.0
2001,Mann,0,0.005418
2001,Mann,1,0.000292
2001,Mann,2,0.000236
2001,Mann,3,0.000131
2001,Mann,4,0.000156
2001,Mann,5,7.7e-05
2001,Mann,6,0.000102
2001,Mann,7,0.000127
2001,Mann,8,0.000101
2001,Mann,9,5e-05
2001,Mann,10,0.000175
2001,Mann,11,7.4e-05
2001,Mann,12,0.0
2001,Mann,13,0.000122
2001,Mann,14,0.000169
2001,Mann,15,9.5e-05
2001,Mann,16,0.000235
2001,Mann,17,0.000234
2001,Mann,18,0.000322
2001,Mann,19,0.000361
2001,Mann,20,0.000445
2001,Mann,21,0.000363
2001,Mann,22,0.000374
2001,Mann,23,0.000372
2001,Mann,24,0.00037
2001,Mann,25,0.000372
2001,Mann,26,0.000381
2001,Mann,27,0.000393
2001,Mann,28,0.000407
2001,Mann,29,0.000419
2001,Mann,30,0.000429
2001,Mann,31,0.000435
2001,Mann,32,0.000436
2001,Mann,33,0.000437
2001,Mann,34,0.00044
2001,Mann,35,0.000448
2001,Mann,36,0.000462
2001,Mann,37,0.000481
2001,Mann,38,0.000504
2001,Mann,39,0.00053
2001,Mann,40,0.000557
2001,Mann,41,0.000584
2001,Mann,42,0.000609
2001,Mann,43,0.000633
2001,Mann,44,0.000659
2001,Mann,45,0.000693
2001,Mann,46,0.00074
2001,Mann,47,0.000798
2001,Mann,48,0.000865
2001,Mann,49,0.000936
2001,Mann,50,0.001008
2001,Mann,51,0.001079
2001,Mann,52,0.001148
2001,Mann,53,0.001219
2001,Mann,54,0.001296
2001,Mann,55,0.001383
2001,Mann,56,0.001477
2001,Mann,57,0.001576
2001,Mann,58,0.001687
2001,Mann,59,0.001815
2001,Mann,60,0.001964
2001,Mann,61,0.002135
2001,Mann,62,0.002326
2001,Mann,63,0.002534
2001,Mann,64,0.002747
2001,Mann,65,0.002962
2001,Mann,66,0.003179
2001,Mann,67,0.003406
2001,Mann,68,0.003655
2001,Mann,69,0.003943
2001,Mann,70,0.004297
2001,Mann,71,0.00474
2001,Mann,72,0.005278
2001,Mann,73,0.005922
2001,Mann,74,0.006692
2001,Mann,75,0.007607
2001,Mann,76,0.008691
2001,Mann,77,0.009981
2001,Mann,78,0.011621
2001,Mann,79,0.013564
2001,Mann,80,0.015552
2001,Mann,81,0.017918
2001,Mann,82,0.020747
2001,Mann,83,0.024137
2001,Mann,84,0.028183
2001,Mann,85,0.032971
2001,Mann,86,0.038603
2001,Mann,87,0.045233
2001,Mann,88,0.053055
2001,Mann,89,0.062304
2001,Mann,90,0.073191
2001,Mann,91,0.085912
2001,Mann,92,0.10058
2001,Mann,93,0.117285
2001,Mann,94,0.136111
2001,Mann,95,0.15706
2001,Mann,96,0.180172
2001,Mann,97,0.205838
2001,Mann,98,0.234646
2001,Mann,99,0.2673
2001,Mann,100,0.304115
2001,Mann,101,0.345156
2001,Mann,102,0.389752
2001,Mann,103,0.438019
2001,Mann,104,0.494225
2001,Mann,105,0.561877
2001,Mann,106,0.61337
2001,Mann,107,0.666168
2001,Mann,108,0.719325
2001,Mann,109,0.771581
2001,Mann,110,0.8214
2001,Mann,111,0.86707
2001,Mann,112,0.906911
2001,Mann,113,0.939562
2001,Mann,114,0.964298
2001,Mann,115,0.981274
2001,Mann,116,0.991559
2001,Mann,117,0.996879
2001,Mann,118,0.999122
2001,Mann,119,0.999841
2001,Mann,120,1.0
2002,Frau,0,0.004366
2002,Frau,1,0.000366
2002,Frau,2,8.4e-05
2002,Frau,3,8.3e-05
2002,Frau,4,5.5e-05
2002,Frau,5,8.2e-05
2002,Frau,6,0.000109
2002,Frau,7,5.4e-05
2002,Frau,8,8e-05
2002,Frau,9,8e-05
2002,Frau,10,7.9e-05
2002,Frau,11,0.000131
2002,Frau,12,7.8e-05
2002,Frau,13,2.6e-05
2002,Frau,14,0.000153
2002,Frau,15,2.5e-05
2002,Frau,16,0.0001
2002,Frau,17,7.4e-05
2002,Frau,18,0.000147
2002,Frau,19,0.000192
2002,Frau,20,0.000182
2002,Frau,21,0.000167
2002,Frau,22,0.000156
2002,Frau,23,0.000148
2002,Frau,24,0.000143
2002,Frau,25,0.000143
2002,Frau,26,0.000146
2002,Frau,27,0.000153
2002,Frau,28,0.000161
2002,Frau,29,0.000171
2002,Frau,30,0.000182
2002,Frau,31,0.000192
2002,Frau,32,0.000203
2002,Frau,33,0.000216
2002,Frau,34,0.000229
2002,Frau,35,0.000242
2002,Frau,36,0.000255
2002,Frau,37,0.000271
2002,Frau,38,0.000289
2002,Frau,39,0.000308
2002,Frau,40,0.000328
2002,Frau,41,0.00035
2002,Frau,42,0.000373
2002,Frau,43,0.000398
2002,Frau,44,0.000424
2002,Frau,45,0.000451
2002,Frau,46,0.000477
2002,Frau,47,0.000503
2002,Frau,48,0.000533
2002,Frau,49,0.000567
2002,Frau,50,0.000606
2002,Frau,51,0.00065
2002,Frau,52,0.000698
2002,Frau,53,0.00075
2002,Frau,54,0.000803
2002,Frau,55,0.000854
2002,Frau,56,0.000901
2002,Frau,57,0.000949
2002,Frau,58,0.001005
2002,Frau,59,0.001072
2002,Frau,60,0.001155
2002,Frau,61,0.001255
2002,Frau,62,0.001371
2002,Frau,63,0.001496
2002,Frau,64,0.001626
2002,Frau,65,0.001759
2002,Frau,66,0.001899
2002,Frau,67,0.002058
2002,Frau,68,0.002245
2002,Frau,69,0.002468
2002,Frau,70,0.002729
2002,Frau,71,0.003034
2002,Frau,72,0.003397
2002,Frau,73,0.003831
2002,Frau,74,0.004347
2002,Frau,75,0.004966
2002,Frau,76,0.005705
2002,Frau,77,0.006596
2002,Frau,78,0.007672
2002,Frau,79,0.008974
2002,Frau,80,0.01056
2002,Frau,81,0.012335
2002,Frau,82,0.01435
2002,Frau,83,0.016763
2002,Frau,84,0.01965
2002,Frau,85,0.023115
2002,Frau,86,0.027278
2002,Frau,87,0.032257
2002,Frau,88,0.038172
2002,Frau,89,0.045137
2002,Frau,90,0.053256
2002,Frau,91,0.062629
2002,Frau,92,0.073354
2002,Frau,93,0.085529
2002,Frau,94,0.099252
2002,Frau,95,0.114635
2002,Frau,96,0.131795
2002,Frau,97,0.150834
2002,Frau,98,0.171837
2002,Frau,99,0.194956
2002,Frau,100,0.220291
2002,Frau,101,0.247894
2002,Frau,102,0.277953
2002,Frau,103,0.31076
2002,Frau,104,0.346581
2002,Frau,105,0.384754
2002,Frau,106,0.424888
2002,Frau,107,0.469388
2002,Frau,108,0.516659
2002,Frau,109,0.566372
2002,Frau,110,0.618115
2002,Frau,111,0.67124
2002,Frau,112,0.724815
2002,Frau,113,0.777597
2002,Frau,114,0.828043
2002,Frau,115,0.874401
2002,Frau,116,0.914887
2002,Frau,117,0.947981
2002,Frau,118,0.972785
2002,Frau,119,0.989385
2002,Frau,120,1.0
2002,Mann,0,0.004824
2002,Mann,1,0.000449
2002,Mann,2,0.000131
2002,Mann,3,0.000157
2002,Mann,4,7.8e-05
2002,Mann,5,0.000103
2002,Mann,6,2.6e-05
2002,Mann,7,5.1e-05
2002,Mann,8,0.000127
2002,Mann,9,7.6e-05
2002,Mann,10,7.5e-05
2002,Mann,11,9.9e-05
2002,Mann,12,9.8e-05
2002,Mann,13,0.000146
2002,Mann,14,0.00012
2002,Mann,15,9.5e-05
2002,Mann,16,9.4e-05
2002,Mann,17,0.000233
2002,Mann,18,0.000456
2002,Mann,19,0.000426
2002,Mann,20,0.000361
2002,Mann,21,0.000373
2002,Mann,22,0.000371
2002,Mann,23,0.000369
2002,Mann,24,0.000368
2002,Mann,25,0.000369
2002,Mann,26,0.000378
2002,Mann,27,0.00039
2002,Mann,28,0.000403
2002,Mann,29,0.000415
2002,Mann,30,0.000425
2002,Mann,31,0.00043
2002,Mann,32,0.000432
2002,Mann,33,0.000433
2002,Mann,34,0.000436
2002,Mann,35,0.000443
2002,Mann,36,0.000456
2002,Mann,37,0.000475
2002,Mann,38,0.000498
2002,Mann,39,0.000523
2002,Mann,40,0.00055
2002,Mann,41,0.000576
2002,Mann,42,0.0006
2002,Mann,43,0.000623
2002,Mann,44,0.000648
2002,Mann,45,0.000681
2002,Mann,46,0.000727
2002,Mann,47,0.000784
2002,Mann,48,0.000849
2002,Mann,49,0.000919
2002,Mann,50,0.000989
2002,Mann,51,0.001057
2002,Mann,52,0.001125
2002,Mann,53,0.001193
2002,Mann,54,0.001268
2002,Mann,55,0.001352
2002,Mann,56,0.001443
2002,Mann,57,0.001539
2002,Mann,58,0.001646
2002,Mann,59,0.001771
2002,Mann,60,0.001916
2002,Mann,61,0.002081
2002,Mann,62,0.002267
2002,Mann,63,0.002469
2002,Mann,64,0.002676
2002,Mann,65,0.002886
2002,Mann,66,0.003097
2002,Mann,67,0.003319
2002,Mann,68,0.003563
2002,Mann,69,0.003847
2002,Mann,70,0.004196
2002,Mann,71,0.004632
2002,Mann,72,0.005163
2002,Mann,73,0.005799
2002,Mann,74,0.00656
2002,Mann,75,0.007464
2002,Mann,76,0.008537
2002,Mann,77,0.009814
2002,Mann,78,0.01144
2002,Mann,79,0.013367
2002,Mann,80,0.01533
2002,Mann,81,0.017666
2002,Mann,82,0.02046
2002,Mann,83,0.023807
2002,Mann,84,0.027802
2002,Mann,85,0.032534
2002,Mann,86,0.038103
2002,Mann,87,0.044664
2002,Mann,88,0.05241
2002,Mann,89,0.061575
2002,Mann,90,0.07237
2002,Mann,91,0.084993
2002,Mann,92,0.099563
2002,Mann,93,0.116173
2002,Mann,94,0.134912
2002,Mann,95,0.155789
2002,Mann,96,0.178846
2002,Mann,97,0.204471
2002,Mann,98,0.233219
2002,Mann,99,0.265798
2002,Mann,100,0.302585
2002,Mann,101,0.343622
2002,Mann,102,0.388245
2002,Mann,103,0.436575
2002,Mann,104,0.49286
2002,Mann,105,0.560598
2002,Mann,106,0.612293
2002,Mann,107,0.665316
2002,Mann,108,0.718712
2002,Mann,109,0.771204
2002,Mann,110,0.821239
2002,Mann,111,0.867086
2002,Mann,112,0.907051
2002,Mann,113,0.939763
2002,Mann,114,0.964501
2002,Mann,115,0.981438
2002,Mann,116,0.991666
2002,Mann,117,0.996934
2002,Mann,118,0.999143
2002,Mann,119,0.999846
2002,Mann,120,1.0
2003,Frau,0,0.003919
2003,Frau,1,0.000566
2003,Frau,2,5.6e-05
2003,Frau,3,0.000112
2003,Frau,4,8.3e-05
2003,Frau,5,0.000165
2003,Frau,6,0.000218
2003,Frau,7,2.7e-05
2003,Frau,8,8.1e-05
2003,Frau,9,0.000107
2003,Frau,10,0.000105
2003,Frau,11,0.000104
2003,Frau,12,5.2e-05
2003,Frau,13,0.000179
2003,Frau,14,5.1e-05
2003,Frau,15,0.000152
2003,Frau,16,0.000176
2003,Frau,17,0.000199
2003,Frau,18,0.000221
2003,Frau,19,0.000281
2003,Frau,20,0.000174
2003,Frau,21,0.000166
2003,Frau,22,0.000156
2003,Frau,23,0.000147
2003,Frau,24,0.000143
2003,Frau,25,0.000142
2003,Frau,26,0.000146
2003,Frau,27,0.000152
2003,Frau,28,0.00016
2003,Frau,29,0.00017
2003,Frau,30,0.00018
2003,Frau,31,0.000191
2003,Frau,32,0.000202
2003,Frau,33,0.000214
2003,Frau,34,0.000227
2003,Frau,35,0.00024
2003,Frau,36,0.000253
2003,Frau,37,0.000268
2003,Frau,38,0.000286
2003,Frau,39,0.000305
2003,Frau,40,0.000325
2003,Frau,41,0.000346
2003,Frau,42,0.000369
2003,Frau,43,0.000393
2003,Frau,44,0.000419
2003,Frau,45,0.000445
2003,Frau,46,0.00047
2003,Frau,47,0.000496
2003,Frau,48,0.000524
2003,Frau,49,0.000557
2003,Frau,50,0.000596
2003,Frau,51,0.000639
2003,Frau,52,0.000686
2003,Frau,53,0.000736
2003,Frau,54,0.000787
2003,Frau,55,0.000836
2003,Frau,56,0.000882
2003,Frau,57,0.000929
2003,Frau,58,0.000983
2003,Frau,59,0.001048
2003,Frau,60,0.001129
2003,Frau,61,0.001226
2003,Frau,62,0.001339
2003,Frau,63,0.001462
2003,Frau,64,0.001588
2003,Frau,65,0.001719
2003,Frau,66,0.001855
2003,Frau,67,0.002011
2003,Frau,68,0.002196
2003,Frau,69,0.002415
2003,Frau,70,0.002673
2003,Frau,71,0.002975
2003,Frau,72,0.003334
2003,Frau,73,0.003764
2003,Frau,74,0.004276
2003,Frau,75,0.00489
2003,Frau,76,0.005624
2003,Frau,77,0.006508
2003,Frau,78,0.007576
2003,Frau,79,0.008867
2003,Frau,80,0.01044
2003,Frau,81,0.012197
2003,Frau,82,0.014187
2003,Frau,83,0.016571
2003,Frau,84,0.019423
2003,Frau,85,0.022847
2003,Frau,86,0.026961
2003,Frau,87,0.031884
2003,Frau,88,0.037736
2003,Frau,89,0.044633
2003,Frau,90,0.052679
2003,Frau,91,0.061979
2003,Frau,92,0.072632
2003,Frau,93,0.084737
2003,Frau,94,0.098394
2003,Frau,95,0.113717
2003,Frau,96,0.130823
2003,Frau,97,0.149791
2003,Frau,98,0.1707
2003,Frau,99,0.193755
2003,Frau,100,0.219035
2003,Frau,101,0.246595
2003,Frau,102,0.276626
2003,Frau,103,0.309421
2003,Frau,104,0.345248
2003,Frau,105,0.383451
2003,Frau,106,0.423643
2003,Frau,107,0.468219
2003,Frau,108,0.51559
2003,Frau,109,0.565428
2003,Frau,110,0.617317
2003,Frau,111,0.670604
2003,Frau,112,0.724348
2003,Frau,113,0.777296
2003,Frau,114,0.827891
2003,Frau,115,0.874368
2003,Frau,116,0.914934
2003,Frau,117,0.948063
2003,Frau,118,0.972862
2003,Frau,119,0.989428
2003,Frau,120,1.0
2003,Mann,0,0.004824
2003,Mann,1,0.000456
2003,Mann,2,0.000213
2003,Mann,3,0.000159
2003,Mann,4,5.3e-05
2003,Mann,5,7.8e-05
2003,Mann,6,7.7e-05
2003,Mann,7,0.000103
2003,Mann,8,5.1e-05
2003,Mann,9,2.5e-05
2003,Mann,10,7.5e-05
2003,Mann,11,5e-05
2003,Mann,12,0.000124
2003,Mann,13,0.000147
2003,Mann,14,4.8e-05
2003,Mann,15,0.000216
2003,Mann,16,0.000262
2003,Mann,17,0.000401
2003,Mann,18,0.00037
2003,Mann,19,0.000402
2003,Mann,20,0.000366
2003,Mann,21,0.00037
2003,Mann,22,0.000369
2003,Mann,23,0.000366
2003,Mann,24,0.000365
2003,Mann,25,0.000367
2003,Mann,26,0.000375
2003,Mann,27,0.000387
2003,Mann,28,0.0004
2003,Mann,29,0.000412
2003,Mann,30,0.000422
2003,Mann,31,0.000426
2003,Mann,32,0.000428
2003,Mann,33,0.000428
2003,Mann,34,0.000431
2003,Mann,35,0.000438
2003,Mann,36,0.000451
2003,Mann,37,0.000469
2003,Mann,38,0.000491
2003,Mann,39,0.000516
2003,Mann,40,0.000542
2003,Mann,41,0.000567
2003,Mann,42,0.000591
2003,Mann,43,0.000613
2003,Mann,44,0.000638
2003,Mann,45,0.00067
2003,Mann,46,0.000714
2003,Mann,47,0.00077
2003,Mann,48,0.000834
2003,Mann,49,0.000902
2003,Mann,50,0.00097
2003,Mann,51,0.001036
2003,Mann,52,0.001102
2003,Mann,53,0.001168
2003,Mann,54,0.00124
2003,Mann,55,0.001322
2003,Mann,56,0.00141
2003,Mann,57,0.001503
2003,Mann,58,0.001607
2003,Mann,59,0.001727
2003,Mann,60,0.001868
2003,Mann,61,0.002029
2003,Mann,62,0.002209
2003,Mann,63,0.002405
2003,Mann,64,0.002607
2003,Mann,65,0.00281
2003,Mann,66,0.003017
2003,Mann,67,0.003234
2003,Mann,68,0.003473
2003,Mann,69,0.003752
2003,Mann,70,0.004096
2003,Mann,71,0.004526
2003,Mann,72,0.005051
2003,Mann,73,0.005679
2003,Mann,74,0.006431
2003,Mann,75,0.007325
2003,Mann,76,0.008387
2003,Mann,77,0.009651
2003,Mann,78,0.011264
2003,Mann,79,0.013174
2003,Mann,80,0.015114
2003,Mann,81,0.017421
2003,Mann,82,0.020178
2003,Mann,83,0.023483
2003,Mann,84,0.027429
2003,Mann,85,0.032104
2003,Mann,86,0.037611
2003,Mann,87,0.044105
2003,Mann,88,0.051775
2003,Mann,89,0.060855
2003,Mann,90,0.071558
2003,Mann,91,0.084085
2003,Mann,92,0.098556
2003,Mann,93,0.115071
2003,Mann,94,0.133724
2003,Mann,95,0.154528
2003,Mann,96,0.177529
2003,Mann,97,0.203097
2003,Mann,98,0.231771
2003,Mann,99,0.264304
2003,Mann,100,0.301061
2003,Mann,101,0.342092
2003,Mann,102,0.386741
2003,Mann,103,0.43513
2003,Mann,104,0.491493
2003,Mann,105,0.559315
2003,Mann,106,0.61121
2003,Mann,107,0.664457
2003,Mann,108,0.71809
2003,Mann,109,0.770819
2003,Mann,110,0.821069
2003,Mann,111,0.867094
2003,Mann,112,0.907182
2003,Mann,113,0.939955
2003,Mann,114,0.964698
2003,Mann,115,0.981597
2003,Mann,116,0.991771
2003,Mann,117,0.996988
2003,Mann,118,0.999163
2003,Mann,119,0.999851
2003,Mann,120,1.0
2004,Frau,0,0.003722
2004,Frau,1,0.000139
2004,Frau,2,0.000138
2004,Frau,3,0.000109
2004,Frau,4,5.4e-05
2004,Frau,5,5.4e-05
2004,Frau,6,2.7e-05
2004,Frau,7,0.000105
2004,Frau,8,0.000105
2004,Frau,9,2.6e-05
2004,Frau,10,5.1e-05
2004,Frau,11,7.6e-05
2004,Frau,12,7.5e-05
2004,Frau,13,0.0001
2004,Frau,14,5e-05
2004,Frau,15,2.5e-05
2004,Frau,16,0.000123
2004,Frau,17,0.000171
2004,Frau,18,0.000153
2004,Frau,19,0.000173
2004,Frau,20,0.000173
2004,Frau,21,0.000165
2004,Frau,22,0.000155
2004,Frau,23,0.000147
2004,Frau,24,0.000142
2004,Frau,25,0.000142
2004,Frau,26,0.000145
2004,Frau,27,0.000151
2004,Frau,28,0.000159
2004,Frau,29,0.000169
2004,Frau,30,0.000179
2004,Frau,31,0.00019
2004,Frau,32,0.000201
2004,Frau,33,0.000213
2004,Frau,34,0.000226
2004,Frau,35,0.000238
2004,Frau,36,0.000251
2004,Frau,37,0.000266
2004,Frau,38,0.000283
2004,Frau,39,0.000302
2004,Frau,40,0.000322
2004,Frau,41,0.000342
2004,Frau,42,0.000365
2004,Frau,43,0.000389
2004,Frau,44,0.000414
2004,Frau,45,0.000439
2004,Frau,46,0.000464
2004,Frau,47,0.000489
2004,Frau,48,0.000516
2004,Frau,49,0.000549
2004,Frau,50,0.000586
2004,Frau,51,0.000628
2004,Frau,52,0.000673
2004,Frau,53,0.000722
2004,Frau,54,0.000772
2004,Frau,55,0.00082
2004,Frau,56,0.000864
2004,Frau,57,0.000909
2004,Frau,58,0.000961
2004,Frau,59,0.001025
2004,Frau,60,0.001103
2004,Frau,61,0.001198
2004,Frau,62,0.001308
2004,Frau,63,0.001427
2004,Frau,64,0.001551
2004,Frau,65,0.001678
2004,Frau,66,0.001812
2004,Frau,67,0.001966
2004,Frau,68,0.002147
2004,Frau,69,0.002364
2004,Frau,70,0.002618
2004,Frau,71,0.002917
2004,Frau,72,0.003273
2004,Frau,73,0.003699
2004,Frau,74,0.004207
2004,Frau,75,0.004815
2004,Frau,76,0.005544
2004,Frau,77,0.006422
2004,Frau,78,0.007482
2004,Frau,79,0.008762
2004,Frau,80,0.010322
2004,Frau,81,0.012062
2004,Frau,82,0.014028
2004,Frau,83,0.016383
2004,Frau,84,0.019201
2004,Frau,85,0.022583
2004,Frau,86,0.02665
2004,Frau,87,0.031517
2004,Frau,88,0.037306
2004,Frau,89,0.044135
2004,Frau,90,0.052111
2004,Frau,91,0.061338
2004,Frau,92,0.071919
2004,Frau,93,0.083954
2004,Frau,94,0.097545
2004,Frau,95,0.112808
2004,Frau,96,0.129851
2004,Frau,97,0.148735
2004,Frau,98,0.169573
2004,Frau,99,0.192564
2004,Frau,100,0.217789
2004,Frau,101,0.245307
2004,Frau,102,0.27531
2004,Frau,103,0.308092
2004,Frau,104,0.343925
2004,Frau,105,0.382158
2004,Frau,106,0.422406
2004,Frau,107,0.467056
2004,Frau,108,0.514527
2004,Frau,109,0.564489
2004,Frau,110,0.616523
2004,Frau,111,0.66997
2004,Frau,112,0.723882
2004,Frau,113,0.776994
2004,Frau,114,0.827737
2004,Frau,115,0.874333
2004,Frau,116,0.914979
2004,Frau,117,0.948143
2004,Frau,118,0.972937
2004,Frau,119,0.989469
2004,Frau,120,1.0
2004,Mann,0,0.004439
2004,Mann,1,0.000423
2004,Mann,2,0.000105
2004,Mann,3,0.000156
2004,Mann,4,2.6e-05
2004,Mann,5,0.000102
2004,Mann,6,7.6e-05
2004,Mann,7,0.000152
2004,Mann,8,5e-05
2004,Mann,9,9.9e-05
2004,Mann,10,4.9e-05
2004,Mann,11,2.4e-05
2004,Mann,12,4.8e-05
2004,Mann,13,7.2e-05
2004,Mann,14,9.5e-05
2004,Mann,15,0.000354
2004,Mann,16,0.000234
2004,Mann,17,0.000162
2004,Mann,18,0.000364
2004,Mann,19,0.000349
2004,Mann,20,0.000364
2004,Mann,21,0.000368
2004,Mann,22,0.000367
2004,Mann,23,0.000364
2004,Mann,24,0.000362
2004,Mann,25,0.000364
2004,Mann,26,0.000372
2004,Mann,27,0.000384
2004,Mann,28,0.000397
2004,Mann,29,0.000408
2004,Mann,30,0.000418
2004,Mann,31,0.000422
2004,Mann,32,0.000424
2004,Mann,33,0.000424
2004,Mann,34,0.000426
2004,Mann,35,0.000433
2004,Mann,36,0.000445
2004,Mann,37,0.000463
2004,Mann,38,0.000485
2004,Mann,39,0.00051
2004,Mann,40,0.000535
2004,Mann,41,0.00056
2004,Mann,42,0.000583
2004,Mann,43,0.000604
2004,Mann,44,0.000628
2004,Mann,45,0.000659
2004,Mann,46,0.000702
2004,Mann,47,0.000757
2004,Mann,48,0.000819
2004,Mann,49,0.000885
2004,Mann,50,0.000951
2004,Mann,51,0.001016
2004,Mann,52,0.001079
2004,Mann,53,0.001143
2004,Mann,54,0.001213
2004,Mann,55,0.001293
2004,Mann,56,0.001377
2004,Mann,57,0.001468
2004,Mann,58,0.001568
2004,Mann,59,0.001685
2004,Mann,60,0.001821
2004,Mann,61,0.001977
2004,Mann,62,0.002152
2004,Mann,63,0.002343
2004,Mann,64,0.002539
2004,Mann,65,0.002737
2004,Mann,66,0.002938
2004,Mann,67,0.003151
2004,Mann,68,0.003385
2004,Mann,69,0.00366
2004,Mann,70,0.003999
2004,Mann,71,0.004423
2004,Mann,72,0.004941
2004,Mann,73,0.005562
2004,Mann,74,0.006305
2004,Mann,75,0.00719
2004,Mann,76,0.00824
2004,Mann,77,0.009492
2004,Mann,78,0.011092
2004,Mann,79,0.012987
2004,Mann,80,0.014902
2004,Mann,81,0.01718
2004,Mann,82,0.019903
2004,Mann,83,0.023165
2004,Mann,84,0.027062
2004,Mann,85,0.031681
2004,Mann,86,0.037127
2004,Mann,87,0.043553
2004,Mann,88,0.051148
2004,Mann,89,0.060145
2004,Mann,90,0.070757
2004,Mann,91,0.083187
2004,Mann,92,0.09756
2004,Mann,93,0.113981
2004,Mann,94,0.132547
2004,Mann,95,0.153278
2004,Mann,96,0.176221
2004,Mann,97,0.201716
2004,Mann,98,0.230331
2004,Mann,99,0.262817
2004,Mann,100,0.299544
2004,Mann,101,0.340566
2004,Mann,102,0.385239
2004,Mann,103,0.433687
2004,Mann,104,0.490125
2004,Mann,105,0.55803
2004,Mann,106,0.610121
2004,Mann,107,0.663592
2004,Mann,108,0.71746
2004,Mann,109,0.770424
2004,Mann,110,0.82089
2004,Mann,111,0.867092
2004,Mann,112,0.907304
2004,Mann,113,0.94014
2004,Mann,114,0.964888
2004,Mann,115,0.981752
2004,Mann,116,0.991872
2004,Mann,117,0.99704
2004,Mann,118,0.999183
2004,Mann,119,0.999855
2004,Mann,120,1.0
2005,Frau,0,0.003537
2005,Frau,1,0.000447
2005,Frau,2,8.3e-05
2005,Frau,3,0.000109
2005,Frau,4,8.1e-05
2005,Frau,5,8.1e-05
2005,Frau,6,0.000107
2005,Frau,7,0.000106
2005,Frau,8,2.6e-05
2005,Frau,9,5.2e-05
2005,Frau,10,2.6e-05
2005,Frau,11,7.6e-05
2005,Frau,12,2.5e-05
2005,Frau,13,7.5e-05
2005,Frau,14,9.9e-05
2005,Frau,15,0.000123
2005,Frau,16,7.3e-05
2005,Frau,17,0.000146
2005,Frau,18,0.000162
2005,Frau,19,0.000172
2005,Frau,20,0.000172
2005,Frau,21,0.000165
2005,Frau,22,0.000155
2005,Frau,23,0.000146
2005,Frau,24,0.000142
2005,Frau,25,0.000141
2005,Frau,26,0.000144
2005,Frau,27,0.00015
2005,Frau,28,0.000159
2005,Frau,29,0.000168
2005,Frau,30,0.000178
2005,Frau,31,0.000189
2005,Frau,32,0.000199
2005,Frau,33,0.000211
2005,Frau,34,0.000224
2005,Frau,35,0.000236
2005,Frau,36,0.000249
2005,Frau,37,0.000264
2005,Frau,38,0.000281
2005,Frau,39,0.000299
2005,Frau,40,0.000318
2005,Frau,41,0.000338
2005,Frau,42,0.00036
2005,Frau,43,0.000384
2005,Frau,44,0.000409
2005,Frau,45,0.000433
2005,Frau,46,0.000457
2005,Frau,47,0.000482
2005,Frau,48,0.000508
2005,Frau,49,0.00054
2005,Frau,50,0.000576
2005,Frau,51,0.000617
2005,Frau,52,0.000661
2005,Frau,53,0.000709
2005,Frau,54,0.000757
2005,Frau,55,0.000803
2005,Frau,56,0.000846
2005,Frau,57,0.00089
2005,Frau,58,0.00094
2005,Frau,59,0.001002
2005,Frau,60,0.001078
2005,Frau,61,0.001171
2005,Frau,62,0.001278
2005,Frau,63,0.001394
2005,Frau,64,0.001515
2005,Frau,65,0.001639
2005,Frau,66,0.00177
2005,Frau,67,0.001921
2005,Frau,68,0.0021
2005,Frau,69,0.002313
2005,Frau,70,0.002565
2005,Frau,71,0.00286
2005,Frau,72,0.003213
2005,Frau,73,0.003635
2005,Frau,74,0.004139
2005,Frau,75,0.004743
2005,Frau,76,0.005467
2005,Frau,77,0.006338
2005,Frau,78,0.00739
2005,Frau,79,0.00866
2005,Frau,80,0.010208
2005,Frau,81,0.011929
2005,Frau,82,0.013873
2005,Frau,83,0.016199
2005,Frau,84,0.018983
2005,Frau,85,0.022325
2005,Frau,86,0.026343
2005,Frau,87,0.031155
2005,Frau,88,0.036883
2005,Frau,89,0.043644
2005,Frau,90,0.051549
2005,Frau,91,0.060704
2005,Frau,92,0.071214
2005,Frau,93,0.08318
2005,Frau,94,0.096706
2005,Frau,95,0.111912
2005,Frau,96,0.12888
2005,Frau,97,0.14769
2005,Frau,98,0.168457
2005,Frau,99,0.191385
2005,Frau,100,0.216555
2005,Frau,101,0.24403
2005,Frau,102,0.274004
2005,Frau,103,0.306774
2005,Frau,104,0.342611
2005,Frau,105,0.380873
2005,Frau,106,0.421177
2005,Frau,107,0.465901
2005,Frau,108,0.51347
2005,Frau,109,0.563555
2005,Frau,110,0.615732
2005,Frau,111,0.669339
2005,Frau,112,0.723417
2005,Frau,113,0.776691
2005,Frau,114,0.827582
2005,Frau,115,0.874296
2005,Frau,116,0.915021
2005,Frau,117,0.948221
2005,Frau,118,0.973009
2005,Frau,119,0.98951
2005,Frau,120,1.0
2005,Mann,0,0.005113
2005,Mann,1,0.000211
2005,Mann,2,0.000182
2005,Mann,3,0.000231
2005,Mann,4,0.000127
2005,Mann,5,0.000127
2005,Mann,6,0.0
2005,Mann,7,7.5e-05
2005,Mann,8,0.000123
2005,Mann,9,7.3e-05
2005,Mann,10,2.4e-05
2005,Mann,11,2.4e-05
2005,Mann,12,0.000119
2005,Mann,13,9.4e-05
2005,Mann,14,9.4e-05
2005,Mann,15,0.000186
2005,Mann,16,0.000207
2005,Mann,17,0.000457
2005,Mann,18,0.000319
2005,Mann,19,0.000348
2005,Mann,20,0.000362
2005,Mann,21,0.000366
2005,Mann,22,0.000364
2005,Mann,23,0.000362
2005,Mann,24,0.00036
2005,Mann,25,0.000362
2005,Mann,26,0.000369
2005,Mann,27,0.000381
2005,Mann,28,0.000394
2005,Mann,29,0.000405
2005,Mann,30,0.000414
2005,Mann,31,0.000419
2005,Mann,32,0.00042
2005,Mann,33,0.00042
2005,Mann,34,0.000422
2005,Mann,35,0.000428
2005,Mann,36,0.000441
2005,Mann,37,0.000458
2005,Mann,38,0.000479
2005,Mann,39,0.000503
2005,Mann,40,0.000528
2005,Mann,41,0.000552
2005,Mann,42,0.000574
2005,Mann,43,0.000595
2005,Mann,44,0.000618
2005,Mann,45,0.000648
2005,Mann,46,0.000691
2005,Mann,47,0.000744
2005,Mann,48,0.000805
2005,Mann,49,0.000869
2005,Mann,50,0.000933
2005,Mann,51,0.000996
2005,Mann,52,0.001057
2005,Mann,53,0.001119
2005,Mann,54,0.001187
2005,Mann,55,0.001264
2005,Mann,56,0.001346
2005,Mann,57,0.001434
2005,Mann,58,0.001531
2005,Mann,59,0.001644
2005,Mann,60,0.001776
2005,Mann,61,0.001927
2005,Mann,62,0.002097
2005,Mann,63,0.002282
2005,Mann,64,0.002473
2005,Mann,65,0.002665
2005,Mann,66,0.002861
2005,Mann,67,0.003069
2005,Mann,68,0.0033
2005,Mann,69,0.00357
2005,Mann,70,0.003905
2005,Mann,71,0.004323
2005,Mann,72,0.004834
2005,Mann,73,0.005447
2005,Mann,74,0.006182
2005,Mann,75,0.007058
2005,Mann,76,0.008098
2005,Mann,77,0.009337
2005,Mann,78,0.010924
2005,Mann,79,0.012803
2005,Mann,80,0.014695
2005,Mann,81,0.016945
2005,Mann,82,0.019633
2005,Mann,83,0.022854
2005,Mann,84,0.026701
2005,Mann,85,0.031266
2005,Mann,86,0.036651
2005,Mann,87,0.04301
2005,Mann,88,0.05053
2005,Mann,89,0.059444
2005,Mann,90,0.069965
2005,Mann,91,0.082299
2005,Mann,92,0.096575
2005,Mann,93,0.112901
2005,Mann,94,0.131381
2005,Mann,95,0.152049
2005,Mann,96,0.174921
2005,Mann,97,0.200346
2005,Mann,98,0.2289
2005,Mann,99,0.261338
2005,Mann,100,0.298033
2005,Mann,101,0.339046
2005,Mann,102,0.38374
2005,Mann,103,0.432244
2005,Mann,104,0.488756
2005,Mann,105,0.55674
2005,Mann,106,0.609028
2005,Mann,107,0.662719
2005,Mann,108,0.716823
2005,Mann,109,0.77002
2005,Mann,110,0.820701
2005,Mann,111,0.867081
2005,Mann,112,0.907418
2005,Mann,113,0.940318
2005,Mann,114,0.965072
2005,Mann,115,0.981902
2005,Mann,116,0.991969
2005,Mann,117,0.99709
2005,Mann,118,0.999202
2005,Mann,119,0.99986
2005,Mann,120,1.0
2006,Frau,0,0.004128
2006,Frau,1,0.00028
2006,Frau,2,0.00011
2006,Frau,3,8.1e-05
2006,Frau,4,5.4e-05
2006,Frau,5,5.3e-05
2006,Frau,6,5.3e-05
2006,Frau,7,0.000156
2006,Frau,8,7.7e-05
2006,Frau,9,0.000102
2006,Frau,10,5.1e-05
2006,Frau,11,5e-05
2006,Frau,12,2.5e-05
2006,Frau,13,0.000149
2006,Frau,14,0.000123
2006,Frau,15,0.000171
2006,Frau,16,0.000112
2006,Frau,17,0.000145
2006,Frau,18,0.000162
2006,Frau,19,0.000172
2006,Frau,20,0.000172
2006,Frau,21,0.000164
2006,Frau,22,0.000154
2006,Frau,23,0.000146
2006,Frau,24,0.000141
2006,Frau,25,0.00014
2006,Frau,26,0.000144
2006,Frau,27,0.00015
2006,Frau,28,0.000158
2006,Frau,29,0.000167
2006,Frau,30,0.000177
2006,Frau,31,0.000187
2006,Frau,32,0.000198
2006,Frau,33,0.00021
2006,Frau,34,0.000222
2006,Frau,35,0.000234
2006,Frau,36,0.000247
2006,Frau,37,0.000261
2006,Frau,38,0.000278
2006,Frau,39,0.000297
2006,Frau,40,0.000315
2006,Frau,41,0.000335
2006,Frau,42,0.000356
2006,Frau,43,0.000379
2006,Frau,44,0.000403
2006,Frau,45,0.000427
2006,Frau,46,0.000451
2006,Frau,47,0.000475
2006,Frau,48,0.000501
2006,Frau,49,0.000531
2006,Frau,50,0.000566
2006,Frau,51,0.000606
2006,Frau,52,0.000649
2006,Frau,53,0.000695
2006,Frau,54,0.000742
2006,Frau,55,0.000787
2006,Frau,56,0.000828
2006,Frau,57,0.000871
2006,Frau,58,0.000919
2006,Frau,59,0.000979
2006,Frau,60,0.001053
2006,Frau,61,0.001143
2006,Frau,62,0.001248
2006,Frau,63,0.001361
2006,Frau,64,0.001479
2006,Frau,65,0.0016
2006,Frau,66,0.001729
2006,Frau,67,0.001877
2006,Frau,68,0.002053
2006,Frau,69,0.002264
2006,Frau,70,0.002512
2006,Frau,71,0.002805
2006,Frau,72,0.003154
2006,Frau,73,0.003572
2006,Frau,74,0.004073
2006,Frau,75,0.004672
2006,Frau,76,0.005391
2006,Frau,77,0.006256
2006,Frau,78,0.0073
2006,Frau,79,0.008561
2006,Frau,80,0.010096
2006,Frau,81,0.0118
2006,Frau,82,0.01372
2006,Frau,83,0.016019
2006,Frau,84,0.018769
2006,Frau,85,0.02207
2006,Frau,86,0.026041
2006,Frau,87,0.030798
2006,Frau,88,0.036465
2006,Frau,89,0.04316
2006,Frau,90,0.050995
2006,Frau,91,0.060079
2006,Frau,92,0.070517
2006,Frau,93,0.082415
2006,Frau,94,0.095889
2006,Frau,95,0.111029
2006,Frau,96,0.12792
2006,Frau,97,0.146654
2006,Frau,98,0.167352
2006,Frau,99,0.190216
2006,Frau,100,0.215332
2006,Frau,101,0.242764
2006,Frau,102,0.27271
2006,Frau,103,0.305466
2006,Frau,104,0.341308
2006,Frau,105,0.379598
2006,Frau,106,0.419957
2006,Frau,107,0.464753
2006,Frau,108,0.512419
2006,Frau,109,0.562625
2006,Frau,110,0.614945
2006,Frau,111,0.668709
2006,Frau,112,0.722953
2006,Frau,113,0.776389
2006,Frau,114,0.827425
2006,Frau,115,0.874257
2006,Frau,116,0.915061
2006,Frau,117,0.948297
2006,Frau,118,0.973081
2006,Frau,119,0.98955
2006,Frau,120,1.0
2006,Mann,0,0.00445
2006,Mann,1,0.00021
2006,Mann,2,0.000233
2006,Mann,3,7.7e-05
2006,Mann,4,7.6e-05
2006,Mann,5,0.000126
2006,Mann,6,0.0001
2006,Mann,7,9.9e-05
2006,Mann,8,2.4e-05
2006,Mann,9,4.8e-05
2006,Mann,10,9.6e-05
2006,Mann,11,9.5e-05
2006,Mann,12,9.4e-05
2006,Mann,13,4.7e-05
2006,Mann,14,0.000139
2006,Mann,15,0.000115
2006,Mann,16,0.000204
2006,Mann,17,0.000276
2006,Mann,18,0.000317
2006,Mann,19,0.000346
2006,Mann,20,0.00036
2006,Mann,21,0.000364
2006,Mann,22,0.000362
2006,Mann,23,0.00036
2006,Mann,24,0.000358
2006,Mann,25,0.000359
2006,Mann,26,0.000367
2006,Mann,27,0.000378
2006,Mann,28,0.000391
2006,Mann,29,0.000402
2006,Mann,30,0.000411
2006,Mann,31,0.000415
2006,Mann,32,0.000416
2006,Mann,33,0.000416
2006,Mann,34,0.000418
2006,Mann,35,0.000424
2006,Mann,36,0.000436
2006,Mann,37,0.000453
2006,Mann,38,0.000474
2006,Mann,39,0.000497
2006,Mann,40,0.000521
2006,Mann,41,0.000545
2006,Mann,42,0.000566
2006,Mann,43,0.000586
2006,Mann,44,0.000609
2006,Mann,45,0.000638
2006,Mann,46,0.000679
2006,Mann,47,0.000731
2006,Mann,48,0.000791
2006,Mann,49,0.000853
2006,Mann,50,0.000916
2006,Mann,51,0.000977
2006,Mann,52,0.001036
2006,Mann,53,0.001096
2006,Mann,54,0.001162
2006,Mann,55,0.001236
2006,Mann,56,0.001315
2006,Mann,57,0.0014
2006,Mann,58,0.001494
2006,Mann,59,0.001603
2006,Mann,60,0.001731
2006,Mann,61,0.001878
2006,Mann,62,0.002043
2006,Mann,63,0.002223
2006,Mann,64,0.002408
2006,Mann,65,0.002595
2006,Mann,66,0.002786
2006,Mann,67,0.00299
2006,Mann,68,0.003216
2006,Mann,69,0.003482
2006,Mann,70,0.003812
2006,Mann,71,0.004225
2006,Mann,72,0.00473
2006,Mann,73,0.005336
2006,Mann,74,0.006063
2006,Mann,75,0.006929
2006,Mann,76,0.007958
2006,Mann,77,0.009186
2006,Mann,78,0.010761
2006,Mann,79,0.012624
2006,Mann,80,0.014493
2006,Mann,81,0.016715
2006,Mann,82,0.019369
2006,Mann,83,0.022548
2006,Mann,84,0.026347
2006,Mann,85,0.030857
2006,Mann,86,0.036183
2006,Mann,87,0.042474
2006,Mann,88,0.049921
2006,Mann,89,0.058753
2006,Mann,90,0.069184
2006,Mann,91,0.081421
2006,Mann,92,0.095599
2006,Mann,93,0.111832
2006,Mann,94,0.130243
2006,Mann,95,0.15084
2006,Mann,96,0.173632
2006,Mann,97,0.198984
2006,Mann,98,0.227478
2006,Mann,99,0.259867
2006,Mann,100,0.296528
2006,Mann,101,0.33753
2006,Mann,102,0.382244
2006,Mann,103,0.430803
2006,Mann,104,0.487386
2006,Mann,105,0.555448
2006,Mann,106,0.60793
2006,Mann,107,0.661841
2006,Mann,108,0.716178
2006,Mann,109,0.769608
2006,Mann,110,0.820504
2006,Mann,111,0.867062
2006,Mann,112,0.907523
2006,Mann,113,0.940488
2006,Mann,114,0.965251
2006,Mann,115,0.982047
2006,Mann,116,0.992064
2006,Mann,117,0.997138
2006,Mann,118,0.99922
2006,Mann,119,0.999864
2006,Mann,120,1.0
2007,Frau,0,0.003552
2007,Frau,1,0.000135
2007,Frau,2,0.000267
2007,Frau,3,5.3e-05
2007,Frau,4,5.2e-05
2007,Frau,5,2.6e-05
2007,Frau,6,7.7e-05
2007,Frau,7,5.1e-05
2007,Frau,8,5e-05
2007,Frau,9,7.5e-05
2007,Frau,10,0.000149
2007,Frau,11,9.9e-05
2007,Frau,12,0.000122
2007,Frau,13,4.9e-05
2007,Frau,14,7.2e-05
2007,Frau,15,7.8e-05
2007,Frau,16,0.000126
2007,Frau,17,0.000145
2007,Frau,18,0.000161
2007,Frau,19,0.000171
2007,Frau,20,0.000171
2007,Frau,21,0.000164
2007,Frau,22,0.000153
2007,Frau,23,0.000145
2007,Frau,24,0.00014
2007,Frau,25,0.00014
2007,Frau,26,0.000143
2007,Frau,27,0.000149
2007,Frau,28,0.000157
2007,Frau,29,0.000166
2007,Frau,30,0.000176
2007,Frau,31,0.000186
2007,Frau,32,0.000197
2007,Frau,33,0.000208
2007,Frau,34,0.000221
2007,Frau,35,0.000233
2007,Frau,36,0.000245
2007,Frau,37,0.000259
2007,Frau,38,0.000276
2007,Frau,39,0.000294
2007,Frau,40,0.000312
2007,Frau,41,0.000331
2007,Frau,42,0.000352
2007,Frau,43,0.000375
2007,Frau,44,0.000398
2007,Frau,45,0.000422
2007,Frau,46,0.000445
2007,Frau,47,0.000468
2007,Frau,48,0.000493
2007,Frau,49,0.000523
2007,Frau,50,0.000557
2007,Frau,51,0.000596
2007,Frau,52,0.000638
2007,Frau,53,0.000682
2007,Frau,54,0.000728
2007,Frau,55,0.000771
2007,Frau,56,0.000811
2007,Frau,57,0.000852
2007,Frau,58,0.000899
2007,Frau,59,0.000957
2007,Frau,60,0.001029
2007,Frau,61,0.001117
2007,Frau,62,0.001218
2007,Frau,63,0.001329
2007,Frau,64,0.001444
2007,Frau,65,0.001562
2007,Frau,66,0.001689
2007,Frau,67,0.001834
2007,Frau,68,0.002008
2007,Frau,69,0.002215
2007,Frau,70,0.002461
2007,Frau,71,0.00275
2007,Frau,72,0.003097
2007,Frau,73,0.003511
2007,Frau,74,0.004008
2007,Frau,75,0.004603
2007,Frau,76,0.005317
2007,Frau,77,0.006176
2007,Frau,78,0.007213
2007,Frau,79,0.008463
2007,Frau,80,0.009986
2007,Frau,81,0.011673
2007,Frau,82,0.013571
2007,Frau,83,0.015842
2007,Frau,84,0.018558
2007,Frau,85,0.021821
2007,Frau,86,0.025744
2007,Frau,87,0.030447
2007,Frau,88,0.036053
2007,Frau,89,0.042682
2007,Frau,90,0.050448
2007,Frau,91,0.059461
2007,Frau,92,0.069829
2007,Frau,93,0.081677
2007,Frau,94,0.095092
2007,Frau,95,0.110155
2007,Frau,96,0.126969
2007,Frau,97,0.14563
2007,Frau,98,0.166258
2007,Frau,99,0.189058
2007,Frau,100,0.21412
2007,Frau,101,0.241509
2007,Frau,102,0.271426
2007,Frau,103,0.304168
2007,Frau,104,0.340014
2007,Frau,105,0.378331
2007,Frau,106,0.418745
2007,Frau,107,0.463612
2007,Frau,108,0.511375
2007,Frau,109,0.561701
2007,Frau,110,0.614162
2007,Frau,111,0.668082
2007,Frau,112,0.722489
2007,Frau,113,0.776086
2007,Frau,114,0.827268
2007,Frau,115,0.874217
2007,Frau,116,0.915099
2007,Frau,117,0.94837
2007,Frau,118,0.97315
2007,Frau,119,0.989589
2007,Frau,120,1.0
2007,Mann,0,0.004185
2007,Mann,1,0.000129
2007,Mann,2,0.000127
2007,Mann,3,0.000151
2007,Mann,4,5e-05
2007,Mann,5,2.5e-05
2007,Mann,6,9.8e-05
2007,Mann,7,2.4e-05
2007,Mann,8,4.8e-05
2007,Mann,9,0.0
2007,Mann,10,7.1e-05
2007,Mann,11,2.3e-05
2007,Mann,12,0.000139
2007,Mann,13,0.000208
2007,Mann,14,6.9e-05
2007,Mann,15,0.000132
2007,Mann,16,0.000224
2007,Mann,17,0.000275
2007,Mann,18,0.000316
2007,Mann,19,0.000344
2007,Mann,20,0.000358
2007,Mann,21,0.000362
2007,Mann,22,0.00036
2007,Mann,23,0.000357
2007,Mann,24,0.000356
2007,Mann,25,0.000357
2007,Mann,26,0.000364
2007,Mann,27,0.000376
2007,Mann,28,0.000388
2007,Mann,29,0.000399
2007,Mann,30,0.000408
2007,Mann,31,0.000412
2007,Mann,32,0.000412
2007,Mann,33,0.000412
2007,Mann,34,0.000414
2007,Mann,35,0.00042
2007,Mann,36,0.000431
2007,Mann,37,0.000448
2007,Mann,38,0.000468
2007,Mann,39,0.000491
2007,Mann,40,0.000514
2007,Mann,41,0.000537
2007,Mann,42,0.000559
2007,Mann,43,0.000578
2007,Mann,44,0.000599
2007,Mann,45,0.000628
2007,Mann,46,0.000668
2007,Mann,47,0.000719
2007,Mann,48,0.000777
2007,Mann,49,0.000838
2007,Mann,50,0.000899
2007,Mann,51,0.000958
2007,Mann,52,0.001015
2007,Mann,53,0.001073
2007,Mann,54,0.001137
2007,Mann,55,0.001209
2007,Mann,56,0.001285
2007,Mann,57,0.001367
2007,Mann,58,0.001458
2007,Mann,59,0.001564
2007,Mann,60,0.001688
2007,Mann,61,0.00183
2007,Mann,62,0.00199
2007,Mann,63,0.002164
2007,Mann,64,0.002344
2007,Mann,65,0.002526
2007,Mann,66,0.002713
2007,Mann,67,0.002912
2007,Mann,68,0.003134
2007,Mann,69,0.003397
2007,Mann,70,0.003722
2007,Mann,71,0.00413
2007,Mann,72,0.004628
2007,Mann,73,0.005227
2007,Mann,74,0.005946
2007,Mann,75,0.006803
2007,Mann,76,0.007822
2007,Mann,77,0.009038
2007,Mann,78,0.010601
2007,Mann,79,0.01245
2007,Mann,80,0.014296
2007,Mann,81,0.01649
2007,Mann,82,0.01911
2007,Mann,83,0.022248
2007,Mann,84,0.026
2007,Mann,85,0.030456
2007,Mann,86,0.035721
2007,Mann,87,0.041947
2007,Mann,88,0.049321
2007,Mann,89,0.05807
2007,Mann,90,0.068411
2007,Mann,91,0.080553
2007,Mann,92,0.094635
2007,Mann,93,0.110794
2007,Mann,94,0.129135
2007,Mann,95,0.149642
2007,Mann,96,0.172352
2007,Mann,97,0.197633
2007,Mann,98,0.226065
2007,Mann,99,0.258404
2007,Mann,100,0.29503
2007,Mann,101,0.336019
2007,Mann,102,0.380752
2007,Mann,103,0.429363
2007,Mann,104,0.486015
2007,Mann,105,0.554154
2007,Mann,106,0.606828
2007,Mann,107,0.660956
2007,Mann,108,0.715525
2007,Mann,109,0.769188
2007,Mann,110,0.820299
2007,Mann,111,0.867034
2007,Mann,112,0.907621
2007,Mann,113,0.940651
2007,Mann,114,0.965423
2007,Mann,115,0.982188
2007,Mann,116,0.992157
2007,Mann,117,0.997185
2007,Mann,118,0.999237
2007,Mann,119,0.999868
2007,Mann,120,1.0
2008,Frau,0,0.004013
2008,Frau,1,0.000267
2008,Frau,2,0.000131
2008,Frau,3,0.000156
2008,Frau,4,5.2e-05
2008,Frau,5,5.1e-05
2008,Frau,6,7.5e-05
2008,Frau,7,0.0
2008,Frau,8,0.0
2008,Frau,9,7.3e-05
2008,Frau,10,4.9e-05
2008,Frau,11,0.0
2008,Frau,12,4.8e-05
2008,Frau,13,7.1e-05
2008,Frau,14,0.000162
2008,Frau,15,0.000108
2008,Frau,16,0.000126
2008,Frau,17,0.000144
2008,Frau,18,0.000161
2008,Frau,19,0.00017
2008,Frau,20,0.00017
2008,Frau,21,0.000163
2008,Frau,22,0.000153
2008,Frau,23,0.000144
2008,Frau,24,0.00014
2008,Frau,25,0.000139
2008,Frau,26,0.000142
2008,Frau,27,0.000148
2008,Frau,28,0.000156
2008,Frau,29,0.000166
2008,Frau,30,0.000175
2008,Frau,31,0.000185
2008,Frau,32,0.000196
2008,Frau,33,0.000207
2008,Frau,34,0.000219
2008,Frau,35,0.000231
2008,Frau,36,0.000243
2008,Frau,37,0.000257
2008,Frau,38,0.000273
2008,Frau,39,0.000291
2008,Frau,40,0.000309
2008,Frau,41,0.000328
2008,Frau,42,0.000349
2008,Frau,43,0.000371
2008,Frau,44,0.000394
2008,Frau,45,0.000416
2008,Frau,46,0.000439
2008,Frau,47,0.000461
2008,Frau,48,0.000486
2008,Frau,49,0.000515
2008,Frau,50,0.000548
2008,Frau,51,0.000585
2008,Frau,52,0.000626
2008,Frau,53,0.00067
2008,Frau,54,0.000714
2008,Frau,55,0.000756
2008,Frau,56,0.000794
2008,Frau,57,0.000834
2008,Frau,58,0.000879
2008,Frau,59,0.000935
2008,Frau,60,0.001005
2008,Frau,61,0.00109
2008,Frau,62,0.001189
2008,Frau,63,0.001297
2008,Frau,64,0.001409
2008,Frau,65,0.001525
2008,Frau,66,0.001649
2008,Frau,67,0.001792
2008,Frau,68,0.001963
2008,Frau,69,0.002168
2008,Frau,70,0.002411
2008,Frau,71,0.002697
2008,Frau,72,0.00304
2008,Frau,73,0.003452
2008,Frau,74,0.003945
2008,Frau,75,0.004536
2008,Frau,76,0.005245
2008,Frau,77,0.006098
2008,Frau,78,0.007127
2008,Frau,79,0.008368
2008,Frau,80,0.009879
2008,Frau,81,0.011549
2008,Frau,82,0.013425
2008,Frau,83,0.015668
2008,Frau,84,0.018352
2008,Frau,85,0.021575
2008,Frau,86,0.025452
2008,Frau,87,0.030101
2008,Frau,88,0.035647
2008,Frau,89,0.042211
2008,Frau,90,0.049907
2008,Frau,91,0.05885
2008,Frau,92,0.06917
2008,Frau,93,0.080965
2008,Frau,94,0.094305
2008,Frau,95,0.109291
2008,Frau,96,0.126029
2008,Frau,97,0.144615
2008,Frau,98,0.165174
2008,Frau,99,0.187912
2008,Frau,100,0.212919
2008,Frau,101,0.240265
2008,Frau,102,0.270153
2008,Frau,103,0.302881
2008,Frau,104,0.338731
2008,Frau,105,0.377075
2008,Frau,106,0.417542
2008,Frau,107,0.462479
2008,Frau,108,0.510337
2008,Frau,109,0.560782
2008,Frau,110,0.613382
2008,Frau,111,0.667458
2008,Frau,112,0.722027
2008,Frau,113,0.775784
2008,Frau,114,0.82711
2008,Frau,115,0.874175
2008,Frau,116,0.915136
2008,Frau,117,0.948442
2008,Frau,118,0.973218
2008,Frau,119,0.989627
2008,Frau,120,1.0
2008,Mann,0,0.004022
2008,Mann,1,0.00015
2008,Mann,2,0.000147
2008,Mann,3,0.000122
2008,Mann,4,0.000169
2008,Mann,5,0.00012
2008,Mann,6,2.4e-05
2008,Mann,7,9.4e-05
2008,Mann,8,7e-05
2008,Mann,9,0.000161
2008,Mann,10,0.000114
2008,Mann,11,4.5e-05
2008,Mann,12,0.000135
2008,Mann,13,6.7e-05
2008,Mann,14,0.000108
2008,Mann,15,0.000172
2008,Mann,16,0.000223
2008,Mann,17,0.000273
2008,Mann,18,0.000314
2008,Mann,19,0.000342
2008,Mann,20,0.000356
2008,Mann,21,0.00036
2008,Mann,22,0.000358
2008,Mann,23,0.000355
2008,Mann,24,0.000353
2008,Mann,25,0.000355
2008,Mann,26,0.000362
2008,Mann,27,0.000373
2008,Mann,28,0.000385
2008,Mann,29,0.000396
2008,Mann,30,0.000405
2008,Mann,31,0.000408
2008,Mann,32,0.000409
2008,Mann,33,0.000408
2008,Mann,34,0.00041
2008,Mann,35,0.000416
2008,Mann,36,0.000427
2008,Mann,37,0.000443
2008,Mann,38,0.000463
2008,Mann,39,0.000485
2008,Mann,40,0.000508
2008,Mann,41,0.000531
2008,Mann,42,0.000551
2008,Mann,43,0.00057
2008,Mann,44,0.000591
2008,Mann,45,0.000618
2008,Mann,46,0.000658
2008,Mann,47,0.000707
2008,Mann,48,0.000763
2008,Mann,49,0.000823
2008,Mann,50,0.000882
2008,Mann,51,0.00094
2008,Mann,52,0.000995
2008,Mann,53,0.001051
2008,Mann,54,0.001112
2008,Mann,55,0.001182
2008,Mann,56,0.001256
2008,Mann,57,0.001335
2008,Mann,58,0.001423
2008,Mann,59,0.001526
2008,Mann,60,0.001646
2008,Mann,61,0.001784
2008,Mann,62,0.001938
2008,Mann,63,0.002107
2008,Mann,64,0.002282
2008,Mann,65,0.002459
2008,Mann,66,0.002641
2008,Mann,67,0.002836
2008,Mann,68,0.003054
2008,Mann,69,0.003313
2008,Mann,70,0.003634
2008,Mann,71,0.004036
2008,Mann,72,0.004529
2008,Mann,73,0.005121
2008,Mann,74,0.005832
2008,Mann,75,0.00668
2008,Mann,76,0.00769
2008,Mann,77,0.008895
2008,Mann,78,0.010445
2008,Mann,79,0.012279
2008,Mann,80,0.014103
2008,Mann,81,0.016269
2008,Mann,82,0.018856
2008,Mann,83,0.021954
2008,Mann,84,0.025659
2008,Mann,85,0.030061
2008,Mann,86,0.035268
2008,Mann,87,0.041428
2008,Mann,88,0.048728
2008,Mann,89,0.057396
2008,Mann,90,0.067648
2008,Mann,91,0.079695
2008,Mann,92,0.093701
2008,Mann,93,0.109789
2008,Mann,94,0.128036
2008,Mann,95,0.148454
2008,Mann,96,0.171082
2008,Mann,97,0.196291
2008,Mann,98,0.224661
2008,Mann,99,0.256948
2008,Mann,100,0.293539
2008,Mann,101,0.334514
2008,Mann,102,0.379263
2008,Mann,103,0.427925
2008,Mann,104,0.484644
2008,Mann,105,0.552856
2008,Mann,106,0.605721
2008,Mann,107,0.660065
2008,Mann,108,0.714866
2008,Mann,109,0.768761
2008,Mann,110,0.820085
2008,Mann,111,0.866998
2008,Mann,112,0.907711
2008,Mann,113,0.940808
2008,Mann,114,0.96559
2008,Mann,115,0.982325
2008,Mann,116,0.992246
2008,Mann,117,0.997231
2008,Mann,118,0.999254
2008,Mann,119,0.999872
2008,Mann,120,1.0
2009,Frau,0,0.003937
2009,Frau,1,0.000208
2009,Frau,2,0.000154
2009,Frau,3,0.000102
2009,Frau,4,0.000101
2009,Frau,5,2.5e-05
2009,Frau,6,0.000173
2009,Frau,7,0.0
2009,Frau,8,9.7e-05
2009,Frau,9,4.8e-05
2009,Frau,10,4.8e-05
2009,Frau,11,7.1e-05
2009,Frau,12,4.7e-05
2009,Frau,13,8.2e-05
2009,Frau,14,8.9e-05
2009,Frau,15,0.000107
2009,Frau,16,0.000126
2009,Frau,17,0.000144
2009,Frau,18,0.00016
2009,Frau,19,0.00017
2009,Frau,20,0.00017
2009,Frau,21,0.000162
2009,Frau,22,0.000152
2009,Frau,23,0.000144
2009,Frau,24,0.000139
2009,Frau,25,0.000139
2009,Frau,26,0.000142
2009,Frau,27,0.000148
2009,Frau,28,0.000155
2009,Frau,29,0.000165
2009,Frau,30,0.000174
2009,Frau,31,0.000184
2009,Frau,32,0.000194
2009,Frau,33,0.000206
2009,Frau,34,0.000218
2009,Frau,35,0.000229
2009,Frau,36,0.000241
2009,Frau,37,0.000255
2009,Frau,38,0.000271
2009,Frau,39,0.000288
2009,Frau,40,0.000306
2009,Frau,41,0.000325
2009,Frau,42,0.000345
2009,Frau,43,0.000366
2009,Frau,44,0.000389
2009,Frau,45,0.000411
2009,Frau,46,0.000433
2009,Frau,47,0.000454
2009,Frau,48,0.000478
2009,Frau,49,0.000506
2009,Frau,50,0.000539
2009,Frau,51,0.000575
2009,Frau,52,0.000615
2009,Frau,53,0.000657
2009,Frau,54,0.0007
2009,Frau,55,0.00074
2009,Frau,56,0.000777
2009,Frau,57,0.000815
2009,Frau,58,0.00086
2009,Frau,59,0.000914
2009,Frau,60,0.000982
2009,Frau,61,0.001065
2009,Frau,62,0.001161
2009,Frau,63,0.001266
2009,Frau,64,0.001375
2009,Frau,65,0.001489
2009,Frau,66,0.00161
2009,Frau,67,0.001751
2009,Frau,68,0.001919
2009,Frau,69,0.002121
2009,Frau,70,0.002361
2009,Frau,71,0.002645
2009,Frau,72,0.002985
2009,Frau,73,0.003394
2009,Frau,74,0.003883
2009,Frau,75,0.00447
2009,Frau,76,0.005174
2009,Frau,77,0.006022
2009,Frau,78,0.007044
2009,Frau,79,0.008276
2009,Frau,80,0.009775
2009,Frau,81,0.011429
2009,Frau,82,0.013282
2009,Frau,83,0.015498
2009,Frau,84,0.018149
2009,Frau,85,0.021334
2009,Frau,86,0.025165
2009,Frau,87,0.029761
2009,Frau,88,0.035247
2009,Frau,89,0.041746
2009,Frau,90,0.049374
2009,Frau,91,0.058268
2009,Frau,92,0.06854
2009,Frau,93,0.080262
2009,Frau,94,0.093527
2009,Frau,95,0.108436
2009,Frau,96,0.125098
2009,Frau,97,0.143611
2009,Frau,98,0.164101
2009,Frau,99,0.186776
2009,Frau,100,0.211728
2009,Frau,101,0.239032
2009,Frau,102,0.26889
2009,Frau,103,0.301605
2009,Frau,104,0.337457
2009,Frau,105,0.375827
2009,Frau,106,0.416347
2009,Frau,107,0.461354
2009,Frau,108,0.509305
2009,Frau,109,0.559868
2009,Frau,110,0.612607
2009,Frau,111,0.666836
2009,Frau,112,0.721567
2009,Frau,113,0.775482
2009,Frau,114,0.826951
2009,Frau,115,0.874132
2009,Frau,116,0.91517
2009,Frau,117,0.948512
2009,Frau,118,0.973285
2009,Frau,119,0.989664
2009,Frau,120,1.0
2009,Mann,0,0.004829
2009,Mann,1,0.000123
2009,Mann,2,0.000242
2009,Mann,3,9.6e-05
2009,Mann,4,9.5e-05
2009,Mann,5,7e-05
2009,Mann,6,9.3e-05
2009,Mann,7,0.000138
2009,Mann,8,6.9e-05
2009,Mann,9,6.8e-05
2009,Mann,10,2.3e-05
2009,Mann,11,0.0
2009,Mann,12,0.000111
2009,Mann,13,4.6e-05
2009,Mann,14,0.000126
2009,Mann,15,0.000171
2009,Mann,16,0.000222
2009,Mann,17,0.000272
2009,Mann,18,0.000313
2009,Mann,19,0.000341
2009,Mann,20,0.000355
2009,Mann,21,0.000358
2009,Mann,22,0.000356
2009,Mann,23,0.000353
2009,Mann,24,0.000351
2009,Mann,25,0.000353
2009,Mann,26,0.00036
2009,Mann,27,0.000371
2009,Mann,28,0.000382
2009,Mann,29,0.000393
2009,Mann,30,0.000402
2009,Mann,31,0.000405
2009,Mann,32,0.000405
2009,Mann,33,0.000405
2009,Mann,34,0.000406
2009,Mann,35,0.000412
2009,Mann,36,0.000422
2009,Mann,37,0.000438
2009,Mann,38,0.000458
2009,Mann,39,0.00048
2009,Mann,40,0.000502
2009,Mann,41,0.000524
2009,Mann,42,0.000544
2009,Mann,43,0.000562
2009,Mann,44,0.000582
2009,Mann,45,0.000609
2009,Mann,46,0.000647
2009,Mann,47,0.000696
2009,Mann,48,0.000751
2009,Mann,49,0.000809
2009,Mann,50,0.000866
2009,Mann,51,0.000922
2009,Mann,52,0.000976
2009,Mann,53,0.00103
2009,Mann,54,0.001089
2009,Mann,55,0.001156
2009,Mann,56,0.001227
2009,Mann,57,0.001304
2009,Mann,58,0.001389
2009,Mann,59,0.001488
2009,Mann,60,0.001604
2009,Mann,61,0.001738
2009,Mann,62,0.001888
2009,Mann,63,0.002052
2009,Mann,64,0.002221
2009,Mann,65,0.002393
2009,Mann,66,0.002571
2009,Mann,67,0.002761
2009,Mann,68,0.002976
2009,Mann,69,0.003231
2009,Mann,70,0.003548
2009,Mann,71,0.003946
2009,Mann,72,0.004432
2009,Mann,73,0.005018
2009,Mann,74,0.005721
2009,Mann,75,0.006561
2009,Mann,76,0.00756
2009,Mann,77,0.008754
2009,Mann,78,0.010292
2009,Mann,79,0.012112
2009,Mann,80,0.013915
2009,Mann,81,0.016054
2009,Mann,82,0.018608
2009,Mann,83,0.021666
2009,Mann,84,0.025324
2009,Mann,85,0.029673
2009,Mann,86,0.034821
2009,Mann,87,0.040916
2009,Mann,88,0.048145
2009,Mann,89,0.056732
2009,Mann,90,0.066895
2009,Mann,91,0.078865
2009,Mann,92,0.092799
2009,Mann,93,0.108794
2009,Mann,94,0.126948
2009,Mann,95,0.147277
2009,Mann,96,0.169823
2009,Mann,97,0.194958
2009,Mann,98,0.223266
2009,Mann,99,0.255501
2009,Mann,100,0.292055
2009,Mann,101,0.333014
2009,Mann,102,0.377778
2009,Mann,103,0.426489
2009,Mann,104,0.483273
2009,Mann,105,0.551557
2009,Mann,106,0.60461
2009,Mann,107,0.659169
2009,Mann,108,0.7142
2009,Mann,109,0.768325
2009,Mann,110,0.819863
2009,Mann,111,0.866954
2009,Mann,112,0.907794
2009,Mann,113,0.940958
2009,Mann,114,0.965752
2009,Mann,115,0.982458
2009,Mann,116,0.992333
2009,Mann,117,0.997275
2009,Mann,118,0.99927
2009,Mann,119,0.999876
2009,Mann,120,1.0
2010,Frau,0,0.003824
2010,Frau,1,7.5e-05
2010,Frau,2,4.9e-05
2010,Frau,3,7.4e-05
2010,Frau,4,9.7e-05
2010,Frau,5,4.8e-05
2010,Frau,6,9.5e-05
2010,Frau,7,7.1e-05
2010,Frau,8,2.3e-05
2010,Frau,9,4.7e-05
2010,Frau,10,7e-05
2010,Frau,11,2.3e-05
2010,Frau,12,9.6e-05
2010,Frau,13,7.1e-05
2010,Frau,14,8.9e-05
2010,Frau,15,0.000107
2010,Frau,16,0.000125
2010,Frau,17,0.000144
2010,Frau,18,0.00016
2010,Frau,19,0.000169
2010,Frau,20,0.000169
2010,Frau,21,0.000162
2010,Frau,22,0.000152
2010,Frau,23,0.000143
2010,Frau,24,0.000139
2010,Frau,25,0.000138
2010,Frau,26,0.000141
2010,Frau,27,0.000147
2010,Frau,28,0.000155
2010,Frau,29,0.000164
2010,Frau,30,0.000174
2010,Frau,31,0.000183
2010,Frau,32,0.000193
2010,Frau,33,0.000204
2010,Frau,34,0.000216
2010,Frau,35,0.000228
2010,Frau,36,0.000239
2010,Frau,37,0.000253
2010,Frau,38,0.000269
2010,Frau,39,0.000286
2010,Frau,40,0.000303
2010,Frau,41,0.000321
2010,Frau,42,0.000341
2010,Frau,43,0.000362
2010,Frau,44,0.000384
2010,Frau,45,0.000406
2010,Frau,46,0.000427
2010,Frau,47,0.000448
2010,Frau,48,0.000471
2010,Frau,49,0.000498
2010,Frau,50,0.00053
2010,Frau,51,0.000565
2010,Frau,52,0.000604
2010,Frau,53,0.000645
2010,Frau,54,0.000686
2010,Frau,55,0.000725
2010,Frau,56,0.000761
2010,Frau,57,0.000798
2010,Frau,58,0.00084
2010,Frau,59,0.000893
2010,Frau,60,0.000959
2010,Frau,61,0.001039
2010,Frau,62,0.001133
2010,Frau,63,0.001235
2010,Frau,64,0.001342
2010,Frau,65,0.001453
2010,Frau,66,0.001572
2010,Frau,67,0.00171
2010,Frau,68,0.001876
2010,Frau,69,0.002076
2010,Frau,70,0.002313
2010,Frau,71,0.002594
2010,Frau,72,0.002932
2010,Frau,73,0.003337
2010,Frau,74,0.003823
2010,Frau,75,0.004406
2010,Frau,76,0.005105
2010,Frau,77,0.005947
2010,Frau,78,0.006963
2010,Frau,79,0.008185
2010,Frau,80,0.009673
2010,Frau,81,0.01131
2010,Frau,82,0.013142
2010,Frau,83,0.015331
2010,Frau,84,0.017951
2010,Frau,85,0.021096
2010,Frau,86,0.024882
2010,Frau,87,0.029426
2010,Frau,88,0.034852
2010,Frau,89,0.041287
2010,Frau,90,0.048866
2010,Frau,91,0.057715
2010,Frau,92,0.067918
2010,Frau,93,0.079568
2010,Frau,94,0.092757
2010,Frau,95,0.107591
2010,Frau,96,0.124177
2010,Frau,97,0.142618
2010,Frau,98,0.163039
2010,Frau,99,0.185651
2010,Frau,100,0.210549
2010,Frau,101,0.23781
2010,Frau,102,0.267639
2010,Frau,103,0.300339
2010,Frau,104,0.336194
2010,Frau,105,0.374589
2010,Frau,106,0.415161
2010,Frau,107,0.460236
2010,Frau,108,0.50828
2010,Frau,109,0.558959
2010,Frau,110,0.611835
2010,Frau,111,0.666217
2010,Frau,112,0.721108
2010,Frau,113,0.77518
2010,Frau,114,0.826792
2010,Frau,115,0.874087
2010,Frau,116,0.915203
2010,Frau,117,0.94858
2010,Frau,118,0.97335
2010,Frau,119,0.989701
2010,Frau,120,1.0
2010,Mann,0,0.003794
2010,Mann,1,0.000241
2010,Mann,2,0.000166
2010,Mann,3,7e-05
2010,Mann,4,7e-05
2010,Mann,5,4.6e-05
2010,Mann,6,2.3e-05
2010,Mann,7,2.3e-05
2010,Mann,8,9e-05
2010,Mann,9,4.5e-05
2010,Mann,10,4.4e-05
2010,Mann,11,4.4e-05
2010,Mann,12,9.9e-05
2010,Mann,13,9.1e-05
2010,Mann,14,0.000126
2010,Mann,15,0.00017
2010,Mann,16,0.000221
2010,Mann,17,0.000271
2010,Mann,18,0.000311
2010,Mann,19,0.000339
2010,Mann,20,0.000353
2010,Mann,21,0.000356
2010,Mann,22,0.000355
2010,Mann,23,0.000351
2010,Mann,24,0.000349
2010,Mann,25,0.00035
2010,Mann,26,0.000358
2010,Mann,27,0.000369
2010,Mann,28,0.00038
2010,Mann,29,0.00039
2010,Mann,30,0.000399
2010,Mann,31,0.000402
2010,Mann,32,0.000402
2010,Mann,33,0.000401
2010,Mann,34,0.000403
2010,Mann,35,0.000408
2010,Mann,36,0.000418
2010,Mann,37,0.000434
2010,Mann,38,0.000453
2010,Mann,39,0.000474
2010,Mann,40,0.000496
2010,Mann,41,0.000517
2010,Mann,42,0.000537
2010,Mann,43,0.000554
2010,Mann,44,0.000574
2010,Mann,45,0.0006
2010,Mann,46,0.000637
2010,Mann,47,0.000684
2010,Mann,48,0.000738
2010,Mann,49,0.000794
2010,Mann,50,0.000851
2010,Mann,51,0.000904
2010,Mann,52,0.000957
2010,Mann,53,0.001009
2010,Mann,54,0.001066
2010,Mann,55,0.001131
2010,Mann,56,0.0012
2010,Mann,57,0.001273
2010,Mann,58,0.001355
2010,Mann,59,0.001451
2010,Mann,60,0.001564
2010,Mann,61,0.001693
2010,Mann,62,0.001838
2010,Mann,63,0.001997
2010,Mann,64,0.002162
2010,Mann,65,0.002329
2010,Mann,66,0.002502
2010,Mann,67,0.002688
2010,Mann,68,0.0029
2010,Mann,69,0.003151
2010,Mann,70,0.003464
2010,Mann,71,0.003857
2010,Mann,72,0.004338
2010,Mann,73,0.004917
2010,Mann,74,0.005613
2010,Mann,75,0.006444
2010,Mann,76,0.007434
2010,Mann,77,0.008617
2010,Mann,78,0.010144
2010,Mann,79,0.01195
2010,Mann,80,0.01373
2010,Mann,81,0.015843
2010,Mann,82,0.018365
2010,Mann,83,0.021384
2010,Mann,84,0.024995
2010,Mann,85,0.029292
2010,Mann,86,0.034382
2010,Mann,87,0.040412
2010,Mann,88,0.047569
2010,Mann,89,0.056076
2010,Mann,90,0.066163
2010,Mann,91,0.078062
2010,Mann,92,0.091907
2010,Mann,93,0.10781
2010,Mann,94,0.125871
2010,Mann,95,0.14611
2010,Mann,96,0.168574
2010,Mann,97,0.193636
2010,Mann,98,0.22188
2010,Mann,99,0.254062
2010,Mann,100,0.290578
2010,Mann,101,0.33152
2010,Mann,102,0.376298
2010,Mann,103,0.425055
2010,Mann,104,0.481902
2010,Mann,105,0.550255
2010,Mann,106,0.603496
2010,Mann,107,0.658268
2010,Mann,108,0.713527
2010,Mann,109,0.767882
2010,Mann,110,0.819633
2010,Mann,111,0.866902
2010,Mann,112,0.907869
2010,Mann,113,0.941101
2010,Mann,114,0.965908
2010,Mann,115,0.982587
2010,Mann,116,0.992417
2010,Mann,117,0.997317
2010,Mann,118,0.999286
2010,Mann,119,0.999879
2010,Mann,120,1.0
2011,Frau,0,0.003545
2011,Frau,1,0.000153
2011,Frau,2,7.5e-05
2011,Frau,3,0.000149
2011,Frau,4,7.4e-05
2011,Frau,5,4.9e-05
2011,Frau,6,0.0
2011,Frau,7,0.00012
2011,Frau,8,9.6e-05
2011,Frau,9,2.4e-05
2011,Frau,10,7.1e-05
2011,Frau,11,2.1e-05
2011,Frau,12,5.4e-05
2011,Frau,13,7e-05
2011,Frau,14,8.8e-05
2011,Frau,15,0.000107
2011,Frau,16,0.000125
2011,Frau,17,0.000143
2011,Frau,18,0.000159
2011,Frau,19,0.000169
2011,Frau,20,0.000169
2011,Frau,21,0.000161
2011,Frau,22,0.000151
2011,Frau,23,0.000143
2011,Frau,24,0.000138
2011,Frau,25,0.000138
2011,Frau,26,0.000141
2011,Frau,27,0.000146
2011,Frau,28,0.000154
2011,Frau,29,0.000163
2011,Frau,30,0.000173
2011,Frau,31,0.000182
2011,Frau,32,0.000192
2011,Frau,33,0.000203
2011,Frau,34,0.000215
2011,Frau,35,0.000226
2011,Frau,36,0.000237
2011,Frau,37,0.000251
2011,Frau,38,0.000266
2011,Frau,39,0.000283
2011,Frau,40,0.0003
2011,Frau,41,0.000318
2011,Frau,42,0.000337
2011,Frau,43,0.000358
2011,Frau,44,0.000379
2011,Frau,45,0.0004
2011,Frau,46,0.000421
2011,Frau,47,0.000442
2011,Frau,48,0.000464
2011,Frau,49,0.000491
2011,Frau,50,0.000521
2011,Frau,51,0.000556
2011,Frau,52,0.000593
2011,Frau,53,0.000633
2011,Frau,54,0.000673
2011,Frau,55,0.000711
2011,Frau,56,0.000745
2011,Frau,57,0.00078
2011,Frau,58,0.000821
2011,Frau,59,0.000872
2011,Frau,60,0.000936
2011,Frau,61,0.001015
2011,Frau,62,0.001106
2011,Frau,63,0.001205
2011,Frau,64,0.001309
2011,Frau,65,0.001417
2011,Frau,66,0.001534
2011,Frau,67,0.00167
2011,Frau,68,0.001834
2011,Frau,69,0.002031
2011,Frau,70,0.002266
2011,Frau,71,0.002544
2011,Frau,72,0.002879
2011,Frau,73,0.003281
2011,Frau,74,0.003764
2011,Frau,75,0.004343
2011,Frau,76,0.005038
2011,Frau,77,0.005875
2011,Frau,78,0.006883
2011,Frau,79,0.008097
2011,Frau,80,0.009573
2011,Frau,81,0.011195
2011,Frau,82,0.013004
2011,Frau,83,0.015167
2011,Frau,84,0.017755
2011,Frau,85,0.020863
2011,Frau,86,0.024604
2011,Frau,87,0.029095
2011,Frau,88,0.034464
2011,Frau,89,0.040848
2011,Frau,90,0.048383
2011,Frau,91,0.057168
2011,Frau,92,0.067303
2011,Frau,93,0.078881
2011,Frau,94,0.091997
2011,Frau,95,0.106755
2011,Frau,96,0.123266
2011,Frau,97,0.141634
2011,Frau,98,0.161987
2011,Frau,99,0.184536
2011,Frau,100,0.209381
2011,Frau,101,0.236599
2011,Frau,102,0.266398
2011,Frau,103,0.299084
2011,Frau,104,0.33494
2011,Frau,105,0.37336
2011,Frau,106,0.413984
2011,Frau,107,0.459126
2011,Frau,108,0.507262
2011,Frau,109,0.558057
2011,Frau,110,0.611068
2011,Frau,111,0.665601
2011,Frau,112,0.720651
2011,Frau,113,0.774879
2011,Frau,114,0.826632
2011,Frau,115,0.874042
2011,Frau,116,0.915234
2011,Frau,117,0.948647
2011,Frau,118,0.973414
2011,Frau,119,0.989736
2011,Frau,120,1.0
2011,Mann,0,0.004138
2011,Mann,1,0.000168
2011,Mann,2,0.000119
2011,Mann,3,0.00014
2011,Mann,4,7e-05
2011,Mann,5,9.2e-05
2011,Mann,6,2.3e-05
2011,Mann,7,0.000113
2011,Mann,8,4.5e-05
2011,Mann,9,6.7e-05
2011,Mann,10,8.9e-05
2011,Mann,11,4.6e-05
2011,Mann,12,6.6e-05
2011,Mann,13,9.1e-05
2011,Mann,14,0.000125
2011,Mann,15,0.00017
2011,Mann,16,0.00022
2011,Mann,17,0.00027
2011,Mann,18,0.00031
2011,Mann,19,0.000337
2011,Mann,20,0.000351
2011,Mann,21,0.000355
2011,Mann,22,0.000353
2011,Mann,23,0.00035
2011,Mann,24,0.000348
2011,Mann,25,0.000348
2011,Mann,26,0.000356
2011,Mann,27,0.000366
2011,Mann,28,0.000377
2011,Mann,29,0.000388
2011,Mann,30,0.000396
2011,Mann,31,0.000399
2011,Mann,32,0.000399
2011,Mann,33,0.000398
2011,Mann,34,0.000399
2011,Mann,35,0.000404
2011,Mann,36,0.000414
2011,Mann,37,0.000429
2011,Mann,38,0.000448
2011,Mann,39,0.000469
2011,Mann,40,0.00049
2011,Mann,41,0.000511
2011,Mann,42,0.00053
2011,Mann,43,0.000547
2011,Mann,44,0.000566
2011,Mann,45,0.000591
2011,Mann,46,0.000627
2011,Mann,47,0.000673
2011,Mann,48,0.000726
2011,Mann,49,0.000781
2011,Mann,50,0.000835
2011,Mann,51,0.000887
2011,Mann,52,0.000938
2011,Mann,53,0.000988
2011,Mann,54,0.001043
2011,Mann,55,0.001106
2011,Mann,56,0.001172
2011,Mann,57,0.001243
2011,Mann,58,0.001322
2011,Mann,59,0.001415
2011,Mann,60,0.001524
2011,Mann,61,0.001649
2011,Mann,62,0.00179
2011,Mann,63,0.001944
2011,Mann,64,0.002103
2011,Mann,65,0.002266
2011,Mann,66,0.002435
2011,Mann,67,0.002617
2011,Mann,68,0.002825
2011,Mann,69,0.003073
2011,Mann,70,0.003382
2011,Mann,71,0.00377
2011,Mann,72,0.004245
2011,Mann,73,0.004818
2011,Mann,74,0.005507
2011,Mann,75,0.00633
2011,Mann,76,0.007311
2011,Mann,77,0.008483
2011,Mann,78,0.009999
2011,Mann,79,0.011791
2011,Mann,80,0.013551
2011,Mann,81,0.015637
2011,Mann,82,0.018126
2011,Mann,83,0.021107
2011,Mann,84,0.024672
2011,Mann,85,0.028917
2011,Mann,86,0.033949
2011,Mann,87,0.039916
2011,Mann,88,0.047002
2011,Mann,89,0.055435
2011,Mann,90,0.065454
2011,Mann,91,0.077268
2011,Mann,92,0.091024
2011,Mann,93,0.106835
2011,Mann,94,0.124803
2011,Mann,95,0.144953
2011,Mann,96,0.167334
2011,Mann,97,0.192323
2011,Mann,98,0.220503
2011,Mann,99,0.252631
2011,Mann,100,0.289108
2011,Mann,101,0.330032
2011,Mann,102,0.374821
2011,Mann,103,0.423623
2011,Mann,104,0.480531
2011,Mann,105,0.548952
2011,Mann,106,0.602378
2011,Mann,107,0.657361
2011,Mann,108,0.712848
2011,Mann,109,0.767432
2011,Mann,110,0.819395
2011,Mann,111,0.866842
2011,Mann,112,0.907937
2011,Mann,113,0.941238
2011,Mann,114,0.966059
2011,Mann,115,0.982713
2011,Mann,116,0.992499
2011,Mann,117,0.997358
2011,Mann,118,0.999301
2011,Mann,119,0.999883
2011,Mann,120,1.0
2012,Frau,0,0.003523
2012,Frau,1,0.000225
2012,Frau,2,4.9e-05
2012,Frau,3,9.8e-05
2012,Frau,4,9.7e-05
2012,Frau,5,0.0
2012,Frau,6,9.5e-05
2012,Frau,7,0.000118
2012,Frau,8,7.1e-05
2012,Frau,9,4.7e-05
2012,Frau,10,6.4e-05
2012,Frau,11,4.2e-05
2012,Frau,12,5.4e-05
2012,Frau,13,7e-05
2012,Frau,14,8.8e-05
2012,Frau,15,0.000106
2012,Frau,16,0.000125
2012,Frau,17,0.000143
2012,Frau,18,0.000159
2012,Frau,19,0.000168
2012,Frau,20,0.000168
2012,Frau,21,0.000161
2012,Frau,22,0.000151
2012,Frau,23,0.000142
2012,Frau,24,0.000138
2012,Frau,25,0.000137
2012,Frau,26,0.00014
2012,Frau,27,0.000146
2012,Frau,28,0.000153
2012,Frau,29,0.000162
2012,Frau,30,0.000172
2012,Frau,31,0.000181
2012,Frau,32,0.000191
2012,Frau,33,0.000202
2012,Frau,34,0.000214
2012,Frau,35,0.000224
2012,Frau,36,0.000236
2012,Frau,37,0.000249
2012,Frau,38,0.000264
2012,Frau,39,0.000281
2012,Frau,40,0.000297
2012,Frau,41,0.000315
2012,Frau,42,0.000334
2012,Frau,43,0.000354
2012,Frau,44,0.000375
2012,Frau,45,0.000395
2012,Frau,46,0.000415
2012,Frau,47,0.000435
2012,Frau,48,0.000457
2012,Frau,49,0.000483
2012,Frau,50,0.000513
2012,Frau,51,0.000546
2012,Frau,52,0.000582
2012,Frau,53,0.000621
2012,Frau,54,0.000659
2012,Frau,55,0.000696
2012,Frau,56,0.000729
2012,Frau,57,0.000763
2012,Frau,58,0.000803
2012,Frau,59,0.000852
2012,Frau,60,0.000914
2012,Frau,61,0.00099
2012,Frau,62,0.001079
2012,Frau,63,0.001175
2012,Frau,64,0.001277
2012,Frau,65,0.001383
2012,Frau,66,0.001497
2012,Frau,67,0.001631
2012,Frau,68,0.001793
2012,Frau,69,0.001988
2012,Frau,70,0.00222
2012,Frau,71,0.002496
2012,Frau,72,0.002827
2012,Frau,73,0.003227
2012,Frau,74,0.003706
2012,Frau,75,0.004282
2012,Frau,76,0.004973
2012,Frau,77,0.005804
2012,Frau,78,0.006806
2012,Frau,79,0.008011
2012,Frau,80,0.009476
2012,Frau,81,0.011082
2012,Frau,82,0.01287
2012,Frau,83,0.015007
2012,Frau,84,0.017564
2012,Frau,85,0.020634
2012,Frau,86,0.02433
2012,Frau,87,0.02877
2012,Frau,88,0.034088
2012,Frau,89,0.040429
2012,Frau,90,0.047906
2012,Frau,91,0.056629
2012,Frau,92,0.066696
2012,Frau,93,0.078203
2012,Frau,94,0.091244
2012,Frau,95,0.105928
2012,Frau,96,0.122364
2012,Frau,97,0.14066
2012,Frau,98,0.160946
2012,Frau,99,0.183433
2012,Frau,100,0.208223
2012,Frau,101,0.235398
2012,Frau,102,0.265168
2012,Frau,103,0.297839
2012,Frau,104,0.333697
2012,Frau,105,0.372141
2012,Frau,106,0.412815
2012,Frau,107,0.458024
2012,Frau,108,0.506251
2012,Frau,109,0.557159
2012,Frau,110,0.610306
2012,Frau,111,0.664988
2012,Frau,112,0.720196
2012,Frau,113,0.774578
2012,Frau,114,0.826472
2012,Frau,115,0.873995
2012,Frau,116,0.915264
2012,Frau,117,0.948712
2012,Frau,118,0.973477
2012,Frau,119,0.989771
2012,Frau,120,1.0
2012,Mann,0,0.003705
2012,Mann,1,0.000281
2012,Mann,2,0.000116
2012,Mann,3,2.3e-05
2012,Mann,4,6.8e-05
2012,Mann,5,9e-05
2012,Mann,6,4.5e-05
2012,Mann,7,0.000134
2012,Mann,8,8.8e-05
2012,Mann,9,0.0
2012,Mann,10,1.9e-05
2012,Mann,11,4.8e-05
2012,Mann,12,6.5e-05
2012,Mann,13,9e-05
2012,Mann,14,0.000124
2012,Mann,15,0.000169
2012,Mann,16,0.000219
2012,Mann,17,0.000268
2012,Mann,18,0.000309
2012,Mann,19,0.000336
2012,Mann,20,0.00035
2012,Mann,21,0.000353
2012,Mann,22,0.000351
2012,Mann,23,0.000348
2012,Mann,24,0.000346
2012,Mann,25,0.000347
2012,Mann,26,0.000353
2012,Mann,27,0.000364
2012,Mann,28,0.000375
2012,Mann,29,0.000385
2012,Mann,30,0.000393
2012,Mann,31,0.000396
2012,Mann,32,0.000396
2012,Mann,33,0.000395
2012,Mann,34,0.000396
2012,Mann,35,0.0004
2012,Mann,36,0.00041
2012,Mann,37,0.000425
2012,Mann,38,0.000444
2012,Mann,39,0.000464
2012,Mann,40,0.000485
2012,Mann,41,0.000505
2012,Mann,42,0.000523
2012,Mann,43,0.00054
2012,Mann,44,0.000558
2012,Mann,45,0.000582
2012,Mann,46,0.000618
2012,Mann,47,0.000663
2012,Mann,48,0.000714
2012,Mann,49,0.000767
2012,Mann,50,0.00082
2012,Mann,51,0.000871
2012,Mann,52,0.00092
2012,Mann,53,0.000968
2012,Mann,54,0.001021
2012,Mann,55,0.001082
2012,Mann,56,0.001146
2012,Mann,57,0.001214
2012,Mann,58,0.00129
2012,Mann,59,0.00138
2012,Mann,60,0.001485
2012,Mann,61,0.001606
2012,Mann,62,0.001743
2012,Mann,63,0.001892
2012,Mann,64,0.002046
2012,Mann,65,0.002204
2012,Mann,66,0.002369
2012,Mann,67,0.002548
2012,Mann,68,0.002752
2012,Mann,69,0.002997
2012,Mann,70,0.003302
2012,Mann,71,0.003685
2012,Mann,72,0.004155
2012,Mann,73,0.004722
2012,Mann,74,0.005404
2012,Mann,75,0.006219
2012,Mann,76,0.007191
2012,Mann,77,0.008353
2012,Mann,78,0.009858
2012,Mann,79,0.011636
2012,Mann,80,0.013375
2012,Mann,81,0.015436
2012,Mann,82,0.017893
2012,Mann,83,0.020835
2012,Mann,84,0.024355
2012,Mann,85,0.028549
2012,Mann,86,0.033524
2012,Mann,87,0.039428
2012,Mann,88,0.046444
2012,Mann,89,0.05481
2012,Mann,90,0.064753
2012,Mann,91,0.076484
2012,Mann,92,0.090152
2012,Mann,93,0.10587
2012,Mann,94,0.123746
2012,Mann,95,0.143806
2012,Mann,96,0.166105
2012,Mann,97,0.19102
2012,Mann,98,0.219135
2012,Mann,99,0.251209
2012,Mann,100,0.287645
2012,Mann,101,0.328549
2012,Mann,102,0.373348
2012,Mann,103,0.422194
2012,Mann,104,0.479161
2012,Mann,105,0.547647
2012,Mann,106,0.601256
2012,Mann,107,0.65645
2012,Mann,108,0.712163
2012,Mann,109,0.766975
2012,Mann,110,0.81915
2012,Mann,111,0.866775
2012,Mann,112,0.907998
2012,Mann,113,0.941369
2012,Mann,114,0.966205
2012,Mann,115,0.982834
2012,Mann,116,0.992578
2012,Mann,117,0.997398
2012,Mann,118,0.999316
2012,Mann,119,0.999886
2012,Mann,120,1.0
2013,Frau,0,0.003535
2013,Frau,1,0.000148
2013,Frau,2,0.000171
2013,Frau,3,0.000146
2013,Frau,4,7.2e-05
2013,Frau,5,4.8e-05
2013,Frau,6,7.2e-05
2013,Frau,7,4.7e-05
2013,Frau,8,4.7e-05
2013,Frau,9,4e-05
2013,Frau,10,3.5e-05
2013,Frau,11,4.2e-05
2013,Frau,12,5.4e-05
2013,Frau,13,7e-05
2013,Frau,14,8.8e-05
2013,Frau,15,0.000106
2013,Frau,16,0.000124
2013,Frau,17,0.000142
2013,Frau,18,0.000158
2013,Frau,19,0.000168
2013,Frau,20,0.000168
2013,Frau,21,0.00016
2013,Frau,22,0.00015
2013,Frau,23,0.000142
2013,Frau,24,0.000137
2013,Frau,25,0.000137
2013,Frau,26,0.000139
2013,Frau,27,0.000145
2013,Frau,28,0.000153
2013,Frau,29,0.000162
2013,Frau,30,0.000171
2013,Frau,31,0.00018
2013,Frau,32,0.00019
2013,Frau,33,0.000201
2013,Frau,34,0.000212
2013,Frau,35,0.000223
2013,Frau,36,0.000234
2013,Frau,37,0.000247
2013,Frau,38,0.000262
2013,Frau,39,0.000278
2013,Frau,40,0.000295
2013,Frau,41,0.000312
2013,Frau,42,0.00033
2013,Frau,43,0.00035
2013,Frau,44,0.00037
2013,Frau,45,0.00039
2013,Frau,46,0.00041
2013,Frau,47,0.000429
2013,Frau,48,0.000451
2013,Frau,49,0.000475
2013,Frau,50,0.000504
2013,Frau,51,0.000537
2013,Frau,52,0.000572
2013,Frau,53,0.000609
2013,Frau,54,0.000646
2013,Frau,55,0.000682
2013,Frau,56,0.000713
2013,Frau,57,0.000746
2013,Frau,58,0.000784
2013,Frau,59,0.000832
2013,Frau,60,0.000892
2013,Frau,61,0.000966
2013,Frau,62,0.001052
2013,Frau,63,0.001146
2013,Frau,64,0.001245
2013,Frau,65,0.001349
2013,Frau,66,0.001461
2013,Frau,67,0.001593
2013,Frau,68,0.001752
2013,Frau,69,0.001945
2013,Frau,70,0.002174
2013,Frau,71,0.002448
2013,Frau,72,0.002777
2013,Frau,73,0.003173
2013,Frau,74,0.00365
2013,Frau,75,0.004222
2013,Frau,76,0.004909
2013,Frau,77,0.005735
2013,Frau,78,0.00673
2013,Frau,79,0.007927
2013,Frau,80,0.009381
2013,Frau,81,0.010971
2013,Frau,82,0.012739
2013,Frau,83,0.01485
2013,Frau,84,0.017376
2013,Frau,85,0.020409
2013,Frau,86,0.024061
2013,Frau,87,0.028451
2013,Frau,88,0.033725
2013,Frau,89,0.040015
2013,Frau,90,0.047436
2013,Frau,91,0.056097
2013,Frau,92,0.066097
2013,Frau,93,0.077533
2013,Frau,94,0.090501
2013,Frau,95,0.10511
2013,Frau,96,0.121473
2013,Frau,97,0.139697
2013,Frau,98,0.159914
2013,Frau,99,0.182339
2013,Frau,100,0.207076
2013,Frau,101,0.234209
2013,Frau,102,0.263949
2013,Frau,103,0.296604
2013,Frau,104,0.332463
2013,Frau,105,0.370932
2013,Frau,106,0.411655
2013,Frau,107,0.456931
2013,Frau,108,0.505247
2013,Frau,109,0.556268
2013,Frau,110,0.609548
2013,Frau,111,0.664379
2013,Frau,112,0.719742
2013,Frau,113,0.774279
2013,Frau,114,0.826311
2013,Frau,115,0.873947
2013,Frau,116,0.915292
2013,Frau,117,0.948775
2013,Frau,118,0.973538
2013,Frau,119,0.989805
2013,Frau,120,1.0
2013,Mann,0,0.004393
2013,Mann,1,0.000256
2013,Mann,2,0.000231
2013,Mann,3,9.1e-05
2013,Mann,4,0.000159
2013,Mann,5,0.000159
2013,Mann,6,9e-05
2013,Mann,7,4.5e-05
2013,Mann,8,4.4e-05
2013,Mann,9,1.9e-05
2013,Mann,10,3.8e-05
2013,Mann,11,4.8e-05
2013,Mann,12,6.5e-05
2013,Mann,13,9e-05
2013,Mann,14,0.000124
2013,Mann,15,0.000168
2013,Mann,16,0.000218
2013,Mann,17,0.000267
2013,Mann,18,0.000307
2013,Mann,19,0.000335
2013,Mann,20,0.000348
2013,Mann,21,0.000351
2013,Mann,22,0.000349
2013,Mann,23,0.000346
2013,Mann,24,0.000344
2013,Mann,25,0.000345
2013,Mann,26,0.000352
2013,Mann,27,0.000362
2013,Mann,28,0.000373
2013,Mann,29,0.000383
2013,Mann,30,0.00039
2013,Mann,31,0.000393
2013,Mann,32,0.000393
2013,Mann,33,0.000392
2013,Mann,34,0.000392
2013,Mann,35,0.000397
2013,Mann,36,0.000407
2013,Mann,37,0.000421
2013,Mann,38,0.000439
2013,Mann,39,0.000459
2013,Mann,40,0.000479
2013,Mann,41,0.000499
2013,Mann,42,0.000517
2013,Mann,43,0.000533
2013,Mann,44,0.00055
2013,Mann,45,0.000574
2013,Mann,46,0.000609
2013,Mann,47,0.000652
2013,Mann,48,0.000702
2013,Mann,49,0.000754
2013,Mann,50,0.000806
2013,Mann,51,0.000855
2013,Mann,52,0.000902
2013,Mann,53,0.000948
2013,Mann,54,0.001
2013,Mann,55,0.001058
2013,Mann,56,0.00112
2013,Mann,57,0.001186
2013,Mann,58,0.001259
2013,Mann,59,0.001346
2013,Mann,60,0.001447
2013,Mann,61,0.001564
2013,Mann,62,0.001696
2013,Mann,63,0.001841
2013,Mann,64,0.00199
2013,Mann,65,0.002144
2013,Mann,66,0.002304
2013,Mann,67,0.002479
2013,Mann,68,0.00268
2013,Mann,69,0.002922
2013,Mann,70,0.003224
2013,Mann,71,0.003603
2013,Mann,72,0.004068
2013,Mann,73,0.004629
2013,Mann,74,0.005303
2013,Mann,75,0.006111
2013,Mann,76,0.007074
2013,Mann,77,0.008226
2013,Mann,78,0.00972
2013,Mann,79,0.011485
2013,Mann,80,0.013203
2013,Mann,81,0.015239
2013,Mann,82,0.017665
2013,Mann,83,0.020569
2013,Mann,84,0.024044
2013,Mann,85,0.028187
2013,Mann,86,0.033105
2013,Mann,87,0.038943
2013,Mann,88,0.045895
2013,Mann,89,0.054194
2013,Mann,90,0.064061
2013,Mann,91,0.07571
2013,Mann,92,0.089289
2013,Mann,93,0.104916
2013,Mann,94,0.122699
2013,Mann,95,0.14267
2013,Mann,96,0.164887
2013,Mann,97,0.189727
2013,Mann,98,0.217776
2013,Mann,99,0.249795
2013,Mann,100,0.28619
2013,Mann,101,0.327072
2013,Mann,102,0.37188
2013,Mann,103,0.420768
2013,Mann,104,0.477792
2013,Mann,105,0.546341
2013,Mann,106,0.600132
2013,Mann,107,0.655534
2013,Mann,108,0.711472
2013,Mann,109,0.766511
2013,Mann,110,0.818898
2013,Mann,111,0.866701
2013,Mann,112,0.908052
2013,Mann,113,0.941494
2013,Mann,114,0.966347
2013,Mann,115,0.982952
2013,Mann,116,0.992655
2013,Mann,117,0.997437
2013,Mann,118,0.99933
2013,Mann,119,0.999889
2013,Mann,120,1.0
2014,Frau,0,0.003185
2014,Frau,1,0.000265
2014,Frau,2,4.8e-05
2014,Frau,3,2.4e-05
2014,Frau,4,0.000164
2014,Frau,5,0.000117
2014,Frau,6,9.3e-05
2014,Frau,7,2.3e-05
2014,Frau,8,2e-05
2014,Frau,9,3.4e-05
2014,Frau,10,3.5e-05
2014,Frau,11,4.1e-05
2014,Frau,12,5.4e-05
2014,Frau,13,7e-05
2014,Frau,14,8.8e-05
2014,Frau,15,0.000106
2014,Frau,16,0.000124
2014,Frau,17,0.000142
2014,Frau,18,0.000158
2014,Frau,19,0.000167
2014,Frau,20,0.000167
2014,Frau,21,0.00016
2014,Frau,22,0.00015
2014,Frau,23,0.000141
2014,Frau,24,0.000137
2014,Frau,25,0.000136
2014,Frau,26,0.000139
2014,Frau,27,0.000145
2014,Frau,28,0.000152
2014,Frau,29,0.000161
2014,Frau,30,0.00017
2014,Frau,31,0.000179
2014,Frau,32,0.000189
2014,Frau,33,0.0002
2014,Frau,34,0.000211
2014,Frau,35,0.000221
2014,Frau,36,0.000232
2014,Frau,37,0.000245
2014,Frau,38,0.00026
2014,Frau,39,0.000276
2014,Frau,40,0.000292
2014,Frau,41,0.000309
2014,Frau,42,0.000327
2014,Frau,43,0.000346
2014,Frau,44,0.000366
2014,Frau,45,0.000386
2014,Frau,46,0.000404
2014,Frau,47,0.000423
2014,Frau,48,0.000444
2014,Frau,49,0.000468
2014,Frau,50,0.000496
2014,Frau,51,0.000527
2014,Frau,52,0.000561
2014,Frau,53,0.000597
2014,Frau,54,0.000634
2014,Frau,55,0.000668
2014,Frau,56,0.000698
2014,Frau,57,0.00073
2014,Frau,58,0.000766
2014,Frau,59,0.000813
2014,Frau,60,0.000871
2014,Frau,61,0.000943
2014,Frau,62,0.001026
2014,Frau,63,0.001117
2014,Frau,64,0.001214
2014,Frau,65,0.001315
2014,Frau,66,0.001426
2014,Frau,67,0.001556
2014,Frau,68,0.001712
2014,Frau,69,0.001903
2014,Frau,70,0.00213
2014,Frau,71,0.002401
2014,Frau,72,0.002728
2014,Frau,73,0.003121
2014,Frau,74,0.003594
2014,Frau,75,0.004163
2014,Frau,76,0.004846
2014,Frau,77,0.005668
2014,Frau,78,0.006657
2014,Frau,79,0.007845
2014,Frau,80,0.009288
2014,Frau,81,0.010863
2014,Frau,82,0.01261
2014,Frau,83,0.014696
2014,Frau,84,0.017191
2014,Frau,85,0.020188
2014,Frau,86,0.023791
2014,Frau,87,0.028138
2014,Frau,88,0.033368
2014,Frau,89,0.039608
2014,Frau,90,0.046972
2014,Frau,91,0.055571
2014,Frau,92,0.065505
2014,Frau,93,0.076871
2014,Frau,94,0.089766
2014,Frau,95,0.104301
2014,Frau,96,0.12059
2014,Frau,97,0.138743
2014,Frau,98,0.158894
2014,Frau,99,0.181257
2014,Frau,100,0.20594
2014,Frau,101,0.23303
2014,Frau,102,0.26274
2014,Frau,103,0.29538
2014,Frau,104,0.33124
2014,Frau,105,0.369732
2014,Frau,106,0.410505
2014,Frau,107,0.455845
2014,Frau,108,0.504249
2014,Frau,109,0.555383
2014,Frau,110,0.608795
2014,Frau,111,0.663773
2014,Frau,112,0.719291
2014,Frau,113,0.77398
2014,Frau,114,0.826151
2014,Frau,115,0.873899
2014,Frau,116,0.91532
2014,Frau,117,0.948837
2014,Frau,118,0.973598
2014,Frau,119,0.989839
2014,Frau,120,1.0
2014,Mann,0,0.004595
2014,Mann,1,0.000114
2014,Mann,2,0.000112
2014,Mann,3,0.000112
2014,Mann,4,0.000155
2014,Mann,5,8.8e-05
2014,Mann,6,0.000131
2014,Mann,7,6.5e-05
2014,Mann,8,2.2e-05
2014,Mann,9,3.7e-05
2014,Mann,10,3.8e-05
2014,Mann,11,4.7e-05
2014,Mann,12,6.4e-05
2014,Mann,13,8.9e-05
2014,Mann,14,0.000123
2014,Mann,15,0.000167
2014,Mann,16,0.000218
2014,Mann,17,0.000266
2014,Mann,18,0.000306
2014,Mann,19,0.000333
2014,Mann,20,0.000347
2014,Mann,21,0.00035
2014,Mann,22,0.000348
2014,Mann,23,0.000345
2014,Mann,24,0.000342
2014,Mann,25,0.000343
2014,Mann,26,0.00035
2014,Mann,27,0.00036
2014,Mann,28,0.000371
2014,Mann,29,0.00038
2014,Mann,30,0.000388
2014,Mann,31,0.000391
2014,Mann,32,0.00039
2014,Mann,33,0.000389
2014,Mann,34,0.000389
2014,Mann,35,0.000394
2014,Mann,36,0.000403
2014,Mann,37,0.000417
2014,Mann,38,0.000435
2014,Mann,39,0.000454
2014,Mann,40,0.000474
2014,Mann,41,0.000493
2014,Mann,42,0.000511
2014,Mann,43,0.000526
2014,Mann,44,0.000543
2014,Mann,45,0.000566
2014,Mann,46,0.0006
2014,Mann,47,0.000642
2014,Mann,48,0.000691
2014,Mann,49,0.000741
2014,Mann,50,0.000791
2014,Mann,51,0.000839
2014,Mann,52,0.000884
2014,Mann,53,0.000929
2014,Mann,54,0.000978
2014,Mann,55,0.001035
2014,Mann,56,0.001094
2014,Mann,57,0.001158
2014,Mann,58,0.001229
2014,Mann,59,0.001312
2014,Mann,60,0.00141
2014,Mann,61,0.001523
2014,Mann,62,0.001651
2014,Mann,63,0.001791
2014,Mann,64,0.001936
2014,Mann,65,0.002085
2014,Mann,66,0.002241
2014,Mann,67,0.002413
2014,Mann,68,0.00261
2014,Mann,69,0.002849
2014,Mann,70,0.003147
2014,Mann,71,0.003522
2014,Mann,72,0.003982
2014,Mann,73,0.004537
2014,Mann,74,0.005205
2014,Mann,75,0.006005
2014,Mann,76,0.00696
2014,Mann,77,0.008102
2014,Mann,78,0.009585
2014,Mann,79,0.011338
2014,Mann,80,0.013035
2014,Mann,81,0.015046
2014,Mann,82,0.017441
2014,Mann,83,0.020307
2014,Mann,84,0.023739
2014,Mann,85,0.027831
2014,Mann,86,0.032686
2014,Mann,87,0.038462
2014,Mann,88,0.045354
2014,Mann,89,0.053586
2014,Mann,90,0.063378
2014,Mann,91,0.074945
2014,Mann,92,0.088436
2014,Mann,93,0.103972
2014,Mann,94,0.121663
2014,Mann,95,0.141544
2014,Mann,96,0.163678
2014,Mann,97,0.188443
2014,Mann,98,0.216427
2014,Mann,99,0.24839
2014,Mann,100,0.284742
2014,Mann,101,0.325602
2014,Mann,102,0.370417
2014,Mann,103,0.419344
2014,Mann,104,0.476423
2014,Mann,105,0.545034
2014,Mann,106,0.599005
2014,Mann,107,0.654614
2014,Mann,108,0.710775
2014,Mann,109,0.76604
2014,Mann,110,0.818639
2014,Mann,111,0.866619
2014,Mann,112,0.908099
2014,Mann,113,0.941613
2014,Mann,114,0.966483
2014,Mann,115,0.983067
2014,Mann,116,0.99273
2014,Mann,117,0.997475
2014,Mann,118,0.999343
2014,Mann,119,0.999892
2014,Mann,120,1.0
2015,Frau,0,0.003556
2015,Frau,1,0.000119
2015,Frau,2,0.000141
2015,Frau,3,4.7e-05
2015,Frau,4,9.3e-05
2015,Frau,5,9.3e-05
2015,Frau,6,0.000115
2015,Frau,7,4.9e-05
2015,Frau,8,4e-05
2015,Frau,9,3.4e-05
2015,Frau,10,3.5e-05
2015,Frau,11,4.1e-05
2015,Frau,12,5.3e-05
2015,Frau,13,7e-05
2015,Frau,14,8.8e-05
2015,Frau,15,0.000106
2015,Frau,16,0.000124
2015,Frau,17,0.000142
2015,Frau,18,0.000157
2015,Frau,19,0.000167
2015,Frau,20,0.000166
2015,Frau,21,0.000159
2015,Frau,22,0.000149
2015,Frau,23,0.000141
2015,Frau,24,0.000136
2015,Frau,25,0.000136
2015,Frau,26,0.000138
2015,Frau,27,0.000144
2015,Frau,28,0.000151
2015,Frau,29,0.00016
2015,Frau,30,0.000169
2015,Frau,31,0.000179
2015,Frau,32,0.000188
2015,Frau,33,0.000198
2015,Frau,34,0.00021
2015,Frau,35,0.00022
2015,Frau,36,0.000231
2015,Frau,37,0.000243
2015,Frau,38,0.000258
2015,Frau,39,0.000273
2015,Frau,40,0.000289
2015,Frau,41,0.000306
2015,Frau,42,0.000323
2015,Frau,43,0.000342
2015,Frau,44,0.000362
2015,Frau,45,0.000381
2015,Frau,46,0.000399
2015,Frau,47,0.000417
2015,Frau,48,0.000437
2015,Frau,49,0.000461
2015,Frau,50,0.000488
2015,Frau,51,0.000518
2015,Frau,52,0.000551
2015,Frau,53,0.000586
2015,Frau,54,0.000621
2015,Frau,55,0.000654
2015,Frau,56,0.000683
2015,Frau,57,0.000713
2015,Frau,58,0.000749
2015,Frau,59,0.000793
2015,Frau,60,0.00085
2015,Frau,61,0.000919
2015,Frau,62,0.001
2015,Frau,63,0.001089
2015,Frau,64,0.001183
2015,Frau,65,0.001282
2015,Frau,66,0.001391
2015,Frau,67,0.001519
2015,Frau,68,0.001673
2015,Frau,69,0.001861
2015,Frau,70,0.002086
2015,Frau,71,0.002355
2015,Frau,72,0.00268
2015,Frau,73,0.00307
2015,Frau,74,0.003541
2015,Frau,75,0.004106
2015,Frau,76,0.004786
2015,Frau,77,0.005602
2015,Frau,78,0.006585
2015,Frau,79,0.007764
2015,Frau,80,0.009197
2015,Frau,81,0.010757
2015,Frau,82,0.012484
2015,Frau,83,0.014545
2015,Frau,84,0.01701
2015,Frau,85,0.01996
2015,Frau,86,0.023521
2015,Frau,87,0.027829
2015,Frau,88,0.033016
2015,Frau,89,0.039206
2015,Frau,90,0.046515
2015,Frau,91,0.055052
2015,Frau,92,0.06492
2015,Frau,93,0.076216
2015,Frau,94,0.08904
2015,Frau,95,0.103501
2015,Frau,96,0.119717
2015,Frau,97,0.137799
2015,Frau,98,0.157883
2015,Frau,99,0.180185
2015,Frau,100,0.204815
2015,Frau,101,0.231862
2015,Frau,102,0.261542
2015,Frau,103,0.294167
2015,Frau,104,0.330027
2015,Frau,105,0.368542
2015,Frau,106,0.409363
2015,Frau,107,0.454767
2015,Frau,108,0.503259
2015,Frau,109,0.554503
2015,Frau,110,0.608046
2015,Frau,111,0.663171
2015,Frau,112,0.718843
2015,Frau,113,0.773683
2015,Frau,114,0.825991
2015,Frau,115,0.87385
2015,Frau,116,0.915346
2015,Frau,117,0.948898
2015,Frau,118,0.973657
2015,Frau,119,0.989871
2015,Frau,120,1.0
2015,Mann,0,0.00418
2015,Mann,1,0.000134
2015,Mann,2,0.000177
2015,Mann,3,0.00011
2015,Mann,4,6.6e-05
2015,Mann,5,2.2e-05
2015,Mann,6,0.000108
2015,Mann,7,2.8e-05
2015,Mann,8,4.3e-05
2015,Mann,9,3.6e-05
2015,Mann,10,3.8e-05
2015,Mann,11,4.7e-05
2015,Mann,12,6.4e-05
2015,Mann,13,8.9e-05
2015,Mann,14,0.000123
2015,Mann,15,0.000167
2015,Mann,16,0.000217
2015,Mann,17,0.000265
2015,Mann,18,0.000305
2015,Mann,19,0.000332
2015,Mann,20,0.000345
2015,Mann,21,0.000348
2015,Mann,22,0.000346
2015,Mann,23,0.000343
2015,Mann,24,0.000341
2015,Mann,25,0.000341
2015,Mann,26,0.000348
2015,Mann,27,0.000358
2015,Mann,28,0.000368
2015,Mann,29,0.000378
2015,Mann,30,0.000385
2015,Mann,31,0.000388
2015,Mann,32,0.000388
2015,Mann,33,0.000386
2015,Mann,34,0.000386
2015,Mann,35,0.00039
2015,Mann,36,0.0004
2015,Mann,37,0.000413
2015,Mann,38,0.000431
2015,Mann,39,0.00045
2015,Mann,40,0.000469
2015,Mann,41,0.000488
2015,Mann,42,0.000505
2015,Mann,43,0.000519
2015,Mann,44,0.000536
2015,Mann,45,0.000558
2015,Mann,46,0.000591
2015,Mann,47,0.000633
2015,Mann,48,0.00068
2015,Mann,49,0.000729
2015,Mann,50,0.000778
2015,Mann,51,0.000823
2015,Mann,52,0.000867
2015,Mann,53,0.000911
2015,Mann,54,0.000958
2015,Mann,55,0.001012
2015,Mann,56,0.001069
2015,Mann,57,0.001131
2015,Mann,58,0.001199
2015,Mann,59,0.001279
2015,Mann,60,0.001374
2015,Mann,61,0.001483
2015,Mann,62,0.001606
2015,Mann,63,0.001741
2015,Mann,64,0.001882
2015,Mann,65,0.002027
2015,Mann,66,0.002179
2015,Mann,67,0.002347
2015,Mann,68,0.002542
2015,Mann,69,0.002778
2015,Mann,70,0.003073
2015,Mann,71,0.003444
2015,Mann,72,0.003898
2015,Mann,73,0.004448
2015,Mann,74,0.00511
2015,Mann,75,0.005902
2015,Mann,76,0.006849
2015,Mann,77,0.007981
2015,Mann,78,0.009454
2015,Mann,79,0.011194
2015,Mann,80,0.012872
2015,Mann,81,0.014857
2015,Mann,82,0.017222
2015,Mann,83,0.020051
2015,Mann,84,0.023439
2015,Mann,85,0.027469
2015,Mann,86,0.032265
2015,Mann,87,0.037989
2015,Mann,88,0.044821
2015,Mann,89,0.052986
2015,Mann,90,0.062703
2015,Mann,91,0.074189
2015,Mann,92,0.087592
2015,Mann,93,0.103037
2015,Mann,94,0.120636
2015,Mann,95,0.140429
2015,Mann,96,0.162479
2015,Mann,97,0.187169
2015,Mann,98,0.215087
2015,Mann,99,0.246993
2015,Mann,100,0.283302
2015,Mann,101,0.324138
2015,Mann,102,0.368958
2015,Mann,103,0.417923
2015,Mann,104,0.475056
2015,Mann,105,0.543726
2015,Mann,106,0.597875
2015,Mann,107,0.653689
2015,Mann,108,0.710073
2015,Mann,109,0.765563
2015,Mann,110,0.818373
2015,Mann,111,0.866531
2015,Mann,112,0.90814
2015,Mann,113,0.941727
2015,Mann,114,0.966615
2015,Mann,115,0.983178
2015,Mann,116,0.992802
2015,Mann,117,0.997511
2015,Mann,118,0.999357
2015,Mann,119,0.999895
2015,Mann,120,1.0
2016,Frau,0,0.003896
2016,Frau,1,0.000302
2016,Frau,2,0.000208
2016,Frau,3,4.6e-05
2016,Frau,4,4.6e-05
2016,Frau,5,6.8e-05
2016,Frau,6,8.1e-05
2016,Frau,7,5.2e-05
2016,Frau,8,4e-05
2016,Frau,9,3.4e-05
2016,Frau,10,3.4e-05
2016,Frau,11,4.1e-05
2016,Frau,12,5.3e-05
2016,Frau,13,6.9e-05
2016,Frau,14,8.7e-05
2016,Frau,15,0.000105
2016,Frau,16,0.000123
2016,Frau,17,0.000141
2016,Frau,18,0.000157
2016,Frau,19,0.000166
2016,Frau,20,0.000166
2016,Frau,21,0.000159
2016,Frau,22,0.000149
2016,Frau,23,0.00014
2016,Frau,24,0.000136
2016,Frau,25,0.000135
2016,Frau,26,0.000138
2016,Frau,27,0.000143
2016,Frau,28,0.000151
2016,Frau,29,0.00016
2016,Frau,30,0.000169
2016,Frau,31,0.000178
2016,Frau,32,0.000187
2016,Frau,33,0.000197
2016,Frau,34,0.000208
2016,Frau,35,0.000219
2016,Frau,36,0.000229
2016,Frau,37,0.000242
2016,Frau,38,0.000256
2016,Frau,39,0.000271
2016,Frau,40,0.000287
2016,Frau,41,0.000303
2016,Frau,42,0.00032
2016,Frau,43,0.000339
2016,Frau,44,0.000358
2016,Frau,45,0.000376
2016,Frau,46,0.000394
2016,Frau,47,0.000412
2016,Frau,48,0.000431
2016,Frau,49,0.000453
2016,Frau,50,0.00048
2016,Frau,51,0.000509
2016,Frau,52,0.000541
2016,Frau,53,0.000575
2016,Frau,54,0.000608
2016,Frau,55,0.00064
2016,Frau,56,0.000668
2016,Frau,57,0.000697
2016,Frau,58,0.000731
2016,Frau,59,0.000775
2016,Frau,60,0.000829
2016,Frau,61,0.000896
2016,Frau,62,0.000975
2016,Frau,63,0.001062
2016,Frau,64,0.001153
2016,Frau,65,0.00125
2016,Frau,66,0.001356
2016,Frau,67,0.001482
2016,Frau,68,0.001635
2016,Frau,69,0.001821
2016,Frau,70,0.002044
2016,Frau,71,0.00231
2016,Frau,72,0.002632
2016,Frau,73,0.003021
2016,Frau,74,0.003488
2016,Frau,75,0.00405
2016,Frau,76,0.004726
2016,Frau,77,0.005538
2016,Frau,78,0.006515
2016,Frau,79,0.007686
2016,Frau,80,0.009109
2016,Frau,81,0.010654
2016,Frau,82,0.012361
2016,Frau,83,0.014397
2016,Frau,84,0.016818
2016,Frau,85,0.019726
2016,Frau,86,0.023254
2016,Frau,87,0.027525
2016,Frau,88,0.032669
2016,Frau,89,0.03881
2016,Frau,90,0.046063
2016,Frau,91,0.05454
2016,Frau,92,0.064343
2016,Frau,93,0.07557
2016,Frau,94,0.088321
2016,Frau,95,0.10271
2016,Frau,96,0.118854
2016,Frau,97,0.136865
2016,Frau,98,0.156882
2016,Frau,99,0.179123
2016,Frau,100,0.2037
2016,Frau,101,0.230705
2016,Frau,102,0.260355
2016,Frau,103,0.292964
2016,Frau,104,0.328824
2016,Frau,105,0.367361
2016,Frau,106,0.40823
2016,Frau,107,0.453697
2016,Frau,108,0.502277
2016,Frau,109,0.55363
2016,Frau,110,0.607303
2016,Frau,111,0.662572
2016,Frau,112,0.718397
2016,Frau,113,0.773387
2016,Frau,114,0.825831
2016,Frau,115,0.8738
2016,Frau,116,0.915371
2016,Frau,117,0.948957
2016,Frau,118,0.973715
2016,Frau,119,0.989903
2016,Frau,120,1.0
2016,Mann,0,0.003429
2016,Mann,1,0.000288
2016,Mann,2,8.8e-05
2016,Mann,3,0.000109
2016,Mann,4,0.000109
2016,Mann,5,2.2e-05
2016,Mann,6,8e-05
2016,Mann,7,5.6e-05
2016,Mann,8,4.3e-05
2016,Mann,9,3.6e-05
2016,Mann,10,3.7e-05
2016,Mann,11,4.7e-05
2016,Mann,12,6.4e-05
2016,Mann,13,8.8e-05
2016,Mann,14,0.000122
2016,Mann,15,0.000166
2016,Mann,16,0.000216
2016,Mann,17,0.000264
2016,Mann,18,0.000304
2016,Mann,19,0.000331
2016,Mann,20,0.000344
2016,Mann,21,0.000347
2016,Mann,22,0.000345
2016,Mann,23,0.000341
2016,Mann,24,0.000339
2016,Mann,25,0.00034
2016,Mann,26,0.000346
2016,Mann,27,0.000356
2016,Mann,28,0.000366
2016,Mann,29,0.000376
2016,Mann,30,0.000383
2016,Mann,31,0.000386
2016,Mann,32,0.000385
2016,Mann,33,0.000383
2016,Mann,34,0.000383
2016,Mann,35,0.000387
2016,Mann,36,0.000396
2016,Mann,37,0.00041
2016,Mann,38,0.000427
2016,Mann,39,0.000445
2016,Mann,40,0.000464
2016,Mann,41,0.000482
2016,Mann,42,0.000499
2016,Mann,43,0.000513
2016,Mann,44,0.000529
2016,Mann,45,0.00055
2016,Mann,46,0.000582
2016,Mann,47,0.000623
2016,Mann,48,0.000669
2016,Mann,49,0.000717
2016,Mann,50,0.000764
2016,Mann,51,0.000808
2016,Mann,52,0.000851
2016,Mann,53,0.000892
2016,Mann,54,0.000938
2016,Mann,55,0.00099
2016,Mann,56,0.001045
2016,Mann,57,0.001104
2016,Mann,58,0.001169
2016,Mann,59,0.001247
2016,Mann,60,0.001338
2016,Mann,61,0.001444
2016,Mann,62,0.001563
2016,Mann,63,0.001693
2016,Mann,64,0.001829
2016,Mann,65,0.00197
2016,Mann,66,0.002119
2016,Mann,67,0.002283
2016,Mann,68,0.002475
2016,Mann,69,0.002708
2016,Mann,70,0.003
2016,Mann,71,0.003367
2016,Mann,72,0.003817
2016,Mann,73,0.004361
2016,Mann,74,0.005016
2016,Mann,75,0.005802
2016,Mann,76,0.00674
2016,Mann,77,0.007863
2016,Mann,78,0.009326
2016,Mann,79,0.011054
2016,Mann,80,0.012712
2016,Mann,81,0.014673
2016,Mann,82,0.017008
2016,Mann,83,0.0198
2016,Mann,84,0.023128
2016,Mann,85,0.027102
2016,Mann,86,0.031851
2016,Mann,87,0.037522
2016,Mann,88,0.044296
2016,Mann,89,0.052394
2016,Mann,90,0.062037
2016,Mann,91,0.073442
2016,Mann,92,0.086759
2016,Mann,93,0.102113
2016,Mann,94,0.11962
2016,Mann,95,0.139323
2016,Mann,96,0.161291
2016,Mann,97,0.185906
2016,Mann,98,0.213757
2016,Mann,99,0.245605
2016,Mann,100,0.281869
2016,Mann,101,0.32268
2016,Mann,102,0.367504
2016,Mann,103,0.416506
2016,Mann,104,0.47369
2016,Mann,105,0.542417
2016,Mann,106,0.596743
2016,Mann,107,0.652761
2016,Mann,108,0.709366
2016,Mann,109,0.76508
2016,Mann,110,0.8181
2016,Mann,111,0.866436
2016,Mann,112,0.908175
2016,Mann,113,0.941835
2016,Mann,114,0.966743
2016,Mann,115,0.983286
2016,Mann,116,0.992873
2016,Mann,117,0.997546
2016,Mann,118,0.999369
2016,Mann,119,0.999898
2016,Mann,120,1.0
2017,Frau,0,0.002962
2017,Frau,1,0.000189
2017,Frau,2,7e-05
2017,Frau,3,4.7e-05
2017,Frau,4,0.000139
2017,Frau,5,0.000162
2017,Frau,6,7.1e-05
2017,Frau,7,5.2e-05
2017,Frau,8,4e-05
2017,Frau,9,3.4e-05
2017,Frau,10,3.4e-05
2017,Frau,11,4.1e-05
2017,Frau,12,5.3e-05
2017,Frau,13,6.9e-05
2017,Frau,14,8.7e-05
2017,Frau,15,0.000105
2017,Frau,16,0.000123
2017,Frau,17,0.000141
2017,Frau,18,0.000156
2017,Frau,19,0.000166
2017,Frau,20,0.000165
2017,Frau,21,0.000158
2017,Frau,22,0.000148
2017,Frau,23,0.00014
2017,Frau,24,0.000135
2017,Frau,25,0.000135
2017,Frau,26,0.000138
2017,Frau,27,0.000143
2017,Frau,28,0.00015
2017,Frau,29,0.000159
2017,Frau,30,0.000168
2017,Frau,31,0.000177
2017,Frau,32,0.000186
2017,Frau,33,0.000196
2017,Frau,34,0.000207
2017,Frau,35,0.000217
2017,Frau,36,0.000228
2017,Frau,37,0.00024
2017,Frau,38,0.000254
2017,Frau,39,0.000269
2017,Frau,40,0.000284
2017,Frau,41,0.0003
2017,Frau,42,0.000317
2017,Frau,43,0.000335
2017,Frau,44,0.000353
2017,Frau,45,0.000371
2017,Frau,46,0.000389
2017,Frau,47,0.000406
2017,Frau,48,0.000424
2017,Frau,49,0.000446
2017,Frau,50,0.000472
2017,Frau,51,0.0005
2017,Frau,52,0.000531
2017,Frau,53,0.000564
2017,Frau,54,0.000596
2017,Frau,55,0.000627
2017,Frau,56,0.000654
2017,Frau,57,0.000681
2017,Frau,58,0.000714
2017,Frau,59,0.000756
2017,Frau,60,0.000809
2017,Frau,61,0.000874
2017,Frau,62,0.00095
2017,Frau,63,0.001034
2017,Frau,64,0.001123
2017,Frau,65,0.001218
2017,Frau,66,0.001323
2017,Frau,67,0.001447
2017,Frau,68,0.001598
2017,Frau,69,0.001781
2017,Frau,70,0.002002
2017,Frau,71,0.002266
2017,Frau,72,0.002586
2017,Frau,73,0.002972
2017,Frau,74,0.003437
2017,Frau,75,0.003996
2017,Frau,76,0.004668
2017,Frau,77,0.005476
2017,Frau,78,0.006446
2017,Frau,79,0.00761
2017,Frau,80,0.009022
2017,Frau,81,0.010553
2017,Frau,82,0.01224
2017,Frau,83,0.014234
2017,Frau,84,0.016615
2017,Frau,85,0.019496
2017,Frau,86,0.022992
2017,Frau,87,0.027226
2017,Frau,88,0.032327
2017,Frau,89,0.038419
2017,Frau,90,0.045618
2017,Frau,91,0.054035
2017,Frau,92,0.063772
2017,Frau,93,0.074931
2017,Frau,94,0.087611
2017,Frau,95,0.101928
2017,Frau,96,0.117999
2017,Frau,97,0.135941
2017,Frau,98,0.155892
2017,Frau,99,0.178072
2017,Frau,100,0.202596
2017,Frau,101,0.229558
2017,Frau,102,0.259179
2017,Frau,103,0.291771
2017,Frau,104,0.327632
2017,Frau,105,0.36619
2017,Frau,106,0.407107
2017,Frau,107,0.452636
2017,Frau,108,0.501301
2017,Frau,109,0.552763
2017,Frau,110,0.606564
2017,Frau,111,0.661977
2017,Frau,112,0.717953
2017,Frau,113,0.773093
2017,Frau,114,0.825672
2017,Frau,115,0.87375
2017,Frau,116,0.915395
2017,Frau,117,0.949016
2017,Frau,118,0.973772
2017,Frau,119,0.989935
2017,Frau,120,1.0
2017,Mann,0,0.00406
2017,Mann,1,0.000201
2017,Mann,2,8.9e-05
2017,Mann,3,0.000132
2017,Mann,4,0.000132
2017,Mann,5,0.000155
2017,Mann,6,7.3e-05
2017,Mann,7,5.6e-05
2017,Mann,8,4.2e-05
2017,Mann,9,3.5e-05
2017,Mann,10,3.7e-05
2017,Mann,11,4.6e-05
2017,Mann,12,6.3e-05
2017,Mann,13,8.8e-05
2017,Mann,14,0.000122
2017,Mann,15,0.000166
2017,Mann,16,0.000215
2017,Mann,17,0.000264
2017,Mann,18,0.000303
2017,Mann,19,0.00033
2017,Mann,20,0.000343
2017,Mann,21,0.000346
2017,Mann,22,0.000343
2017,Mann,23,0.00034
2017,Mann,24,0.000338
2017,Mann,25,0.000338
2017,Mann,26,0.000344
2017,Mann,27,0.000354
2017,Mann,28,0.000364
2017,Mann,29,0.000374
2017,Mann,30,0.000381
2017,Mann,31,0.000383
2017,Mann,32,0.000382
2017,Mann,33,0.000381
2017,Mann,34,0.00038
2017,Mann,35,0.000384
2017,Mann,36,0.000393
2017,Mann,37,0.000406
2017,Mann,38,0.000423
2017,Mann,39,0.000441
2017,Mann,40,0.000459
2017,Mann,41,0.000477
2017,Mann,42,0.000493
2017,Mann,43,0.000507
2017,Mann,44,0.000522
2017,Mann,45,0.000543
2017,Mann,46,0.000574
2017,Mann,47,0.000614
2017,Mann,48,0.000658
2017,Mann,49,0.000705
2017,Mann,50,0.000751
2017,Mann,51,0.000794
2017,Mann,52,0.000834
2017,Mann,53,0.000874
2017,Mann,54,0.000918
2017,Mann,55,0.000968
2017,Mann,56,0.001021
2017,Mann,57,0.001078
2017,Mann,58,0.001141
2017,Mann,59,0.001215
2017,Mann,60,0.001303
2017,Mann,61,0.001405
2017,Mann,62,0.00152
2017,Mann,63,0.001646
2017,Mann,64,0.001778
2017,Mann,65,0.001914
2017,Mann,66,0.002059
2017,Mann,67,0.002221
2017,Mann,68,0.00241
2017,Mann,69,0.00264
2017,Mann,70,0.002929
2017,Mann,71,0.003292
2017,Mann,72,0.003737
2017,Mann,73,0.004276
2017,Mann,74,0.004925
2017,Mann,75,0.005704
2017,Mann,76,0.006635
2017,Mann,77,0.007748
2017,Mann,78,0.009201
2017,Mann,79,0.010917
2017,Mann,80,0.012555
2017,Mann,81,0.014493
2017,Mann,82,0.016798
2017,Mann,83,0.019534
2017,Mann,84,0.022807
2017,Mann,85,0.02674
2017,Mann,86,0.031444
2017,Mann,87,0.037063
2017,Mann,88,0.043778
2017,Mann,89,0.05181
2017,Mann,90,0.06138
2017,Mann,91,0.072704
2017,Mann,92,0.085934
2017,Mann,93,0.101198
2017,Mann,94,0.118614
2017,Mann,95,0.138228
2017,Mann,96,0.160112
2017,Mann,97,0.184652
2017,Mann,98,0.212436
2017,Mann,99,0.244226
2017,Mann,100,0.280445
2017,Mann,101,0.321229
2017,Mann,102,0.366056
2017,Mann,103,0.415092
2017,Mann,104,0.472326
2017,Mann,105,0.541108
2017,Mann,106,0.595608
2017,Mann,107,0.651829
2017,Mann,108,0.708653
2017,Mann,109,0.764591
2017,Mann,110,0.817821
2017,Mann,111,0.866335
2017,Mann,112,0.908204
2017,Mann,113,0.941938
2017,Mann,114,0.966866
2017,Mann,115,0.983391
2017,Mann,116,0.992941
2017,Mann,117,0.99758
2017,Mann,118,0.999381
2017,Mann,119,0.9999
2017,Mann,120,1.0
2018,Frau,0,0.003147
2018,Frau,1,0.000211
2018,Frau,2,9.3e-05
2018,Frau,3,0.000116
2018,Frau,4,0.000129
2018,Frau,5,9.4e-05
2018,Frau,6,7.1e-05
2018,Frau,7,5.2e-05
2018,Frau,8,3.9e-05
2018,Frau,9,3.4e-05
2018,Frau,10,3.4e-05
2018,Frau,11,4.1e-05
2018,Frau,12,5.3e-05
2018,Frau,13,6.9e-05
2018,Frau,14,8.7e-05
2018,Frau,15,0.000105
2018,Frau,16,0.000123
2018,Frau,17,0.00014
2018,Frau,18,0.000156
2018,Frau,19,0.000165
2018,Frau,20,0.000165
2018,Frau,21,0.000158
2018,Frau,22,0.000148
2018,Frau,23,0.00014
2018,Frau,24,0.000135
2018,Frau,25,0.000134
2018,Frau,26,0.000137
2018,Frau,27,0.000142
2018,Frau,28,0.00015
2018,Frau,29,0.000158
2018,Frau,30,0.000167
2018,Frau,31,0.000176
2018,Frau,32,0.000185
2018,Frau,33,0.000195
2018,Frau,34,0.000206
2018,Frau,35,0.000216
2018,Frau,36,0.000226
2018,Frau,37,0.000238
2018,Frau,38,0.000252
2018,Frau,39,0.000267
2018,Frau,40,0.000281
2018,Frau,41,0.000297
2018,Frau,42,0.000314
2018,Frau,43,0.000331
2018,Frau,44,0.000349
2018,Frau,45,0.000367
2018,Frau,46,0.000384
2018,Frau,47,0.0004
2018,Frau,48,0.000418
2018,Frau,49,0.000439
2018,Frau,50,0.000464
2018,Frau,51,0.000492
2018,Frau,52,0.000522
2018,Frau,53,0.000553
2018,Frau,54,0.000584
2018,Frau,55,0.000613
2018,Frau,56,0.000639
2018,Frau,57,0.000666
2018,Frau,58,0.000697
2018,Frau,59,0.000738
2018,Frau,60,0.000789
2018,Frau,61,0.000852
2018,Frau,62,0.000926
2018,Frau,63,0.001008
2018,Frau,64,0.001094
2018,Frau,65,0.001187
2018,Frau,66,0.00129
2018,Frau,67,0.001412
2018,Frau,68,0.001561
2018,Frau,69,0.001742
2018,Frau,70,0.001961
2018,Frau,71,0.002223
2018,Frau,72,0.002541
2018,Frau,73,0.002924
2018,Frau,74,0.003387
2018,Frau,75,0.003943
2018,Frau,76,0.004611
2018,Frau,77,0.005415
2018,Frau,78,0.006379
2018,Frau,79,0.007536
2018,Frau,80,0.008938
2018,Frau,81,0.010455
2018,Frau,82,0.012103
2018,Frau,83,0.014058
2018,Frau,84,0.016415
2018,Frau,85,0.019269
2018,Frau,86,0.022734
2018,Frau,87,0.026932
2018,Frau,88,0.03199
2018,Frau,89,0.038033
2018,Frau,90,0.045179
2018,Frau,91,0.053536
2018,Frau,92,0.063209
2018,Frau,93,0.0743
2018,Frau,94,0.08691
2018,Frau,95,0.101154
2018,Frau,96,0.117154
2018,Frau,97,0.135026
2018,Frau,98,0.154912
2018,Frau,99,0.177031
2018,Frau,100,0.201502
2018,Frau,101,0.228422
2018,Frau,102,0.258013
2018,Frau,103,0.290589
2018,Frau,104,0.326449
2018,Frau,105,0.365029
2018,Frau,106,0.405992
2018,Frau,107,0.451584
2018,Frau,108,0.500333
2018,Frau,109,0.551903
2018,Frau,110,0.605831
2018,Frau,111,0.661387
2018,Frau,112,0.717512
2018,Frau,113,0.7728
2018,Frau,114,0.825513
2018,Frau,115,0.8737
2018,Frau,116,0.915418
2018,Frau,117,0.949073
2018,Frau,118,0.973828
2018,Frau,119,0.989966
2018,Frau,120,1.0
2018,Mann,0,0.003421
2018,Mann,1,0.000178
2018,Mann,2,0.000177
2018,Mann,3,0.000176
2018,Mann,4,7.6e-05
2018,Mann,5,9.1e-05
2018,Mann,6,7.2e-05
2018,Mann,7,5.5e-05
2018,Mann,8,4.2e-05
2018,Mann,9,3.5e-05
2018,Mann,10,3.6e-05
2018,Mann,11,4.6e-05
2018,Mann,12,6.3e-05
2018,Mann,13,8.8e-05
2018,Mann,14,0.000122
2018,Mann,15,0.000165
2018,Mann,16,0.000215
2018,Mann,17,0.000263
2018,Mann,18,0.000302
2018,Mann,19,0.000328
2018,Mann,20,0.000341
2018,Mann,21,0.000344
2018,Mann,22,0.000342
2018,Mann,23,0.000339
2018,Mann,24,0.000336
2018,Mann,25,0.000336
2018,Mann,26,0.000343
2018,Mann,27,0.000352
2018,Mann,28,0.000362
2018,Mann,29,0.000372
2018,Mann,30,0.000378
2018,Mann,31,0.000381
2018,Mann,32,0.00038
2018,Mann,33,0.000378
2018,Mann,34,0.000378
2018,Mann,35,0.000381
2018,Mann,36,0.00039
2018,Mann,37,0.000403
2018,Mann,38,0.000419
2018,Mann,39,0.000437
2018,Mann,40,0.000455
2018,Mann,41,0.000472
2018,Mann,42,0.000487
2018,Mann,43,0.000501
2018,Mann,44,0.000515
2018,Mann,45,0.000536
2018,Mann,46,0.000566
2018,Mann,47,0.000605
2018,Mann,48,0.000648
2018,Mann,49,0.000694
2018,Mann,50,0.000738
2018,Mann,51,0.000779
2018,Mann,52,0.000818
2018,Mann,53,0.000857
2018,Mann,54,0.000899
2018,Mann,55,0.000947
2018,Mann,56,0.000998
2018,Mann,57,0.001052
2018,Mann,58,0.001113
2018,Mann,59,0.001184
2018,Mann,60,0.001269
2018,Mann,61,0.001367
2018,Mann,62,0.001478
2018,Mann,63,0.0016
2018,Mann,64,0.001728
2018,Mann,65,0.00186
2018,Mann,66,0.002001
2018,Mann,67,0.00216
2018,Mann,68,0.002346
2018,Mann,69,0.002573
2018,Mann,70,0.002859
2018,Mann,71,0.003218
2018,Mann,72,0.003659
2018,Mann,73,0.004193
2018,Mann,74,0.004837
2018,Mann,75,0.005608
2018,Mann,76,0.006531
2018,Mann,77,0.007636
2018,Mann,78,0.00908
2018,Mann,79,0.010783
2018,Mann,80,0.012403
2018,Mann,81,0.014316
2018,Mann,82,0.01657
2018,Mann,83,0.019254
2018,Mann,84,0.022492
2018,Mann,85,0.026385
2018,Mann,86,0.031043
2018,Mann,87,0.036611
2018,Mann,88,0.043267
2018,Mann,89,0.051234
2018,Mann,90,0.060732
2018,Mann,91,0.071975
2018,Mann,92,0.085119
2018,Mann,93,0.100293
2018,Mann,94,0.117617
2018,Mann,95,0.137142
2018,Mann,96,0.158944
2018,Mann,97,0.183408
2018,Mann,98,0.211124
2018,Mann,99,0.242855
2018,Mann,100,0.279028
2018,Mann,101,0.319785
2018,Mann,102,0.364613
2018,Mann,103,0.413682
2018,Mann,104,0.470963
2018,Mann,105,0.539798
2018,Mann,106,0.594472
2018,Mann,107,0.650893
2018,Mann,108,0.707936
2018,Mann,109,0.764097
2018,Mann,110,0.817535
2018,Mann,111,0.866227
2018,Mann,112,0.908227
2018,Mann,113,0.942035
2018,Mann,114,0.966985
2018,Mann,115,0.983492
2018,Mann,116,0.993008
2018,Mann,117,0.997614
2018,Mann,118,0.999393
2018,Mann,119,0.999903
2018,Mann,120,1.0
2019,Frau,0,0.003209
2019,Frau,1,0.000167
2019,Frau,2,0.000141
2019,Frau,3,0.000145
2019,Frau,4,0.000121
2019,Frau,5,9.4e-05
2019,Frau,6,7.1e-05
2019,Frau,7,5.2e-05
2019,Frau,8,3.9e-05
2019,Frau,9,3.3e-05
2019,Frau,10,3.4e-05
2019,Frau,11,4.1e-05
2019,Frau,12,5.3e-05
2019,Frau,13,6.9e-05
2019,Frau,14,8.7e-05
2019,Frau,15,0.000105
2019,Frau,16,0.000122
2019,Frau,17,0.00014
2019,Frau,18,0.000156
2019,Frau,19,0.000165
2019,Frau,20,0.000164
2019,Frau,21,0.000157
2019,Frau,22,0.000147
2019,Frau,23,0.000139
2019,Frau,24,0.000135
2019,Frau,25,0.000134
2019,Frau,26,0.000137
2019,Frau,27,0.000142
2019,Frau,28,0.000149
2019,Frau,29,0.000158
2019,Frau,30,0.000166
2019,Frau,31,0.000175
2019,Frau,32,0.000184
2019,Frau,33,0.000194
2019,Frau,34,0.000205
2019,Frau,35,0.000214
2019,Frau,36,0.000225
2019,Frau,37,0.000236
2019,Frau,38,0.00025
2019,Frau,39,0.000264
2019,Frau,40,0.000279
2019,Frau,41,0.000294
2019,Frau,42,0.00031
2019,Frau,43,0.000328
2019,Frau,44,0.000345
2019,Frau,45,0.000362
2019,Frau,46,0.000379
2019,Frau,47,0.000395
2019,Frau,48,0.000412
2019,Frau,49,0.000433
2019,Frau,50,0.000456
2019,Frau,51,0.000483
2019,Frau,52,0.000512
2019,Frau,53,0.000542
2019,Frau,54,0.000572
2019,Frau,55,0.0006
2019,Frau,56,0.000625
2019,Frau,57,0.00065
2019,Frau,58,0.000681
2019,Frau,59,0.00072
2019,Frau,60,0.000769
2019,Frau,61,0.00083
2019,Frau,62,0.000902
2019,Frau,63,0.000981
2019,Frau,64,0.001066
2019,Frau,65,0.001156
2019,Frau,66,0.001257
2019,Frau,67,0.001377
2019,Frau,68,0.001525
2019,Frau,69,0.001704
2019,Frau,70,0.001921
2019,Frau,71,0.002181
2019,Frau,72,0.002497
2019,Frau,73,0.002878
2019,Frau,74,0.003338
2019,Frau,75,0.003891
2019,Frau,76,0.004556
2019,Frau,77,0.005355
2019,Frau,78,0.006314
2019,Frau,79,0.007463
2019,Frau,80,0.008856
2019,Frau,81,0.010338
2019,Frau,82,0.011949
2019,Frau,83,0.013884
2019,Frau,84,0.016219
2019,Frau,85,0.019046
2019,Frau,86,0.02248
2019,Frau,87,0.026642
2019,Frau,88,0.031658
2019,Frau,89,0.037654
2019,Frau,90,0.044745
2019,Frau,91,0.053043
2019,Frau,92,0.062653
2019,Frau,93,0.073676
2019,Frau,94,0.086216
2019,Frau,95,0.100389
2019,Frau,96,0.116318
2019,Frau,97,0.134121
2019,Frau,98,0.153941
2019,Frau,99,0.176001
2019,Frau,100,0.200419
2019,Frau,101,0.227297
2019,Frau,102,0.256857
2019,Frau,103,0.289418
2019,Frau,104,0.325277
2019,Frau,105,0.363878
2019,Frau,106,0.404887
2019,Frau,107,0.450539
2019,Frau,108,0.499373
2019,Frau,109,0.551049
2019,Frau,110,0.605104
2019,Frau,111,0.6608
2019,Frau,112,0.717074
2019,Frau,113,0.772508
2019,Frau,114,0.825355
2019,Frau,115,0.873649
2019,Frau,116,0.91544
2019,Frau,117,0.949129
2019,Frau,118,0.973883
2019,Frau,119,0.989996
2019,Frau,120,1.0
2019,Mann,0,0.003398
2019,Mann,1,0.000272
2019,Mann,2,4.5e-05
2019,Mann,3,0.000131
2019,Mann,4,0.000109
2019,Mann,5,9e-05
2019,Mann,6,7.2e-05
2019,Mann,7,5.5e-05
2019,Mann,8,4.2e-05
2019,Mann,9,3.5e-05
2019,Mann,10,3.6e-05
2019,Mann,11,4.6e-05
2019,Mann,12,6.3e-05
2019,Mann,13,8.7e-05
2019,Mann,14,0.000121
2019,Mann,15,0.000165
2019,Mann,16,0.000214
2019,Mann,17,0.000262
2019,Mann,18,0.000301
2019,Mann,19,0.000327
2019,Mann,20,0.00034
2019,Mann,21,0.000343
2019,Mann,22,0.000341
2019,Mann,23,0.000337
2019,Mann,24,0.000335
2019,Mann,25,0.000335
2019,Mann,26,0.000341
2019,Mann,27,0.000351
2019,Mann,28,0.000361
2019,Mann,29,0.00037
2019,Mann,30,0.000376
2019,Mann,31,0.000378
2019,Mann,32,0.000377
2019,Mann,33,0.000375
2019,Mann,34,0.000375
2019,Mann,35,0.000378
2019,Mann,36,0.000387
2019,Mann,37,0.000399
2019,Mann,38,0.000415
2019,Mann,39,0.000433
2019,Mann,40,0.00045
2019,Mann,41,0.000467
2019,Mann,42,0.000482
2019,Mann,43,0.000495
2019,Mann,44,0.000509
2019,Mann,45,0.000529
2019,Mann,46,0.000558
2019,Mann,47,0.000596
2019,Mann,48,0.000638
2019,Mann,49,0.000682
2019,Mann,50,0.000725
2019,Mann,51,0.000765
2019,Mann,52,0.000803
2019,Mann,53,0.00084
2019,Mann,54,0.00088
2019,Mann,55,0.000926
2019,Mann,56,0.000975
2019,Mann,57,0.001027
2019,Mann,58,0.001085
2019,Mann,59,0.001154
2019,Mann,60,0.001236
2019,Mann,61,0.00133
2019,Mann,62,0.001437
2019,Mann,63,0.001555
2019,Mann,64,0.001678
2019,Mann,65,0.001807
2019,Mann,66,0.001944
2019,Mann,67,0.0021
2019,Mann,68,0.002283
2019,Mann,69,0.002508
2019,Mann,70,0.002791
2019,Mann,71,0.003147
2019,Mann,72,0.003584
2019,Mann,73,0.004112
2019,Mann,74,0.00475
2019,Mann,75,0.005515
2019,Mann,76,0.006431
2019,Mann,77,0.007526
2019,Mann,78,0.008961
2019,Mann,79,0.010653
2019,Mann,80,0.012254
2019,Mann,81,0.01412
2019,Mann,82,0.016324
2019,Mann,83,0.018978
2019,Mann,84,0.022181
2019,Mann,85,0.026035
2019,Mann,86,0.030648
2019,Mann,87,0.036165
2019,Mann,88,0.042764
2019,Mann,89,0.050666
2019,Mann,90,0.060091
2019,Mann,91,0.071255
2019,Mann,92,0.084313
2019,Mann,93,0.099397
2019,Mann,94,0.116631
2019,Mann,95,0.136067
2019,Mann,96,0.157786
2019,Mann,97,0.182174
2019,Mann,98,0.209822
2019,Mann,99,0.241493
2019,Mann,100,0.277619
2019,Mann,101,0.318348
2019,Mann,102,0.363175
2019,Mann,103,0.412275
2019,Mann,104,0.469602
2019,Mann,105,0.538489
2019,Mann,106,0.593334
2019,Mann,107,0.649954
2019,Mann,108,0.707215
2019,Mann,109,0.763597
2019,Mann,110,0.817244
2019,Mann,111,0.866114
2019,Mann,112,0.908244
2019,Mann,113,0.942128
2019,Mann,114,0.9671
2019,Mann,115,0.983591
2019,Mann,116,0.993073
2019,Mann,117,0.997646
2019,Mann,118,0.999405
2019,Mann,119,0.999905
2019,Mann,120,1.0
2020,Frau,0,0.003408
2020,Frau,1,0.000168
2020,Frau,2,0.000163
2020,Frau,3,0.00015
2020,Frau,4,0.00012
2020,Frau,5,9.4e-05
2020,Frau,6,7.1e-05
2020,Frau,7,5.2e-05
2020,Frau,8,3.9e-05
2020,Frau,9,3.3e-05
2020,Frau,10,3.4e-05
2020,Frau,11,4e-05
2020,Frau,12,5.3e-05
2020,Frau,13,6.9e-05
2020,Frau,14,8.6e-05
2020,Frau,15,0.000104
2020,Frau,16,0.000122
2020,Frau,17,0.00014
2020,Frau,18,0.000155
2020,Frau,19,0.000164
2020,Frau,20,0.000164
2020,Frau,21,0.000157
2020,Frau,22,0.000147
2020,Frau,23,0.000139
2020,Frau,24,0.000134
2020,Frau,25,0.000134
2020,Frau,26,0.000136
2020,Frau,27,0.000141
2020,Frau,28,0.000149
2020,Frau,29,0.000157
2020,Frau,30,0.000166
2020,Frau,31,0.000174
2020,Frau,32,0.000183
2020,Frau,33,0.000193
2020,Frau,34,0.000204
2020,Frau,35,0.000213
2020,Frau,36,0.000223
2020,Frau,37,0.000235
2020,Frau,38,0.000248
2020,Frau,39,0.000262
2020,Frau,40,0.000277
2020,Frau,41,0.000291
2020,Frau,42,0.000307
2020,Frau,43,0.000324
2020,Frau,44,0.000341
2020,Frau,45,0.000358
2020,Frau,46,0.000374
2020,Frau,47,0.000389
2020,Frau,48,0.000406
2020,Frau,49,0.000426
2020,Frau,50,0.000449
2020,Frau,51,0.000475
2020,Frau,52,0.000503
2020,Frau,53,0.000532
2020,Frau,54,0.000561
2020,Frau,55,0.000587
2020,Frau,56,0.000611
2020,Frau,57,0.000635
2020,Frau,58,0.000664
2020,Frau,59,0.000702
2020,Frau,60,0.000749
2020,Frau,61,0.000809
2020,Frau,62,0.000878
2020,Frau,63,0.000955
2020,Frau,64,0.001038
2020,Frau,65,0.001126
2020,Frau,66,0.001225
2020,Frau,67,0.001344
2020,Frau,68,0.001489
2020,Frau,69,0.001667
2020,Frau,70,0.001881
2020,Frau,71,0.00214
2020,Frau,72,0.002453
2020,Frau,73,0.002832
2020,Frau,74,0.00329
2020,Frau,75,0.00384
2020,Frau,76,0.004502
2020,Frau,77,0.005297
2020,Frau,78,0.006251
2020,Frau,79,0.007392
2020,Frau,80,0.008756
2020,Frau,81,0.010203
2020,Frau,82,0.011797
2020,Frau,83,0.013713
2020,Frau,84,0.016026
2020,Frau,85,0.018827
2020,Frau,86,0.02223
2020,Frau,87,0.026356
2020,Frau,88,0.03133
2020,Frau,89,0.037279
2020,Frau,90,0.044317
2020,Frau,91,0.052557
2020,Frau,92,0.062104
2020,Frau,93,0.07306
2020,Frau,94,0.08553
2020,Frau,95,0.099633
2020,Frau,96,0.115491
2020,Frau,97,0.133226
2020,Frau,98,0.152981
2020,Frau,99,0.17498
2020,Frau,100,0.199346
2020,Frau,101,0.226182
2020,Frau,102,0.255713
2020,Frau,103,0.288257
2020,Frau,104,0.324115
2020,Frau,105,0.362737
2020,Frau,106,0.403791
2020,Frau,107,0.449503
2020,Frau,108,0.49842
2020,Frau,109,0.550202
2020,Frau,110,0.604381
2020,Frau,111,0.660217
2020,Frau,112,0.716639
2020,Frau,113,0.772219
2020,Frau,114,0.825197
2020,Frau,115,0.873599
2020,Frau,116,0.915462
2020,Frau,117,0.949185
2020,Frau,118,0.973937
2020,Frau,119,0.990026
2020,Frau,120,1.0
2020,Mann,0,0.003882
2020,Mann,1,0.000113
2020,Mann,2,0.000253
2020,Mann,3,0.000127
2020,Mann,4,0.000108
2020,Mann,5,9e-05
2020,Mann,6,7.1e-05
2020,Mann,7,5.4e-05
2020,Mann,8,4.1e-05
2020,Mann,9,3.4e-05
2020,Mann,10,3.6e-05
2020,Mann,11,4.5e-05
2020,Mann,12,6.3e-05
2020,Mann,13,8.7e-05
2020,Mann,14,0.000121
2020,Mann,15,0.000164
2020,Mann,16,0.000213
2020,Mann,17,0.000261
2020,Mann,18,0.0003
2020,Mann,19,0.000326
2020,Mann,20,0.000339
2020,Mann,21,0.000342
2020,Mann,22,0.000339
2020,Mann,23,0.000336
2020,Mann,24,0.000333
2020,Mann,25,0.000333
2020,Mann,26,0.00034
2020,Mann,27,0.000349
2020,Mann,28,0.000359
2020,Mann,29,0.000368
2020,Mann,30,0.000374
2020,Mann,31,0.000376
2020,Mann,32,0.000375
2020,Mann,33,0.000373
2020,Mann,34,0.000372
2020,Mann,35,0.000376
2020,Mann,36,0.000384
2020,Mann,37,0.000396
2020,Mann,38,0.000411
2020,Mann,39,0.000429
2020,Mann,40,0.000446
2020,Mann,41,0.000462
2020,Mann,42,0.000477
2020,Mann,43,0.000489
2020,Mann,44,0.000503
2020,Mann,45,0.000522
2020,Mann,46,0.00055
2020,Mann,47,0.000587
2020,Mann,48,0.000628
2020,Mann,49,0.000671
2020,Mann,50,0.000713
2020,Mann,51,0.000751
2020,Mann,52,0.000788
2020,Mann,53,0.000823
2020,Mann,54,0.000862
2020,Mann,55,0.000906
2020,Mann,56,0.000953
2020,Mann,57,0.001002
2020,Mann,58,0.001058
2020,Mann,59,0.001125
2020,Mann,60,0.001203
2020,Mann,61,0.001294
2020,Mann,62,0.001397
2020,Mann,63,0.001511
2020,Mann,64,0.00163
2020,Mann,65,0.001754
2020,Mann,66,0.001888
2020,Mann,67,0.002041
2020,Mann,68,0.002222
2020,Mann,69,0.002444
2020,Mann,70,0.002725
2020,Mann,71,0.003077
2020,Mann,72,0.00351
2020,Mann,73,0.004034
2020,Mann,74,0.004666
2020,Mann,75,0.005424
2020,Mann,76,0.006333
2020,Mann,77,0.007419
2020,Mann,78,0.008845
2020,Mann,79,0.010526
2020,Mann,80,0.012084
2020,Mann,81,0.013905
2020,Mann,82,0.016083
2020,Mann,83,0.018707
2020,Mann,84,0.021877
2020,Mann,85,0.025691
2020,Mann,86,0.03026
2020,Mann,87,0.035726
2020,Mann,88,0.042268
2020,Mann,89,0.050106
2020,Mann,90,0.059459
2020,Mann,91,0.070543
2020,Mann,92,0.083517
2020,Mann,93,0.098512
2020,Mann,94,0.115654
2020,Mann,95,0.135002
2020,Mann,96,0.156637
2020,Mann,97,0.180949
2020,Mann,98,0.20853
2020,Mann,99,0.24014
2020,Mann,100,0.276218
2020,Mann,101,0.316917
2020,Mann,102,0.361742
2020,Mann,103,0.410873
2020,Mann,104,0.468244
2020,Mann,105,0.537179
2020,Mann,106,0.592195
2020,Mann,107,0.649012
2020,Mann,108,0.706489
2020,Mann,109,0.763091
2020,Mann,110,0.816947
2020,Mann,111,0.865994
2020,Mann,112,0.908255
2020,Mann,113,0.942215
2020,Mann,114,0.967211
2020,Mann,115,0.983687
2020,Mann,116,0.993135
2020,Mann,117,0.997677
2020,Mann,118,0.999416
2020,Mann,119,0.999908
2020,Mann,120,1.0
2021,Frau,0,0.002828
2021,Frau,1,0.000315
2021,Frau,2,0.000182
2021,Frau,3,0.00015
2021,Frau,4,0.00012
2021,Frau,5,9.4e-05
2021,Frau,6,7e-05
2021,Frau,7,5.2e-05
2021,Frau,8,3.9e-05
2021,Frau,9,3.3e-05
2021,Frau,10,3.4e-05
2021,Frau,11,4e-05
2021,Frau,12,5.2e-05
2021,Frau,13,6.8e-05
2021,Frau,14,8.6e-05
2021,Frau,15,0.000104
2021,Frau,16,0.000122
2021,Frau,17,0.000139
2021,Frau,18,0.000155
2021,Frau,19,0.000164
2021,Frau,20,0.000163
2021,Frau,21,0.000156
2021,Frau,22,0.000146
2021,Frau,23,0.000138
2021,Frau,24,0.000134
2021,Frau,25,0.000133
2021,Frau,26,0.000136
2021,Frau,27,0.000141
2021,Frau,28,0.000148
2021,Frau,29,0.000156
2021,Frau,30,0.000165
2021,Frau,31,0.000174
2021,Frau,32,0.000182
2021,Frau,33,0.000192
2021,Frau,34,0.000202
2021,Frau,35,0.000212
2021,Frau,36,0.000222
2021,Frau,37,0.000233
2021,Frau,38,0.000246
2021,Frau,39,0.00026
2021,Frau,40,0.000274
2021,Frau,41,0.000289
2021,Frau,42,0.000304
2021,Frau,43,0.000321
2021,Frau,44,0.000337
2021,Frau,45,0.000354
2021,Frau,46,0.000369
2021,Frau,47,0.000384
2021,Frau,48,0.0004
2021,Frau,49,0.000419
2021,Frau,50,0.000441
2021,Frau,51,0.000466
2021,Frau,52,0.000493
2021,Frau,53,0.000521
2021,Frau,54,0.000549
2021,Frau,55,0.000575
2021,Frau,56,0.000597
2021,Frau,57,0.00062
2021,Frau,58,0.000648
2021,Frau,59,0.000684
2021,Frau,60,0.00073
2021,Frau,61,0.000788
2021,Frau,62,0.000855
2021,Frau,63,0.00093
2021,Frau,64,0.00101
2021,Frau,65,0.001096
2021,Frau,66,0.001194
2021,Frau,67,0.001311
2021,Frau,68,0.001454
2021,Frau,69,0.00163
2021,Frau,70,0.001843
2021,Frau,71,0.0021
2021,Frau,72,0.002411
2021,Frau,73,0.002788
2021,Frau,74,0.003243
2021,Frau,75,0.003791
2021,Frau,76,0.00445
2021,Frau,77,0.005241
2021,Frau,78,0.006189
2021,Frau,79,0.007306
2021,Frau,80,0.008639
2021,Frau,81,0.01007
2021,Frau,82,0.011648
2021,Frau,83,0.013545
2021,Frau,84,0.015836
2021,Frau,85,0.018611
2021,Frau,86,0.021984
2021,Frau,87,0.026074
2021,Frau,88,0.031008
2021,Frau,89,0.03691
2021,Frau,90,0.043895
2021,Frau,91,0.052077
2021,Frau,92,0.061561
2021,Frau,93,0.072451
2021,Frau,94,0.084852
2021,Frau,95,0.098885
2021,Frau,96,0.114673
2021,Frau,97,0.132339
2021,Frau,98,0.15203
2021,Frau,99,0.17397
2021,Frau,100,0.198284
2021,Frau,101,0.225078
2021,Frau,102,0.254579
2021,Frau,103,0.287106
2021,Frau,104,0.322963
2021,Frau,105,0.361605
2021,Frau,106,0.402704
2021,Frau,107,0.448476
2021,Frau,108,0.497475
2021,Frau,109,0.549361
2021,Frau,110,0.603664
2021,Frau,111,0.659639
2021,Frau,112,0.716208
2021,Frau,113,0.771932
2021,Frau,114,0.825041
2021,Frau,115,0.873548
2021,Frau,116,0.915483
2021,Frau,117,0.949239
2021,Frau,118,0.973991
2021,Frau,119,0.990055
2021,Frau,120,1.0
2021,Mann,0,0.003521
2021,Mann,1,0.000213
2021,Mann,2,0.000146
2021,Mann,3,0.000127
2021,Mann,4,0.000108
2021,Mann,5,8.9e-05
2021,Mann,6,7.1e-05
2021,Mann,7,5.4e-05
2021,Mann,8,4.1e-05
2021,Mann,9,3.4e-05
2021,Mann,10,3.6e-05
2021,Mann,11,4.5e-05
2021,Mann,12,6.2e-05
2021,Mann,13,8.7e-05
2021,Mann,14,0.000121
2021,Mann,15,0.000164
2021,Mann,16,0.000213
2021,Mann,17,0.00026
2021,Mann,18,0.000299
2021,Mann,19,0.000325
2021,Mann,20,0.000338
2021,Mann,21,0.00034
2021,Mann,22,0.000338
2021,Mann,23,0.000334
2021,Mann,24,0.000332
2021,Mann,25,0.000332
2021,Mann,26,0.000338
2021,Mann,27,0.000347
2021,Mann,28,0.000357
2021,Mann,29,0.000366
2021,Mann,30,0.000372
2021,Mann,31,0.000374
2021,Mann,32,0.000373
2021,Mann,33,0.00037
2021,Mann,34,0.00037
2021,Mann,35,0.000373
2021,Mann,36,0.000381
2021,Mann,37,0.000393
2021,Mann,38,0.000408
2021,Mann,39,0.000425
2021,Mann,40,0.000442
2021,Mann,41,0.000458
2021,Mann,42,0.000471
2021,Mann,43,0.000483
2021,Mann,44,0.000497
2021,Mann,45,0.000515
2021,Mann,46,0.000543
2021,Mann,47,0.000579
2021,Mann,48,0.000619
2021,Mann,49,0.00066
2021,Mann,50,0.000701
2021,Mann,51,0.000738
2021,Mann,52,0.000773
2021,Mann,53,0.000806
2021,Mann,54,0.000843
2021,Mann,55,0.000886
2021,Mann,56,0.000931
2021,Mann,57,0.000978
2021,Mann,58,0.001032
2021,Mann,59,0.001095
2021,Mann,60,0.001171
2021,Mann,61,0.001259
2021,Mann,62,0.001358
2021,Mann,63,0.001467
2021,Mann,64,0.001582
2021,Mann,65,0.001703
2021,Mann,66,0.001834
2021,Mann,67,0.001983
2021,Mann,68,0.002162
2021,Mann,69,0.002382
2021,Mann,70,0.00266
2021,Mann,71,0.003009
2021,Mann,72,0.003437
2021,Mann,73,0.003957
2021,Mann,74,0.004583
2021,Mann,75,0.005336
2021,Mann,76,0.006237
2021,Mann,77,0.007315
2021,Mann,78,0.008732
2021,Mann,79,0.010378
2021,Mann,80,0.011895
2021,Mann,81,0.013693
2021,Mann,82,0.015846
2021,Mann,83,0.018441
2021,Mann,84,0.021577
2021,Mann,85,0.025353
2021,Mann,86,0.029878
2021,Mann,87,0.035294
2021,Mann,88,0.04178
2021,Mann,89,0.049554
2021,Mann,90,0.058835
2021,Mann,91,0.069841
2021,Mann,92,0.082729
2021,Mann,93,0.097635
2021,Mann,94,0.114688
2021,Mann,95,0.133947
2021,Mann,96,0.155499
2021,Mann,97,0.179735
2021,Mann,98,0.207246
2021,Mann,99,0.238797
2021,Mann,100,0.274825
2021,Mann,101,0.315494
2021,Mann,102,0.360316
2021,Mann,103,0.409474
2021,Mann,104,0.466888
2021,Mann,105,0.53587
2021,Mann,106,0.591054
2021,Mann,107,0.648068
2021,Mann,108,0.705759
2021,Mann,109,0.762581
2021,Mann,110,0.816644
2021,Mann,111,0.865869
2021,Mann,112,0.908261
2021,Mann,113,0.942298
2021,Mann,114,0.967318
2021,Mann,115,0.98378
2021,Mann,116,0.993197
2021,Mann,117,0.997707
2021,Mann,118,0.999426
2021,Mann,119,0.99991
2021,Mann,120,1.0
2022,Frau,0,0.004395
2022,Frau,1,0.000218
2022,Frau,2,0.000182
2022,Frau,3,0.000149
2022,Frau,4,0.00012
2022,Frau,5,9.3e-05
2022,Frau,6,7e-05
2022,Frau,7,5.1e-05
2022,Frau,8,3.9e-05
2022,Frau,9,3.3e-05
2022,Frau,10,3.4e-05
2022,Frau,11,4e-05
2022,Frau,12,5.2e-05
2022,Frau,13,6.8e-05
2022,Frau,14,8.6e-05
2022,Frau,15,0.000104
2022,Frau,16,0.000121
2022,Frau,17,0.000139
2022,Frau,18,0.000154
2022,Frau,19,0.000163
2022,Frau,20,0.000163
2022,Frau,21,0.000156
2022,Frau,22,0.000146
2022,Frau,23,0.000138
2022,Frau,24,0.000133
2022,Frau,25,0.000133
2022,Frau,26,0.000135
2022,Frau,27,0.000141
2022,Frau,28,0.000148
2022,Frau,29,0.000156
2022,Frau,30,0.000164
2022,Frau,31,0.000173
2022,Frau,32,0.000182
2022,Frau,33,0.000191
2022,Frau,34,0.000201
2022,Frau,35,0.000211
2022,Frau,36,0.00022
2022,Frau,37,0.000231
2022,Frau,38,0.000244
2022,Frau,39,0.000258
2022,Frau,40,0.000272
2022,Frau,41,0.000286
2022,Frau,42,0.000301
2022,Frau,43,0.000317
2022,Frau,44,0.000334
2022,Frau,45,0.000349
2022,Frau,46,0.000364
2022,Frau,47,0.000378
2022,Frau,48,0.000394
2022,Frau,49,0.000413
2022,Frau,50,0.000434
2022,Frau,51,0.000458
2022,Frau,52,0.000484
2022,Frau,53,0.000511
2022,Frau,54,0.000538
2022,Frau,55,0.000562
2022,Frau,56,0.000584
2022,Frau,57,0.000606
2022,Frau,58,0.000633
2022,Frau,59,0.000667
2022,Frau,60,0.000712
2022,Frau,61,0.000767
2022,Frau,62,0.000832
2022,Frau,63,0.000905
2022,Frau,64,0.000983
2022,Frau,65,0.001067
2022,Frau,66,0.001163
2022,Frau,67,0.001278
2022,Frau,68,0.00142
2022,Frau,69,0.001594
2022,Frau,70,0.001805
2022,Frau,71,0.00206
2022,Frau,72,0.00237
2022,Frau,73,0.002744
2022,Frau,74,0.003197
2022,Frau,75,0.003743
2022,Frau,76,0.004398
2022,Frau,77,0.005186
2022,Frau,78,0.006115
2022,Frau,79,0.007206
2022,Frau,80,0.008523
2022,Frau,81,0.009939
2022,Frau,82,0.011501
2022,Frau,83,0.01338
2022,Frau,84,0.015649
2022,Frau,85,0.018399
2022,Frau,86,0.021742
2022,Frau,87,0.025797
2022,Frau,88,0.03069
2022,Frau,89,0.036545
2022,Frau,90,0.043479
2022,Frau,91,0.051603
2022,Frau,92,0.061025
2022,Frau,93,0.071849
2022,Frau,94,0.084182
2022,Frau,95,0.098145
2022,Frau,96,0.113864
2022,Frau,97,0.131463
2022,Frau,98,0.151089
2022,Frau,99,0.17297
2022,Frau,100,0.197232
2022,Frau,101,0.223984
2022,Frau,102,0.253455
2022,Frau,103,0.285966
2022,Frau,104,0.321822
2022,Frau,105,0.360483
2022,Frau,106,0.401627
2022,Frau,107,0.447457
2022,Frau,108,0.496538
2022,Frau,109,0.548527
2022,Frau,110,0.602953
2022,Frau,111,0.659066
2022,Frau,112,0.715779
2022,Frau,113,0.771646
2022,Frau,114,0.824885
2022,Frau,115,0.873498
2022,Frau,116,0.915503
2022,Frau,117,0.949293
2022,Frau,118,0.974043
2022,Frau,119,0.990084
2022,Frau,120,1.0
2022,Mann,0,0.005903
2022,Mann,1,0.000164
2022,Mann,2,0.000145
2022,Mann,3,0.000126
2022,Mann,4,0.000107
2022,Mann,5,8.9e-05
2022,Mann,6,7e-05
2022,Mann,7,5.4e-05
2022,Mann,8,4.1e-05
2022,Mann,9,3.4e-05
2022,Mann,10,3.5e-05
2022,Mann,11,4.5e-05
2022,Mann,12,6.2e-05
2022,Mann,13,8.7e-05
2022,Mann,14,0.00012
2022,Mann,15,0.000163
2022,Mann,16,0.000212
2022,Mann,17,0.000259
2022,Mann,18,0.000298
2022,Mann,19,0.000324
2022,Mann,20,0.000336
2022,Mann,21,0.000339
2022,Mann,22,0.000337
2022,Mann,23,0.000333
2022,Mann,24,0.00033
2022,Mann,25,0.000331
2022,Mann,26,0.000337
2022,Mann,27,0.000346
2022,Mann,28,0.000355
2022,Mann,29,0.000364
2022,Mann,30,0.00037
2022,Mann,31,0.000372
2022,Mann,32,0.00037
2022,Mann,33,0.000368
2022,Mann,34,0.000367
2022,Mann,35,0.00037
2022,Mann,36,0.000378
2022,Mann,37,0.00039
2022,Mann,38,0.000405
2022,Mann,39,0.000421
2022,Mann,40,0.000437
2022,Mann,41,0.000453
2022,Mann,42,0.000466
2022,Mann,43,0.000478
2022,Mann,44,0.000491
2022,Mann,45,0.000509
2022,Mann,46,0.000536
2022,Mann,47,0.00057
2022,Mann,48,0.000609
2022,Mann,49,0.00065
2022,Mann,50,0.000689
2022,Mann,51,0.000725
2022,Mann,52,0.000758
2022,Mann,53,0.00079
2022,Mann,54,0.000826
2022,Mann,55,0.000866
2022,Mann,56,0.000909
2022,Mann,57,0.000955
2022,Mann,58,0.001006
2022,Mann,59,0.001067
2022,Mann,60,0.00114
2022,Mann,61,0.001224
2022,Mann,62,0.001319
2022,Mann,63,0.001424
2022,Mann,64,0.001535
2022,Mann,65,0.001653
2022,Mann,66,0.00178
2022,Mann,67,0.001927
2022,Mann,68,0.002103
2022,Mann,69,0.002321
2022,Mann,70,0.002597
2022,Mann,71,0.002942
2022,Mann,72,0.003367
2022,Mann,73,0.003882
2022,Mann,74,0.004503
2022,Mann,75,0.005249
2022,Mann,76,0.006144
2022,Mann,77,0.007214
2022,Mann,78,0.008604
2022,Mann,79,0.010212
2022,Mann,80,0.011709
2022,Mann,81,0.013486
2022,Mann,82,0.015614
2022,Mann,83,0.01818
2022,Mann,84,0.021282
2022,Mann,85,0.02502
2022,Mann,86,0.029501
2022,Mann,87,0.034868
2022,Mann,88,0.041298
2022,Mann,89,0.049009
2022,Mann,90,0.058219
2022,Mann,91,0.069147
2022,Mann,92,0.081951
2022,Mann,93,0.096769
2022,Mann,94,0.113731
2022,Mann,95,0.132902
2022,Mann,96,0.154371
2022,Mann,97,0.178531
2022,Mann,98,0.205973
2022,Mann,99,0.237462
2022,Mann,100,0.273441
2022,Mann,101,0.314077
2022,Mann,102,0.358895
2022,Mann,103,0.40808
2022,Mann,104,0.465534
2022,Mann,105,0.534562
2022,Mann,106,0.589912
2022,Mann,107,0.64712
2022,Mann,108,0.705024
2022,Mann,109,0.762065
2022,Mann,110,0.816336
2022,Mann,111,0.865738
2022,Mann,112,0.908262
2022,Mann,113,0.942376
2022,Mann,114,0.967422
2022,Mann,115,0.98387
2022,Mann,116,0.993256
2022,Mann,117,0.997737
2022,Mann,118,0.999437
2022,Mann,119,0.999912
2022,Mann,120,1.0
2023,Frau,0,0.002843
2023,Frau,1,0.000217
2023,Frau,2,0.000181
2023,Frau,3,0.000149
2023,Frau,4,0.00012
2023,Frau,5,9.3e-05
2023,Frau,6,7e-05
2023,Frau,7,5.1e-05
2023,Frau,8,3.9e-05
2023,Frau,9,3.3e-05
2023,Frau,10,3.3e-05
2023,Frau,11,4e-05
2023,Frau,12,5.2e-05
2023,Frau,13,6.8e-05
2023,Frau,14,8.6e-05
2023,Frau,15,0.000104
2023,Frau,16,0.000121
2023,Frau,17,0.000139
2023,Frau,18,0.000154
2023,Frau,19,0.000163
2023,Frau,20,0.000163
2023,Frau,21,0.000155
2023,Frau,22,0.000146
2023,Frau,23,0.000138
2023,Frau,24,0.000133
2023,Frau,25,0.000132
2023,Frau,26,0.000135
2023,Frau,27,0.00014
2023,Frau,28,0.000147
2023,Frau,29,0.000155
2023,Frau,30,0.000164
2023,Frau,31,0.000172
2023,Frau,32,0.000181
2023,Frau,33,0.00019
2023,Frau,34,0.0002
2023,Frau,35,0.000209
2023,Frau,36,0.000219
2023,Frau,37,0.00023
2023,Frau,38,0.000242
2023,Frau,39,0.000256
2023,Frau,40,0.000269
2023,Frau,41,0.000283
2023,Frau,42,0.000298
2023,Frau,43,0.000314
2023,Frau,44,0.00033
2023,Frau,45,0.000345
2023,Frau,46,0.000359
2023,Frau,47,0.000373
2023,Frau,48,0.000388
2023,Frau,49,0.000406
2023,Frau,50,0.000427
2023,Frau,51,0.00045
2023,Frau,52,0.000475
2023,Frau,53,0.000501
2023,Frau,54,0.000527
2023,Frau,55,0.00055
2023,Frau,56,0.00057
2023,Frau,57,0.000591
2023,Frau,58,0.000617
2023,Frau,59,0.00065
2023,Frau,60,0.000693
2023,Frau,61,0.000747
2023,Frau,62,0.00081
2023,Frau,63,0.00088
2023,Frau,64,0.000956
2023,Frau,65,0.001038
2023,Frau,66,0.001132
2023,Frau,67,0.001246
2023,Frau,68,0.001386
2023,Frau,69,0.001559
2023,Frau,70,0.001768
2023,Frau,71,0.002021
2023,Frau,72,0.002329
2023,Frau,73,0.002702
2023,Frau,74,0.003152
2023,Frau,75,0.003695
2023,Frau,76,0.004348
2023,Frau,77,0.005121
2023,Frau,78,0.006029
2023,Frau,79,0.007108
2023,Frau,80,0.00841
2023,Frau,81,0.009811
2023,Frau,82,0.011357
2023,Frau,83,0.013218
2023,Frau,84,0.015465
2023,Frau,85,0.01819
2023,Frau,86,0.021504
2023,Frau,87,0.025524
2023,Frau,88,0.030377
2023,Frau,89,0.036186
2023,Frau,90,0.043068
2023,Frau,91,0.051136
2023,Frau,92,0.060496
2023,Frau,93,0.071255
2023,Frau,94,0.08352
2023,Frau,95,0.097414
2023,Frau,96,0.113064
2023,Frau,97,0.130595
2023,Frau,98,0.150158
2023,Frau,99,0.17198
2023,Frau,100,0.19619
2023,Frau,101,0.222901
2023,Frau,102,0.252342
2023,Frau,103,0.284837
2023,Frau,104,0.32069
2023,Frau,105,0.359371
2023,Frau,106,0.400559
2023,Frau,107,0.446448
2023,Frau,108,0.495608
2023,Frau,109,0.5477
2023,Frau,110,0.602248
2023,Frau,111,0.658497
2023,Frau,112,0.715354
2023,Frau,113,0.771363
2023,Frau,114,0.824731
2023,Frau,115,0.873447
2023,Frau,116,0.915523
2023,Frau,117,0.949345
2023,Frau,118,0.974095
2023,Frau,119,0.990112
2023,Frau,120,1.0
2023,Mann,0,0.003767
2023,Mann,1,0.000163
2023,Mann,2,0.000145
2023,Mann,3,0.000126
2023,Mann,4,0.000107
2023,Mann,5,8.9e-05
2023,Mann,6,7e-05
2023,Mann,7,5.3e-05
2023,Mann,8,4e-05
2023,Mann,9,3.3e-05
2023,Mann,10,3.5e-05
2023,Mann,11,4.5e-05
2023,Mann,12,6.2e-05
2023,Mann,13,8.7e-05
2023,Mann,14,0.00012
2023,Mann,15,0.000163
2023,Mann,16,0.000212
2023,Mann,17,0.000259
2023,Mann,18,0.000297
2023,Mann,19,0.000323
2023,Mann,20,0.000335
2023,Mann,21,0.000338
2023,Mann,22,0.000336
2023,Mann,23,0.000332
2023,Mann,24,0.000329
2023,Mann,25,0.000329
2023,Mann,26,0.000335
2023,Mann,27,0.000344
2023,Mann,28,0.000354
2023,Mann,29,0.000362
2023,Mann,30,0.000368
2023,Mann,31,0.00037
2023,Mann,32,0.000368
2023,Mann,33,0.000366
2023,Mann,34,0.000365
2023,Mann,35,0.000368
2023,Mann,36,0.000375
2023,Mann,37,0.000387
2023,Mann,38,0.000401
2023,Mann,39,0.000417
2023,Mann,40,0.000433
2023,Mann,41,0.000448
2023,Mann,42,0.000462
2023,Mann,43,0.000473
2023,Mann,44,0.000485
2023,Mann,45,0.000502
2023,Mann,46,0.000529
2023,Mann,47,0.000562
2023,Mann,48,0.0006
2023,Mann,49,0.000639
2023,Mann,50,0.000677
2023,Mann,51,0.000712
2023,Mann,52,0.000744
2023,Mann,53,0.000775
2023,Mann,54,0.000808
2023,Mann,55,0.000847
2023,Mann,56,0.000888
2023,Mann,57,0.000932
2023,Mann,58,0.000981
2023,Mann,59,0.001039
2023,Mann,60,0.001109
2023,Mann,61,0.00119
2023,Mann,62,0.001281
2023,Mann,63,0.001383
2023,Mann,64,0.00149
2023,Mann,65,0.001603
2023,Mann,66,0.001728
2023,Mann,67,0.001872
2023,Mann,68,0.002046
2023,Mann,69,0.002262
2023,Mann,70,0.002535
2023,Mann,71,0.002877
2023,Mann,72,0.003298
2023,Mann,73,0.003808
2023,Mann,74,0.004425
2023,Mann,75,0.005165
2023,Mann,76,0.006053
2023,Mann,77,0.007102
2023,Mann,78,0.008462
2023,Mann,79,0.010048
2023,Mann,80,0.011526
2023,Mann,81,0.013282
2023,Mann,82,0.015385
2023,Mann,83,0.017923
2023,Mann,84,0.020993
2023,Mann,85,0.024693
2023,Mann,86,0.029131
2023,Mann,87,0.034449
2023,Mann,88,0.040824
2023,Mann,89,0.048472
2023,Mann,90,0.057612
2023,Mann,91,0.068461
2023,Mann,92,0.081182
2023,Mann,93,0.095911
2023,Mann,94,0.112784
2023,Mann,95,0.131866
2023,Mann,96,0.153253
2023,Mann,97,0.177336
2023,Mann,98,0.204709
2023,Mann,99,0.236136
2023,Mann,100,0.272064
2023,Mann,101,0.312668
2023,Mann,102,0.35748
2023,Mann,103,0.406691
2023,Mann,104,0.464183
2023,Mann,105,0.533254
2023,Mann,106,0.588769
2023,Mann,107,0.64617
2023,Mann,108,0.704287
2023,Mann,109,0.761545
2023,Mann,110,0.816022
2023,Mann,111,0.865601
2023,Mann,112,0.908257
2023,Mann,113,0.942449
2023,Mann,114,0.967521
2023,Mann,115,0.983958
2023,Mann,116,0.993314
2023,Mann,117,0.997765
2023,Mann,118,0.999447
2023,Mann,119,0.999914
2023,Mann,120,1.0
2024,Frau,0,0.002835
2024,Frau,1,0.000217
2024,Frau,2,0.000181
2024,Frau,3,0.000148
2024,Frau,4,0.000119
2024,Frau,5,9.3e-05
2024,Frau,6,7e-05
2024,Frau,7,5.1e-05
2024,Frau,8,3.9e-05
2024,Frau,9,3.3e-05
2024,Frau,10,3.3e-05
2024,Frau,11,4e-05
2024,Frau,12,5.2e-05
2024,Frau,13,6.8e-05
2024,Frau,14,8.6e-05
2024,Frau,15,0.000103
2024,Frau,16,0.000121
2024,Frau,17,0.000138
2024,Frau,18,0.000154
2024,Frau,19,0.000162
2024,Frau,20,0.000162
2024,Frau,21,0.000155
2024,Frau,22,0.000145
2024,Frau,23,0.000137
2024,Frau,24,0.000133
2024,Frau,25,0.000132
2024,Frau,26,0.000135
2024,Frau,27,0.00014
2024,Frau,28,0.000147
2024,Frau,29,0.000155
2024,Frau,30,0.000163
2024,Frau,31,0.000171
2024,Frau,32,0.00018
2024,Frau,33,0.000189
2024,Frau,34,0.000199
2024,Frau,35,0.000208
2024,Frau,36,0.000217
2024,Frau,37,0.000228
2024,Frau,38,0.000241
2024,Frau,39,0.000254
2024,Frau,40,0.000267
2024,Frau,41,0.000281
2024,Frau,42,0.000295
2024,Frau,43,0.000311
2024,Frau,44,0.000326
2024,Frau,45,0.000341
2024,Frau,46,0.000355
2024,Frau,47,0.000368
2024,Frau,48,0.000383
2024,Frau,49,0.0004
2024,Frau,50,0.00042
2024,Frau,51,0.000442
2024,Frau,52,0.000466
2024,Frau,53,0.000491
2024,Frau,54,0.000516
2024,Frau,55,0.000538
2024,Frau,56,0.000557
2024,Frau,57,0.000577
2024,Frau,58,0.000602
2024,Frau,59,0.000634
2024,Frau,60,0.000675
2024,Frau,61,0.000727
2024,Frau,62,0.000788
2024,Frau,63,0.000856
2024,Frau,64,0.000929
2024,Frau,65,0.00101
2024,Frau,66,0.001102
2024,Frau,67,0.001215
2024,Frau,68,0.001353
2024,Frau,69,0.001524
2024,Frau,70,0.001731
2024,Frau,71,0.001983
2024,Frau,72,0.002289
2024,Frau,73,0.00266
2024,Frau,74,0.003109
2024,Frau,75,0.003649
2024,Frau,76,0.004292
2024,Frau,77,0.005047
2024,Frau,78,0.005945
2024,Frau,79,0.007011
2024,Frau,80,0.008299
2024,Frau,81,0.009685
2024,Frau,82,0.011216
2024,Frau,83,0.013058
2024,Frau,84,0.015285
2024,Frau,85,0.017985
2024,Frau,86,0.021269
2024,Frau,87,0.025255
2024,Frau,88,0.030068
2024,Frau,89,0.035832
2024,Frau,90,0.042663
2024,Frau,91,0.050674
2024,Frau,92,0.059974
2024,Frau,93,0.070668
2024,Frau,94,0.082866
2024,Frau,95,0.09669
2024,Frau,96,0.112272
2024,Frau,97,0.129737
2024,Frau,98,0.149236
2024,Frau,99,0.171
2024,Frau,100,0.195159
2024,Frau,101,0.221828
2024,Frau,102,0.25124
2024,Frau,103,0.283718
2024,Frau,104,0.319569
2024,Frau,105,0.358269
2024,Frau,106,0.3995
2024,Frau,107,0.445446
2024,Frau,108,0.494687
2024,Frau,109,0.54688
2024,Frau,110,0.601549
2024,Frau,111,0.657933
2024,Frau,112,0.714933
2024,Frau,113,0.771082
2024,Frau,114,0.824578
2024,Frau,115,0.873398
2024,Frau,116,0.915543
2024,Frau,117,0.949398
2024,Frau,118,0.974146
2024,Frau,119,0.99014
2024,Frau,120,1.0
2024,Mann,0,0.003756
2024,Mann,1,0.000162
2024,Mann,2,0.000144
2024,Mann,3,0.000125
2024,Mann,4,0.000107
2024,Mann,5,8.8e-05
2024,Mann,6,7e-05
2024,Mann,7,5.3e-05
2024,Mann,8,4e-05
2024,Mann,9,3.3e-05
2024,Mann,10,3.5e-05
2024,Mann,11,4.5e-05
2024,Mann,12,6.2e-05
2024,Mann,13,8.6e-05
2024,Mann,14,0.00012
2024,Mann,15,0.000162
2024,Mann,16,0.000211
2024,Mann,17,0.000258
2024,Mann,18,0.000296
2024,Mann,19,0.000322
2024,Mann,20,0.000334
2024,Mann,21,0.000337
2024,Mann,22,0.000334
2024,Mann,23,0.000331
2024,Mann,24,0.000328
2024,Mann,25,0.000328
2024,Mann,26,0.000334
2024,Mann,27,0.000343
2024,Mann,28,0.000352
2024,Mann,29,0.00036
2024,Mann,30,0.000366
2024,Mann,31,0.000368
2024,Mann,32,0.000366
2024,Mann,33,0.000364
2024,Mann,34,0.000363
2024,Mann,35,0.000365
2024,Mann,36,0.000372
2024,Mann,37,0.000384
2024,Mann,38,0.000398
2024,Mann,39,0.000414
2024,Mann,40,0.000429
2024,Mann,41,0.000444
2024,Mann,42,0.000457
2024,Mann,43,0.000467
2024,Mann,44,0.000479
2024,Mann,45,0.000496
2024,Mann,46,0.000522
2024,Mann,47,0.000554
2024,Mann,48,0.000591
2024,Mann,49,0.000629
2024,Mann,50,0.000666
2024,Mann,51,0.000699
2024,Mann,52,0.00073
2024,Mann,53,0.000759
2024,Mann,54,0.000791
2024,Mann,55,0.000829
2024,Mann,56,0.000868
2024,Mann,57,0.000909
2024,Mann,58,0.000956
2024,Mann,59,0.001012
2024,Mann,60,0.001078
2024,Mann,61,0.001156
2024,Mann,62,0.001244
2024,Mann,63,0.001342
2024,Mann,64,0.001445
2024,Mann,65,0.001555
2024,Mann,66,0.001676
2024,Mann,67,0.001818
2024,Mann,68,0.001989
2024,Mann,69,0.002203
2024,Mann,70,0.002474
2024,Mann,71,0.002813
2024,Mann,72,0.003231
2024,Mann,73,0.003737
2024,Mann,74,0.004348
2024,Mann,75,0.005083
2024,Mann,76,0.005955
2024,Mann,77,0.006981
2024,Mann,78,0.008322
2024,Mann,79,0.009888
2024,Mann,80,0.011348
2024,Mann,81,0.013082
2024,Mann,82,0.015161
2024,Mann,83,0.017671
2024,Mann,84,0.020708
2024,Mann,85,0.024371
2024,Mann,86,0.028767
2024,Mann,87,0.034036
2024,Mann,88,0.040356
2024,Mann,89,0.047942
2024,Mann,90,0.057012
2024,Mann,91,0.067784
2024,Mann,92,0.080421
2024,Mann,93,0.095063
2024,Mann,94,0.111846
2024,Mann,95,0.130841
2024,Mann,96,0.152145
2024,Mann,97,0.176151
2024,Mann,98,0.203455
2024,Mann,99,0.234819
2024,Mann,100,0.270696
2024,Mann,101,0.311266
2024,Mann,102,0.356071
2024,Mann,103,0.405305
2024,Mann,104,0.462835
2024,Mann,105,0.531948
2024,Mann,106,0.587626
2024,Mann,107,0.645218
2024,Mann,108,0.703545
2024,Mann,109,0.76102
2024,Mann,110,0.815703
2024,Mann,111,0.865459
2024,Mann,112,0.908248
2024,Mann,113,0.942519
2024,Mann,114,0.967618
2024,Mann,115,0.984043
2024,Mann,116,0.99337
2024,Mann,117,0.997793
2024,Mann,118,0.999456
2024,Mann,119,0.999916
2024,Mann,120,1.0
2025,Frau,0,0.002828
2025,Frau,1,0.000216
2025,Frau,2,0.00018
2025,Frau,3,0.000148
2025,Frau,4,0.000119
2025,Frau,5,9.3e-05
2025,Frau,6,7e-05
2025,Frau,7,5.1e-05
2025,Frau,8,3.8e-05
2025,Frau,9,3.3e-05
2025,Frau,10,3.3e-05
2025,Frau,11,4e-05
2025,Frau,12,5.2e-05
2025,Frau,13,6.8e-05
2025,Frau,14,8.5e-05
2025,Frau,15,0.000103
2025,Frau,16,0.000121
2025,Frau,17,0.000138
2025,Frau,18,0.000153
2025,Frau,19,0.000162
2025,Frau,20,0.000162
2025,Frau,21,0.000154
2025,Frau,22,0.000145
2025,Frau,23,0.000137
2025,Frau,24,0.000132
2025,Frau,25,0.000132
2025,Frau,26,0.000134
2025,Frau,27,0.000139
2025,Frau,28,0.000146
2025,Frau,29,0.000154
2025,Frau,30,0.000162
2025,Frau,31,0.000171
2025,Frau,32,0.000179
2025,Frau,33,0.000188
2025,Frau,34,0.000198
2025,Frau,35,0.000207
2025,Frau,36,0.000216
2025,Frau,37,0.000227
2025,Frau,38,0.000239
2025,Frau,39,0.000252
2025,Frau,40,0.000265
2025,Frau,41,0.000278
2025,Frau,42,0.000292
2025,Frau,43,0.000307
2025,Frau,44,0.000322
2025,Frau,45,0.000337
2025,Frau,46,0.00035
2025,Frau,47,0.000363
2025,Frau,48,0.000377
2025,Frau,49,0.000394
2025,Frau,50,0.000413
2025,Frau,51,0.000434
2025,Frau,52,0.000457
2025,Frau,53,0.000481
2025,Frau,54,0.000505
2025,Frau,55,0.000526
2025,Frau,56,0.000544
2025,Frau,57,0.000563
2025,Frau,58,0.000586
2025,Frau,59,0.000617
2025,Frau,60,0.000657
2025,Frau,61,0.000707
2025,Frau,62,0.000766
2025,Frau,63,0.000832
2025,Frau,64,0.000903
2025,Frau,65,0.000982
2025,Frau,66,0.001073
2025,Frau,67,0.001184
2025,Frau,68,0.001321
2025,Frau,69,0.00149
2025,Frau,70,0.001696
2025,Frau,71,0.001946
2025,Frau,72,0.00225
2025,Frau,73,0.00262
2025,Frau,74,0.003066
2025,Frau,75,0.003599
2025,Frau,76,0.004228
2025,Frau,77,0.004975
2025,Frau,78,0.005862
2025,Frau,79,0.006916
2025,Frau,80,0.00819
2025,Frau,81,0.009561
2025,Frau,82,0.011077
2025,Frau,83,0.012902
2025,Frau,84,0.015107
2025,Frau,85,0.017783
2025,Frau,86,0.021038
2025,Frau,87,0.02499
2025,Frau,88,0.029764
2025,Frau,89,0.035483
2025,Frau,90,0.042263
2025,Frau,91,0.050219
2025,Frau,92,0.059457
2025,Frau,93,0.070087
2025,Frau,94,0.082219
2025,Frau,95,0.095975
2025,Frau,96,0.111489
2025,Frau,97,0.128887
2025,Frau,98,0.148324
2025,Frau,99,0.170029
2025,Frau,100,0.194138
2025,Frau,101,0.220766
2025,Frau,102,0.250148
2025,Frau,103,0.282609
2025,Frau,104,0.318459
2025,Frau,105,0.357177
2025,Frau,106,0.398451
2025,Frau,107,0.444454
2025,Frau,108,0.493773
2025,Frau,109,0.546067
2025,Frau,110,0.600855
2025,Frau,111,0.657374
2025,Frau,112,0.714515
2025,Frau,113,0.770804
2025,Frau,114,0.824426
2025,Frau,115,0.873348
2025,Frau,116,0.915563
2025,Frau,117,0.949449
2025,Frau,118,0.974196
2025,Frau,119,0.990168
2025,Frau,120,1.0
2025,Mann,0,0.003744
2025,Mann,1,0.000162
2025,Mann,2,0.000144
2025,Mann,3,0.000125
2025,Mann,4,0.000106
2025,Mann,5,8.8e-05
2025,Mann,6,6.9e-05
2025,Mann,7,5.3e-05
2025,Mann,8,4e-05
2025,Mann,9,3.3e-05
2025,Mann,10,3.5e-05
2025,Mann,11,4.4e-05
2025,Mann,12,6.2e-05
2025,Mann,13,8.6e-05
2025,Mann,14,0.000119
2025,Mann,15,0.000162
2025,Mann,16,0.000211
2025,Mann,17,0.000257
2025,Mann,18,0.000295
2025,Mann,19,0.000321
2025,Mann,20,0.000333
2025,Mann,21,0.000336
2025,Mann,22,0.000333
2025,Mann,23,0.000329
2025,Mann,24,0.000327
2025,Mann,25,0.000327
2025,Mann,26,0.000332
2025,Mann,27,0.000341
2025,Mann,28,0.00035
2025,Mann,29,0.000358
2025,Mann,30,0.000364
2025,Mann,31,0.000366
2025,Mann,32,0.000364
2025,Mann,33,0.000361
2025,Mann,34,0.00036
2025,Mann,35,0.000363
2025,Mann,36,0.00037
2025,Mann,37,0.000381
2025,Mann,38,0.000395
2025,Mann,39,0.00041
2025,Mann,40,0.000425
2025,Mann,41,0.00044
2025,Mann,42,0.000452
2025,Mann,43,0.000462
2025,Mann,44,0.000474
2025,Mann,45,0.00049
2025,Mann,46,0.000515
2025,Mann,47,0.000547
2025,Mann,48,0.000583
2025,Mann,49,0.000619
2025,Mann,50,0.000655
2025,Mann,51,0.000687
2025,Mann,52,0.000716
2025,Mann,53,0.000744
2025,Mann,54,0.000775
2025,Mann,55,0.00081
2025,Mann,56,0.000847
2025,Mann,57,0.000887
2025,Mann,58,0.000931
2025,Mann,59,0.000985
2025,Mann,60,0.001049
2025,Mann,61,0.001123
2025,Mann,62,0.001208
2025,Mann,63,0.001301
2025,Mann,64,0.001401
2025,Mann,65,0.001507
2025,Mann,66,0.001626
2025,Mann,67,0.001765
2025,Mann,68,0.001934
2025,Mann,69,0.002146
2025,Mann,70,0.002415
2025,Mann,71,0.002751
2025,Mann,72,0.003165
2025,Mann,73,0.003667
2025,Mann,74,0.004274
2025,Mann,75,0.004997
2025,Mann,76,0.005851
2025,Mann,77,0.006862
2025,Mann,78,0.008185
2025,Mann,79,0.00973
2025,Mann,80,0.011172
2025,Mann,81,0.012886
2025,Mann,82,0.014941
2025,Mann,83,0.017424
2025,Mann,84,0.020429
2025,Mann,85,0.024054
2025,Mann,86,0.028408
2025,Mann,87,0.03363
2025,Mann,88,0.039895
2025,Mann,89,0.047419
2025,Mann,90,0.05642
2025,Mann,91,0.067116
2025,Mann,92,0.07967
2025,Mann,93,0.094224
2025,Mann,94,0.110919
2025,Mann,95,0.129826
2025,Mann,96,0.151047
2025,Mann,97,0.174977
2025,Mann,98,0.20221
2025,Mann,99,0.233512
2025,Mann,100,0.269337
2025,Mann,101,0.309872
2025,Mann,102,0.354669
2025,Mann,103,0.403925
2025,Mann,104,0.46149
2025,Mann,105,0.530642
2025,Mann,106,0.586482
2025,Mann,107,0.644264
2025,Mann,108,0.702801
2025,Mann,109,0.760492
2025,Mann,110,0.81538
2025,Mann,111,0.865313
2025,Mann,112,0.908234
2025,Mann,113,0.942583
2025,Mann,114,0.96771
2025,Mann,115,0.984125
2025,Mann,116,0.993424
2025,Mann,117,0.99782
2025,Mann,118,0.999466
2025,Mann,119,0.999918
2025,Mann,120,1.0
2026,Frau,0,0.00282
2026,Frau,1,0.000216
2026,Frau,2,0.00018
2026,Frau,3,0.000148
2026,Frau,4,0.000119
2026,Frau,5,9.2e-05
2026,Frau,6,6.9e-05
2026,Frau,7,5.1e-05
2026,Frau,8,3.8e-05
2026,Frau,9,3.3e-05
2026,Frau,10,3.3e-05
2026,Frau,11,4e-05
2026,Frau,12,5.2e-05
2026,Frau,13,6.8e-05
2026,Frau,14,8.5e-05
2026,Frau,15,0.000103
2026,Frau,16,0.00012
2026,Frau,17,0.000138
2026,Frau,18,0.000153
2026,Frau,19,0.000162
2026,Frau,20,0.000161
2026,Frau,21,0.000154
2026,Frau,22,0.000144
2026,Frau,23,0.000136
2026,Frau,24,0.000132
2026,Frau,25,0.000131
2026,Frau,26,0.000134
2026,Frau,27,0.000139
2026,Frau,28,0.000146
2026,Frau,29,0.000154
2026,Frau,30,0.000162
2026,Frau,31,0.00017
2026,Frau,32,0.000178
2026,Frau,33,0.000187
2026,Frau,34,0.000197
2026,Frau,35,0.000206
2026,Frau,36,0.000215
2026,Frau,37,0.000225
2026,Frau,38,0.000237
2026,Frau,39,0.00025
2026,Frau,40,0.000263
2026,Frau,41,0.000276
2026,Frau,42,0.00029
2026,Frau,43,0.000304
2026,Frau,44,0.000319
2026,Frau,45,0.000333
2026,Frau,46,0.000346
2026,Frau,47,0.000358
2026,Frau,48,0.000372
2026,Frau,49,0.000387
2026,Frau,50,0.000406
2026,Frau,51,0.000427
2026,Frau,52,0.000449
2026,Frau,53,0.000472
2026,Frau,54,0.000494
2026,Frau,55,0.000514
2026,Frau,56,0.000531
2026,Frau,57,0.000549
2026,Frau,58,0.000572
2026,Frau,59,0.000601
2026,Frau,60,0.000639
2026,Frau,61,0.000687
2026,Frau,62,0.000744
2026,Frau,63,0.000808
2026,Frau,64,0.000878
2026,Frau,65,0.000955
2026,Frau,66,0.001044
2026,Frau,67,0.001153
2026,Frau,68,0.001289
2026,Frau,69,0.001456
2026,Frau,70,0.001661
2026,Frau,71,0.001909
2026,Frau,72,0.002212
2026,Frau,73,0.00258
2026,Frau,74,0.003022
2026,Frau,75,0.003545
2026,Frau,76,0.004167
2026,Frau,77,0.004904
2026,Frau,78,0.005781
2026,Frau,79,0.006823
2026,Frau,80,0.008082
2026,Frau,81,0.00944
2026,Frau,82,0.01094
2026,Frau,83,0.012748
2026,Frau,84,0.014932
2026,Frau,85,0.017584
2026,Frau,86,0.020811
2026,Frau,87,0.024729
2026,Frau,88,0.029464
2026,Frau,89,0.035139
2026,Frau,90,0.041869
2026,Frau,91,0.049769
2026,Frau,92,0.058948
2026,Frau,93,0.069514
2026,Frau,94,0.081579
2026,Frau,95,0.095268
2026,Frau,96,0.110714
2026,Frau,97,0.128047
2026,Frau,98,0.147421
2026,Frau,99,0.169069
2026,Frau,100,0.193127
2026,Frau,101,0.219714
2026,Frau,102,0.249066
2026,Frau,103,0.281511
2026,Frau,104,0.317358
2026,Frau,105,0.356095
2026,Frau,106,0.397412
2026,Frau,107,0.443471
2026,Frau,108,0.492868
2026,Frau,109,0.545261
2026,Frau,110,0.600168
2026,Frau,111,0.656819
2026,Frau,112,0.714101
2026,Frau,113,0.770529
2026,Frau,114,0.824276
2026,Frau,115,0.873299
2026,Frau,116,0.915582
2026,Frau,117,0.9495
2026,Frau,118,0.974246
2026,Frau,119,0.990195
2026,Frau,120,1.0
2026,Mann,0,0.003733
2026,Mann,1,0.000161
2026,Mann,2,0.000143
2026,Mann,3,0.000124
2026,Mann,4,0.000106
2026,Mann,5,8.7e-05
2026,Mann,6,6.9e-05
2026,Mann,7,5.2e-05
2026,Mann,8,3.9e-05
2026,Mann,9,3.2e-05
2026,Mann,10,3.5e-05
2026,Mann,11,4.4e-05
2026,Mann,12,6.2e-05
2026,Mann,13,8.6e-05
2026,Mann,14,0.000119
2026,Mann,15,0.000162
2026,Mann,16,0.00021
2026,Mann,17,0.000257
2026,Mann,18,0.000294
2026,Mann,19,0.00032
2026,Mann,20,0.000332
2026,Mann,21,0.000335
2026,Mann,22,0.000332
2026,Mann,23,0.000328
2026,Mann,24,0.000325
2026,Mann,25,0.000325
2026,Mann,26,0.000331
2026,Mann,27,0.00034
2026,Mann,28,0.000349
2026,Mann,29,0.000357
2026,Mann,30,0.000362
2026,Mann,31,0.000364
2026,Mann,32,0.000362
2026,Mann,33,0.000359
2026,Mann,34,0.000358
2026,Mann,35,0.000361
2026,Mann,36,0.000367
2026,Mann,37,0.000378
2026,Mann,38,0.000392
2026,Mann,39,0.000407
2026,Mann,40,0.000422
2026,Mann,41,0.000436
2026,Mann,42,0.000448
2026,Mann,43,0.000457
2026,Mann,44,0.000468
2026,Mann,45,0.000484
2026,Mann,46,0.000508
2026,Mann,47,0.000539
2026,Mann,48,0.000574
2026,Mann,49,0.00061
2026,Mann,50,0.000644
2026,Mann,51,0.000674
2026,Mann,52,0.000702
2026,Mann,53,0.000729
2026,Mann,54,0.000758
2026,Mann,55,0.000792
2026,Mann,56,0.000827
2026,Mann,57,0.000865
2026,Mann,58,0.000907
2026,Mann,59,0.000959
2026,Mann,60,0.00102
2026,Mann,61,0.001091
2026,Mann,62,0.001172
2026,Mann,63,0.001262
2026,Mann,64,0.001358
2026,Mann,65,0.001461
2026,Mann,66,0.001576
2026,Mann,67,0.001713
2026,Mann,68,0.00188
2026,Mann,69,0.00209
2026,Mann,70,0.002357
2026,Mann,71,0.002691
2026,Mann,72,0.003101
2026,Mann,73,0.003599
2026,Mann,74,0.004198
2026,Mann,75,0.004907
2026,Mann,76,0.005748
2026,Mann,77,0.006746
2026,Mann,78,0.008051
2026,Mann,79,0.009576
2026,Mann,80,0.011
2026,Mann,81,0.012693
2026,Mann,82,0.014725
2026,Mann,83,0.017181
2026,Mann,84,0.020154
2026,Mann,85,0.023743
2026,Mann,86,0.028055
2026,Mann,87,0.033229
2026,Mann,88,0.03944
2026,Mann,89,0.046903
2026,Mann,90,0.055836
2026,Mann,91,0.066455
2026,Mann,92,0.078927
2026,Mann,93,0.093395
2026,Mann,94,0.11
2026,Mann,95,0.12882
2026,Mann,96,0.149958
2026,Mann,97,0.173812
2026,Mann,98,0.200975
2026,Mann,99,0.232213
2026,Mann,100,0.267986
2026,Mann,101,0.308485
2026,Mann,102,0.353272
2026,Mann,103,0.40255
2026,Mann,104,0.460148
2026,Mann,105,0.529338
2026,Mann,106,0.585337
2026,Mann,107,0.643309
2026,Mann,108,0.702053
2026,Mann,109,0.759958
2026,Mann,110,0.815051
2026,Mann,111,0.865161
2026,Mann,112,0.908215
2026,Mann,113,0.942644
2026,Mann,114,0.9678
2026,Mann,115,0.984206
2026,Mann,116,0.993477
2026,Mann,117,0.997846
2026,Mann,118,0.999475
2026,Mann,119,0.99992
2026,Mann,120,1.0
2027,Frau,0,0.002812
2027,Frau,1,0.000215
2027,Frau,2,0.00018
2027,Frau,3,0.000147
2027,Frau,4,0.000118
2027,Frau,5,9.2e-05
2027,Frau,6,6.9e-05
2027,Frau,7,5.1e-05
2027,Frau,8,3.8e-05
2027,Frau,9,3.2e-05
2027,Frau,10,3.3e-05
2027,Frau,11,4e-05
2027,Frau,12,5.2e-05
2027,Frau,13,6.8e-05
2027,Frau,14,8.5e-05
2027,Frau,15,0.000103
2027,Frau,16,0.00012
2027,Frau,17,0.000137
2027,Frau,18,0.000152
2027,Frau,19,0.000161
2027,Frau,20,0.000161
2027,Frau,21,0.000154
2027,Frau,22,0.000144
2027,Frau,23,0.000136
2027,Frau,24,0.000132
2027,Frau,25,0.000131
2027,Frau,26,0.000133
2027,Frau,27,0.000138
2027,Frau,28,0.000145
2027,Frau,29,0.000153
2027,Frau,30,0.000161
2027,Frau,31,0.000169
2027,Frau,32,0.000178
2027,Frau,33,0.000186
2027,Frau,34,0.000196
2027,Frau,35,0.000205
2027,Frau,36,0.000213
2027,Frau,37,0.000224
2027,Frau,38,0.000236
2027,Frau,39,0.000248
2027,Frau,40,0.000261
2027,Frau,41,0.000273
2027,Frau,42,0.000287
2027,Frau,43,0.000301
2027,Frau,44,0.000315
2027,Frau,45,0.000329
2027,Frau,46,0.000341
2027,Frau,47,0.000353
2027,Frau,48,0.000366
2027,Frau,49,0.000381
2027,Frau,50,0.000399
2027,Frau,51,0.000419
2027,Frau,52,0.00044
2027,Frau,53,0.000462
2027,Frau,54,0.000483
2027,Frau,55,0.000503
2027,Frau,56,0.000519
2027,Frau,57,0.000536
2027,Frau,58,0.000557
2027,Frau,59,0.000585
2027,Frau,60,0.000622
2027,Frau,61,0.000668
2027,Frau,62,0.000723
2027,Frau,63,0.000785
2027,Frau,64,0.000853
2027,Frau,65,0.000928
2027,Frau,66,0.001016
2027,Frau,67,0.001124
2027,Frau,68,0.001258
2027,Frau,69,0.001424
2027,Frau,70,0.001626
2027,Frau,71,0.001874
2027,Frau,72,0.002175
2027,Frau,73,0.00254
2027,Frau,74,0.002975
2027,Frau,75,0.003492
2027,Frau,76,0.004106
2027,Frau,77,0.004835
2027,Frau,78,0.005701
2027,Frau,79,0.006731
2027,Frau,80,0.007977
2027,Frau,81,0.00932
2027,Frau,82,0.010806
2027,Frau,83,0.012596
2027,Frau,84,0.01476
2027,Frau,85,0.017388
2027,Frau,86,0.020587
2027,Frau,87,0.024473
2027,Frau,88,0.029169
2027,Frau,89,0.034799
2027,Frau,90,0.04148
2027,Frau,91,0.049325
2027,Frau,92,0.058444
2027,Frau,93,0.068948
2027,Frau,94,0.080947
2027,Frau,95,0.094569
2027,Frau,96,0.109948
2027,Frau,97,0.127216
2027,Frau,98,0.146528
2027,Frau,99,0.168118
2027,Frau,100,0.192126
2027,Frau,101,0.218672
2027,Frau,102,0.247995
2027,Frau,103,0.280423
2027,Frau,104,0.316268
2027,Frau,105,0.355023
2027,Frau,106,0.396382
2027,Frau,107,0.442496
2027,Frau,108,0.491971
2027,Frau,109,0.544462
2027,Frau,110,0.599487
2027,Frau,111,0.65627
2027,Frau,112,0.713691
2027,Frau,113,0.770256
2027,Frau,114,0.824127
2027,Frau,115,0.873251
2027,Frau,116,0.915602
2027,Frau,117,0.949551
2027,Frau,118,0.974295
2027,Frau,119,0.990221
2027,Frau,120,1.0
2027,Mann,0,0.003722
2027,Mann,1,0.000161
2027,Mann,2,0.000143
2027,Mann,3,0.000124
2027,Mann,4,0.000105
2027,Mann,5,8.7e-05
2027,Mann,6,6.9e-05
2027,Mann,7,5.2e-05
2027,Mann,8,3.9e-05
2027,Mann,9,3.2e-05
2027,Mann,10,3.4e-05
2027,Mann,11,4.4e-05
2027,Mann,12,6.1e-05
2027,Mann,13,8.6e-05
2027,Mann,14,0.000119
2027,Mann,15,0.000161
2027,Mann,16,0.00021
2027,Mann,17,0.000256
2027,Mann,18,0.000293
2027,Mann,19,0.000319
2027,Mann,20,0.000331
2027,Mann,21,0.000333
2027,Mann,22,0.000331
2027,Mann,23,0.000327
2027,Mann,24,0.000324
2027,Mann,25,0.000324
2027,Mann,26,0.00033
2027,Mann,27,0.000338
2027,Mann,28,0.000347
2027,Mann,29,0.000355
2027,Mann,30,0.000361
2027,Mann,31,0.000362
2027,Mann,32,0.00036
2027,Mann,33,0.000357
2027,Mann,34,0.000356
2027,Mann,35,0.000358
2027,Mann,36,0.000365
2027,Mann,37,0.000375
2027,Mann,38,0.000389
2027,Mann,39,0.000403
2027,Mann,40,0.000418
2027,Mann,41,0.000432
2027,Mann,42,0.000443
2027,Mann,43,0.000453
2027,Mann,44,0.000463
2027,Mann,45,0.000478
2027,Mann,46,0.000502
2027,Mann,47,0.000532
2027,Mann,48,0.000566
2027,Mann,49,0.0006
2027,Mann,50,0.000633
2027,Mann,51,0.000662
2027,Mann,52,0.000689
2027,Mann,53,0.000715
2027,Mann,54,0.000742
2027,Mann,55,0.000774
2027,Mann,56,0.000808
2027,Mann,57,0.000844
2027,Mann,58,0.000884
2027,Mann,59,0.000933
2027,Mann,60,0.000991
2027,Mann,61,0.001059
2027,Mann,62,0.001137
2027,Mann,63,0.001223
2027,Mann,64,0.001315
2027,Mann,65,0.001415
2027,Mann,66,0.001528
2027,Mann,67,0.001662
2027,Mann,68,0.001827
2027,Mann,69,0.002036
2027,Mann,70,0.0023
2027,Mann,71,0.002631
2027,Mann,72,0.003038
2027,Mann,73,0.003532
2027,Mann,74,0.004121
2027,Mann,75,0.00482
2027,Mann,76,0.005649
2027,Mann,77,0.006632
2027,Mann,78,0.00792
2027,Mann,79,0.009425
2027,Mann,80,0.010831
2027,Mann,81,0.012504
2027,Mann,82,0.014513
2027,Mann,83,0.016942
2027,Mann,84,0.019884
2027,Mann,85,0.023437
2027,Mann,86,0.027708
2027,Mann,87,0.032835
2027,Mann,88,0.038993
2027,Mann,89,0.046395
2027,Mann,90,0.055259
2027,Mann,91,0.065803
2027,Mann,92,0.078193
2027,Mann,93,0.092574
2027,Mann,94,0.109091
2027,Mann,95,0.127824
2027,Mann,96,0.14888
2027,Mann,97,0.172656
2027,Mann,98,0.199749
2027,Mann,99,0.230924
2027,Mann,100,0.266643
2027,Mann,101,0.307106
2027,Mann,102,0.351883
2027,Mann,103,0.401179
2027,Mann,104,0.45881
2027,Mann,105,0.528035
2027,Mann,106,0.584193
2027,Mann,107,0.642351
2027,Mann,108,0.701302
2027,Mann,109,0.759421
2027,Mann,110,0.814718
2027,Mann,111,0.865004
2027,Mann,112,0.908191
2027,Mann,113,0.942701
2027,Mann,114,0.967886
2027,Mann,115,0.984284
2027,Mann,116,0.993529
2027,Mann,117,0.997871
2027,Mann,118,0.999484
2027,Mann,119,0.999922
2027,Mann,120,1.0
2028,Frau,0,0.002804
2028,Frau,1,0.000214
2028,Frau,2,0.000179
2028,Frau,3,0.000147
2028,Frau,4,0.000118
2028,Frau,5,9.2e-05
2028,Frau,6,6.9e-05
2028,Frau,7,5e-05
2028,Frau,8,3.8e-05
2028,Frau,9,3.2e-05
2028,Frau,10,3.3e-05
2028,Frau,11,3.9e-05
2028,Frau,12,5.2e-05
2028,Frau,13,6.7e-05
2028,Frau,14,8.5e-05
2028,Frau,15,0.000102
2028,Frau,16,0.00012
2028,Frau,17,0.000137
2028,Frau,18,0.000152
2028,Frau,19,0.000161
2028,Frau,20,0.00016
2028,Frau,21,0.000153
2028,Frau,22,0.000144
2028,Frau,23,0.000136
2028,Frau,24,0.000131
2028,Frau,25,0.000131
2028,Frau,26,0.000133
2028,Frau,27,0.000138
2028,Frau,28,0.000145
2028,Frau,29,0.000153
2028,Frau,30,0.000161
2028,Frau,31,0.000169
2028,Frau,32,0.000177
2028,Frau,33,0.000186
2028,Frau,34,0.000195
2028,Frau,35,0.000203
2028,Frau,36,0.000212
2028,Frau,37,0.000222
2028,Frau,38,0.000234
2028,Frau,39,0.000246
2028,Frau,40,0.000258
2028,Frau,41,0.000271
2028,Frau,42,0.000284
2028,Frau,43,0.000298
2028,Frau,44,0.000312
2028,Frau,45,0.000325
2028,Frau,46,0.000337
2028,Frau,47,0.000348
2028,Frau,48,0.000361
2028,Frau,49,0.000375
2028,Frau,50,0.000392
2028,Frau,51,0.000411
2028,Frau,52,0.000432
2028,Frau,53,0.000453
2028,Frau,54,0.000473
2028,Frau,55,0.000491
2028,Frau,56,0.000506
2028,Frau,57,0.000522
2028,Frau,58,0.000542
2028,Frau,59,0.000569
2028,Frau,60,0.000605
2028,Frau,61,0.000649
2028,Frau,62,0.000702
2028,Frau,63,0.000762
2028,Frau,64,0.000828
2028,Frau,65,0.000902
2028,Frau,66,0.000988
2028,Frau,67,0.001094
2028,Frau,68,0.001227
2028,Frau,69,0.001391
2028,Frau,70,0.001593
2028,Frau,71,0.001838
2028,Frau,72,0.002139
2028,Frau,73,0.0025
2028,Frau,74,0.00293
2028,Frau,75,0.00344
2028,Frau,76,0.004046
2028,Frau,77,0.004766
2028,Frau,78,0.005623
2028,Frau,79,0.006641
2028,Frau,80,0.007873
2028,Frau,81,0.009203
2028,Frau,82,0.010674
2028,Frau,83,0.012447
2028,Frau,84,0.014591
2028,Frau,85,0.017196
2028,Frau,86,0.020366
2028,Frau,87,0.024219
2028,Frau,88,0.028878
2028,Frau,89,0.034465
2028,Frau,90,0.041096
2028,Frau,91,0.048887
2028,Frau,92,0.057947
2028,Frau,93,0.068388
2028,Frau,94,0.080323
2028,Frau,95,0.093878
2028,Frau,96,0.109191
2028,Frau,97,0.126393
2028,Frau,98,0.145644
2028,Frau,99,0.167178
2028,Frau,100,0.191135
2028,Frau,101,0.21764
2028,Frau,102,0.246934
2028,Frau,103,0.279345
2028,Frau,104,0.315188
2028,Frau,105,0.35396
2028,Frau,106,0.395361
2028,Frau,107,0.44153
2028,Frau,108,0.491082
2028,Frau,109,0.543671
2028,Frau,110,0.598812
2028,Frau,111,0.655726
2028,Frau,112,0.713285
2028,Frau,113,0.769986
2028,Frau,114,0.82398
2028,Frau,115,0.873204
2028,Frau,116,0.915621
2028,Frau,117,0.949601
2028,Frau,118,0.974344
2028,Frau,119,0.990248
2028,Frau,120,1.0
2028,Mann,0,0.003711
2028,Mann,1,0.00016
2028,Mann,2,0.000142
2028,Mann,3,0.000124
2028,Mann,4,0.000105
2028,Mann,5,8.7e-05
2028,Mann,6,6.8e-05
2028,Mann,7,5.2e-05
2028,Mann,8,3.9e-05
2028,Mann,9,3.2e-05
2028,Mann,10,3.4e-05
2028,Mann,11,4.4e-05
2028,Mann,12,6.1e-05
2028,Mann,13,8.6e-05
2028,Mann,14,0.000119
2028,Mann,15,0.000161
2028,Mann,16,0.000209
2028,Mann,17,0.000255
2028,Mann,18,0.000293
2028,Mann,19,0.000318
2028,Mann,20,0.00033
2028,Mann,21,0.000332
2028,Mann,22,0.00033
2028,Mann,23,0.000326
2028,Mann,24,0.000323
2028,Mann,25,0.000323
2028,Mann,26,0.000328
2028,Mann,27,0.000337
2028,Mann,28,0.000346
2028,Mann,29,0.000353
2028,Mann,30,0.000359
2028,Mann,31,0.00036
2028,Mann,32,0.000358
2028,Mann,33,0.000355
2028,Mann,34,0.000354
2028,Mann,35,0.000356
2028,Mann,36,0.000362
2028,Mann,37,0.000373
2028,Mann,38,0.000386
2028,Mann,39,0.0004
2028,Mann,40,0.000414
2028,Mann,41,0.000428
2028,Mann,42,0.000439
2028,Mann,43,0.000448
2028,Mann,44,0.000458
2028,Mann,45,0.000472
2028,Mann,46,0.000495
2028,Mann,47,0.000524
2028,Mann,48,0.000557
2028,Mann,49,0.000591
2028,Mann,50,0.000622
2028,Mann,51,0.000651
2028,Mann,52,0.000676
2028,Mann,53,0.0007
2028,Mann,54,0.000727
2028,Mann,55,0.000757
2028,Mann,56,0.000789
2028,Mann,57,0.000823
2028,Mann,58,0.000861
2028,Mann,59,0.000907
2028,Mann,60,0.000963
2028,Mann,61,0.001028
2028,Mann,62,0.001102
2028,Mann,63,0.001185
2028,Mann,64,0.001273
2028,Mann,65,0.00137
2028,Mann,66,0.00148
2028,Mann,67,0.001612
2028,Mann,68,0.001775
2028,Mann,69,0.001982
2028,Mann,70,0.002245
2028,Mann,71,0.002573
2028,Mann,72,0.002979
2028,Mann,73,0.003466
2028,Mann,74,0.004045
2028,Mann,75,0.004734
2028,Mann,76,0.005551
2028,Mann,77,0.006521
2028,Mann,78,0.007791
2028,Mann,79,0.009277
2028,Mann,80,0.010666
2028,Mann,81,0.012319
2028,Mann,82,0.014305
2028,Mann,83,0.016707
2028,Mann,84,0.019618
2028,Mann,85,0.023136
2028,Mann,86,0.027366
2028,Mann,87,0.032447
2028,Mann,88,0.038552
2028,Mann,89,0.045894
2028,Mann,90,0.05469
2028,Mann,91,0.065159
2028,Mann,92,0.077467
2028,Mann,93,0.091763
2028,Mann,94,0.108192
2028,Mann,95,0.126838
2028,Mann,96,0.147811
2028,Mann,97,0.171511
2028,Mann,98,0.198533
2028,Mann,99,0.229644
2028,Mann,100,0.265309
2028,Mann,101,0.305734
2028,Mann,102,0.350499
2028,Mann,103,0.399814
2028,Mann,104,0.457475
2028,Mann,105,0.526734
2028,Mann,106,0.583049
2028,Mann,107,0.641392
2028,Mann,108,0.700549
2028,Mann,109,0.758881
2028,Mann,110,0.814381
2028,Mann,111,0.864843
2028,Mann,112,0.908163
2028,Mann,113,0.942753
2028,Mann,114,0.967969
2028,Mann,115,0.984359
2028,Mann,116,0.993579
2028,Mann,117,0.997896
2028,Mann,118,0.999492
2028,Mann,119,0.999924
2028,Mann,120,1.0
2029,Frau,0,0.002796
2029,Frau,1,0.000214
2029,Frau,2,0.000179
2029,Frau,3,0.000146
2029,Frau,4,0.000118
2029,Frau,5,9.2e-05
2029,Frau,6,6.9e-05
2029,Frau,7,5e-05
2029,Frau,8,3.8e-05
2029,Frau,9,3.2e-05
2029,Frau,10,3.3e-05
2029,Frau,11,3.9e-05
2029,Frau,12,5.1e-05
2029,Frau,13,6.7e-05
2029,Frau,14,8.5e-05
2029,Frau,15,0.000102
2029,Frau,16,0.00012
2029,Frau,17,0.000137
2029,Frau,18,0.000152
2029,Frau,19,0.00016
2029,Frau,20,0.00016
2029,Frau,21,0.000153
2029,Frau,22,0.000143
2029,Frau,23,0.000135
2029,Frau,24,0.000131
2029,Frau,25,0.00013
2029,Frau,26,0.000133
2029,Frau,27,0.000138
2029,Frau,28,0.000144
2029,Frau,29,0.000152
2029,Frau,30,0.00016
2029,Frau,31,0.000168
2029,Frau,32,0.000176
2029,Frau,33,0.000185
2029,Frau,34,0.000194
2029,Frau,35,0.000202
2029,Frau,36,0.000211
2029,Frau,37,0.000221
2029,Frau,38,0.000232
2029,Frau,39,0.000244
2029,Frau,40,0.000256
2029,Frau,41,0.000268
2029,Frau,42,0.000281
2029,Frau,43,0.000295
2029,Frau,44,0.000308
2029,Frau,45,0.000321
2029,Frau,46,0.000332
2029,Frau,47,0.000343
2029,Frau,48,0.000355
2029,Frau,49,0.000369
2029,Frau,50,0.000386
2029,Frau,51,0.000404
2029,Frau,52,0.000424
2029,Frau,53,0.000443
2029,Frau,54,0.000463
2029,Frau,55,0.00048
2029,Frau,56,0.000494
2029,Frau,57,0.000509
2029,Frau,58,0.000528
2029,Frau,59,0.000554
2029,Frau,60,0.000588
2029,Frau,61,0.000631
2029,Frau,62,0.000682
2029,Frau,63,0.00074
2029,Frau,64,0.000803
2029,Frau,65,0.000876
2029,Frau,66,0.00096
2029,Frau,67,0.001066
2029,Frau,68,0.001197
2029,Frau,69,0.00136
2029,Frau,70,0.00156
2029,Frau,71,0.001806
2029,Frau,72,0.002105
2029,Frau,73,0.002461
2029,Frau,74,0.002885
2029,Frau,75,0.003389
2029,Frau,76,0.003988
2029,Frau,77,0.0047
2029,Frau,78,0.005546
2029,Frau,79,0.006553
2029,Frau,80,0.007772
2029,Frau,81,0.009087
2029,Frau,82,0.010544
2029,Frau,83,0.0123
2029,Frau,84,0.014425
2029,Frau,85,0.017006
2029,Frau,86,0.02015
2029,Frau,87,0.02397
2029,Frau,88,0.028591
2029,Frau,89,0.034134
2029,Frau,90,0.040717
2029,Frau,91,0.048454
2029,Frau,92,0.057457
2029,Frau,93,0.067835
2029,Frau,94,0.079705
2029,Frau,95,0.093195
2029,Frau,96,0.108442
2029,Frau,97,0.12558
2029,Frau,98,0.144769
2029,Frau,99,0.166246
2029,Frau,100,0.190154
2029,Frau,101,0.216619
2029,Frau,102,0.245884
2029,Frau,103,0.278278
2029,Frau,104,0.314118
2029,Frau,105,0.352908
2029,Frau,106,0.39435
2029,Frau,107,0.440574
2029,Frau,108,0.490201
2029,Frau,109,0.542887
2029,Frau,110,0.598144
2029,Frau,111,0.655187
2029,Frau,112,0.712883
2029,Frau,113,0.769718
2029,Frau,114,0.823835
2029,Frau,115,0.873157
2029,Frau,116,0.915641
2029,Frau,117,0.949651
2029,Frau,118,0.974392
2029,Frau,119,0.990274
2029,Frau,120,1.0
2029,Mann,0,0.0037
2029,Mann,1,0.00016
2029,Mann,2,0.000142
2029,Mann,3,0.000123
2029,Mann,4,0.000105
2029,Mann,5,8.6e-05
2029,Mann,6,6.8e-05
2029,Mann,7,5.1e-05
2029,Mann,8,3.9e-05
2029,Mann,9,3.2e-05
2029,Mann,10,3.4e-05
2029,Mann,11,4.4e-05
2029,Mann,12,6.1e-05
2029,Mann,13,8.6e-05
2029,Mann,14,0.000119
2029,Mann,15,0.000161
2029,Mann,16,0.000209
2029,Mann,17,0.000255
2029,Mann,18,0.000292
2029,Mann,19,0.000317
2029,Mann,20,0.000329
2029,Mann,21,0.000331
2029,Mann,22,0.000329
2029,Mann,23,0.000325
2029,Mann,24,0.000322
2029,Mann,25,0.000322
2029,Mann,26,0.000327
2029,Mann,27,0.000336
2029,Mann,28,0.000344
2029,Mann,29,0.000352
2029,Mann,30,0.000357
2029,Mann,31,0.000358
2029,Mann,32,0.000356
2029,Mann,33,0.000353
2029,Mann,34,0.000352
2029,Mann,35,0.000354
2029,Mann,36,0.00036
2029,Mann,37,0.00037
2029,Mann,38,0.000383
2029,Mann,39,0.000397
2029,Mann,40,0.000411
2029,Mann,41,0.000424
2029,Mann,42,0.000434
2029,Mann,43,0.000443
2029,Mann,44,0.000453
2029,Mann,45,0.000467
2029,Mann,46,0.000489
2029,Mann,47,0.000517
2029,Mann,48,0.000549
2029,Mann,49,0.000582
2029,Mann,50,0.000612
2029,Mann,51,0.000639
2029,Mann,52,0.000664
2029,Mann,53,0.000686
2029,Mann,54,0.000711
2029,Mann,55,0.00074
2029,Mann,56,0.00077
2029,Mann,57,0.000802
2029,Mann,58,0.000838
2029,Mann,59,0.000882
2029,Mann,60,0.000936
2029,Mann,61,0.000998
2029,Mann,62,0.001069
2029,Mann,63,0.001148
2029,Mann,64,0.001233
2029,Mann,65,0.001326
2029,Mann,66,0.001433
2029,Mann,67,0.001563
2029,Mann,68,0.001725
2029,Mann,69,0.00193
2029,Mann,70,0.002191
2029,Mann,71,0.00252
2029,Mann,72,0.002921
2029,Mann,73,0.003401
2029,Mann,74,0.003972
2029,Mann,75,0.00465
2029,Mann,76,0.005455
2029,Mann,77,0.006412
2029,Mann,78,0.007665
2029,Mann,79,0.009131
2029,Mann,80,0.010503
2029,Mann,81,0.012137
2029,Mann,82,0.0141
2029,Mann,83,0.016476
2029,Mann,84,0.019357
2029,Mann,85,0.02284
2029,Mann,86,0.02703
2029,Mann,87,0.032065
2029,Mann,88,0.038117
2029,Mann,89,0.045399
2029,Mann,90,0.054129
2029,Mann,91,0.064523
2029,Mann,92,0.07675
2029,Mann,93,0.090961
2029,Mann,94,0.107302
2029,Mann,95,0.125861
2029,Mann,96,0.146752
2029,Mann,97,0.170376
2029,Mann,98,0.197327
2029,Mann,99,0.228373
2029,Mann,100,0.263984
2029,Mann,101,0.30437
2029,Mann,102,0.349123
2029,Mann,103,0.398454
2029,Mann,104,0.456144
2029,Mann,105,0.525435
2029,Mann,106,0.581905
2029,Mann,107,0.640432
2029,Mann,108,0.699793
2029,Mann,109,0.758336
2029,Mann,110,0.81404
2029,Mann,111,0.864677
2029,Mann,112,0.90813
2029,Mann,113,0.942802
2029,Mann,114,0.968049
2029,Mann,115,0.984433
2029,Mann,116,0.993628
2029,Mann,117,0.99792
2029,Mann,118,0.9995
2029,Mann,119,0.999925
2029,Mann,120,1.0
2030,Frau,0,0.002789
2030,Frau,1,0.000213
2030,Frau,2,0.000178
2030,Frau,3,0.000146
2030,Frau,4,0.000117
2030,Frau,5,9.1e-05
2030,Frau,6,6.9e-05
2030,Frau,7,5e-05
2030,Frau,8,3.8e-05
2030,Frau,9,3.2e-05
2030,Frau,10,3.3e-05
2030,Frau,11,3.9e-05
2030,Frau,12,5.1e-05
2030,Frau,13,6.7e-05
2030,Frau,14,8.5e-05
2030,Frau,15,0.000102
2030,Frau,16,0.000119
2030,Frau,17,0.000136
2030,Frau,18,0.000151
2030,Frau,19,0.00016
2030,Frau,20,0.000159
2030,Frau,21,0.000152
2030,Frau,22,0.000143
2030,Frau,23,0.000135
2030,Frau,24,0.000131
2030,Frau,25,0.00013
2030,Frau,26,0.000132
2030,Frau,27,0.000137
2030,Frau,28,0.000144
2030,Frau,29,0.000152
2030,Frau,30,0.000159
2030,Frau,31,0.000167
2030,Frau,32,0.000175
2030,Frau,33,0.000184
2030,Frau,34,0.000193
2030,Frau,35,0.000201
2030,Frau,36,0.00021
2030,Frau,37,0.000219
2030,Frau,38,0.000231
2030,Frau,39,0.000243
2030,Frau,40,0.000254
2030,Frau,41,0.000266
2030,Frau,42,0.000279
2030,Frau,43,0.000292
2030,Frau,44,0.000305
2030,Frau,45,0.000317
2030,Frau,46,0.000328
2030,Frau,47,0.000339
2030,Frau,48,0.00035
2030,Frau,49,0.000364
2030,Frau,50,0.000379
2030,Frau,51,0.000397
2030,Frau,52,0.000415
2030,Frau,53,0.000434
2030,Frau,54,0.000453
2030,Frau,55,0.000469
2030,Frau,56,0.000482
2030,Frau,57,0.000496
2030,Frau,58,0.000514
2030,Frau,59,0.000539
2030,Frau,60,0.000571
2030,Frau,61,0.000612
2030,Frau,62,0.000662
2030,Frau,63,0.000717
2030,Frau,64,0.000779
2030,Frau,65,0.00085
2030,Frau,66,0.000933
2030,Frau,67,0.001037
2030,Frau,68,0.001167
2030,Frau,69,0.001329
2030,Frau,70,0.001531
2030,Frau,71,0.001777
2030,Frau,72,0.002072
2030,Frau,73,0.002423
2030,Frau,74,0.002842
2030,Frau,75,0.003339
2030,Frau,76,0.003931
2030,Frau,77,0.004634
2030,Frau,78,0.005471
2030,Frau,79,0.006467
2030,Frau,80,0.007672
2030,Frau,81,0.008974
2030,Frau,82,0.010417
2030,Frau,83,0.012156
2030,Frau,84,0.014262
2030,Frau,85,0.01682
2030,Frau,86,0.019936
2030,Frau,87,0.023725
2030,Frau,88,0.028308
2030,Frau,89,0.033809
2030,Frau,90,0.040344
2030,Frau,91,0.048027
2030,Frau,92,0.056972
2030,Frau,93,0.067289
2030,Frau,94,0.079095
2030,Frau,95,0.092519
2030,Frau,96,0.107701
2030,Frau,97,0.124775
2030,Frau,98,0.143904
2030,Frau,99,0.165325
2030,Frau,100,0.189183
2030,Frau,101,0.215608
2030,Frau,102,0.244843
2030,Frau,103,0.277221
2030,Frau,104,0.313058
2030,Frau,105,0.351866
2030,Frau,106,0.393349
2030,Frau,107,0.439626
2030,Frau,108,0.489328
2030,Frau,109,0.542111
2030,Frau,110,0.597482
2030,Frau,111,0.654654
2030,Frau,112,0.712485
2030,Frau,113,0.769454
2030,Frau,114,0.823692
2030,Frau,115,0.873112
2030,Frau,116,0.91566
2030,Frau,117,0.9497
2030,Frau,118,0.974439
2030,Frau,119,0.990299
2030,Frau,120,1.0
2030,Mann,0,0.00369
2030,Mann,1,0.000159
2030,Mann,2,0.000141
2030,Mann,3,0.000123
2030,Mann,4,0.000104
2030,Mann,5,8.6e-05
2030,Mann,6,6.8e-05
2030,Mann,7,5.1e-05
2030,Mann,8,3.8e-05
2030,Mann,9,3.1e-05
2030,Mann,10,3.4e-05
2030,Mann,11,4.4e-05
2030,Mann,12,6.1e-05
2030,Mann,13,8.5e-05
2030,Mann,14,0.000118
2030,Mann,15,0.00016
2030,Mann,16,0.000208
2030,Mann,17,0.000254
2030,Mann,18,0.000291
2030,Mann,19,0.000316
2030,Mann,20,0.000328
2030,Mann,21,0.00033
2030,Mann,22,0.000328
2030,Mann,23,0.000324
2030,Mann,24,0.000321
2030,Mann,25,0.000321
2030,Mann,26,0.000326
2030,Mann,27,0.000334
2030,Mann,28,0.000343
2030,Mann,29,0.00035
2030,Mann,30,0.000355
2030,Mann,31,0.000356
2030,Mann,32,0.000354
2030,Mann,33,0.000351
2030,Mann,34,0.00035
2030,Mann,35,0.000352
2030,Mann,36,0.000358
2030,Mann,37,0.000368
2030,Mann,38,0.00038
2030,Mann,39,0.000394
2030,Mann,40,0.000407
2030,Mann,41,0.00042
2030,Mann,42,0.00043
2030,Mann,43,0.000439
2030,Mann,44,0.000448
2030,Mann,45,0.000461
2030,Mann,46,0.000483
2030,Mann,47,0.00051
2030,Mann,48,0.000541
2030,Mann,49,0.000573
2030,Mann,50,0.000602
2030,Mann,51,0.000628
2030,Mann,52,0.000651
2030,Mann,53,0.000673
2030,Mann,54,0.000696
2030,Mann,55,0.000723
2030,Mann,56,0.000752
2030,Mann,57,0.000782
2030,Mann,58,0.000816
2030,Mann,59,0.000858
2030,Mann,60,0.000908
2030,Mann,61,0.000968
2030,Mann,62,0.001035
2030,Mann,63,0.001111
2030,Mann,64,0.001192
2030,Mann,65,0.001283
2030,Mann,66,0.001387
2030,Mann,67,0.001515
2030,Mann,68,0.001675
2030,Mann,69,0.001879
2030,Mann,70,0.002142
2030,Mann,71,0.002471
2030,Mann,72,0.002866
2030,Mann,73,0.003338
2030,Mann,74,0.0039
2030,Mann,75,0.004568
2030,Mann,76,0.005362
2030,Mann,77,0.006305
2030,Mann,78,0.007541
2030,Mann,79,0.008988
2030,Mann,80,0.010344
2030,Mann,81,0.011959
2030,Mann,82,0.0139
2030,Mann,83,0.01625
2030,Mann,84,0.019101
2030,Mann,85,0.022549
2030,Mann,86,0.026699
2030,Mann,87,0.031688
2030,Mann,88,0.037688
2030,Mann,89,0.044912
2030,Mann,90,0.053575
2030,Mann,91,0.063894
2030,Mann,92,0.076041
2030,Mann,93,0.090167
2030,Mann,94,0.106421
2030,Mann,95,0.124894
2030,Mann,96,0.145703
2030,Mann,97,0.16925
2030,Mann,98,0.196131
2030,Mann,99,0.227112
2030,Mann,100,0.262668
2030,Mann,101,0.303014
2030,Mann,102,0.347753
2030,Mann,103,0.3971
2030,Mann,104,0.454817
2030,Mann,105,0.524138
2030,Mann,106,0.580761
2030,Mann,107,0.639471
2030,Mann,108,0.699035
2030,Mann,109,0.757789
2030,Mann,110,0.813694
2030,Mann,111,0.864508
2030,Mann,112,0.908094
2030,Mann,113,0.942847
2030,Mann,114,0.968126
2030,Mann,115,0.984504
2030,Mann,116,0.993675
2030,Mann,117,0.997943
2030,Mann,118,0.999508
2030,Mann,119,0.999927
2030,Mann,120,1.0
